visit_id,patient_id,visit_date,age,gender,symptoms,department,urgency_level,temperature,heart_rate,blood_pressure,spo2,waiting_time_min,notes
V00001,P0001,2025-07-23,30.0,female,throat ache,general medicine,Low,37.8C,77.0,118/80,98.0,72,pt reports throat ache
V00002,P0002,2025-09-17,55.0,F,nausea/vomiting,gastro dept,Low,102.7F,68.0,128-66,97.0,103,pt reports N/V since last nite
V00003,P0003,2025-04-19,6.0,M,bak pain,A&E,Medium,103.6F,75.0,151-80,99.0,34,lower bak pain since 2 days
V00004,P0003,2025-10-18,6.0,M,,Gen Med,Low,38.2C,79.0,158 over 89,96.0,107,vertigo like symptoms
V00005,P0004,2025-11-15,84.0,F,fatigue,general medicine,Low,38.7C,85.0,111-85,99.0,110,extreme tiredness
V00006,P0005,2025-07-12,63.0,Female,coughing,Pulmo,Medium,37.7C,75.0,126-79,,20,cough with mild fever
V00007,P0006,2025-08-02,48.0,Female,Cough,Pulmonology,Low,40.2C,65.0,122 over 90,100.0,118,persistent coughing
V00008,P0007,2025-02-06,18.0,male,Chest Pain,Cardio,High,39.3C,118.0,125-76,93.0,30,pt has chst pain frm morning
V00009,P0008,2025-01-27,79.0,F,,ENT,Low,104.7F,70.0,159 over 95,98.0,89,throat pain while swallowing
V00010,P0009,2025-07-18,6.0,M,dry cough,pulmonology,Medium,38.3C,92.0,155 over 90,97.0,50,persistent coughing
V00011,P0010,2025-04-13,66.0,female,head-ache,General Medicine,Medium,39.4C,84.0,138 over 80,95.0,25,severe headache since morning
V00012,P0011,2025-12-21,73.0,M,lightheaded,general medicine,Low,97.2F,66.0,124-83,100.0,119,lightheaded on standing
V00013,P0011,2025-03-15,73.0,M,chestpain,cardiology,High,37.2C,117.0,101-84,96.0,22,pt has chst pain frm morning
V00014,P0012,2025-09-04,28.0,M,hedache,Neurology,Low,99.1F,65.0,155-91,95.0,51,hedache for 3 days
V00015,P0013,2025-07-15,86.0,Female,sore throat,Ear Nose Throat,Low,40.3C,85.0,108-70,97.0,56,pt reports throat ache
V00016,P0013,2025-01-20,86.0,Female,dizzy,neuro dept,Low,39.5C,85.0,110 over 67,96.0,500,lightheaded on standing
V00017,P0014,2025-12-20,88.0,male,fever,ER,Medium,39.5C,95.0,151-62,96.0,29,pt reports fever and chills
V00018,P0015,2025-03-27,9.0,female,short of breath,Emergency,High,39.4C,97.0,126-79,95.0,29,breathlessness since morning
V00019,P0016,2025-01-27,,Female,throat ache,ent dept,Low,104.4F,67.0,147/65,96.0,82,pt reports throat ache
V00020,P0017,2025-01-16,45.0,Male,Fever,,Low,38.1C,80.0,117 over 94,98.0,98,pt reports fever and chills
V00021,P0017,2025-08-17,45.0,Male,breathlessness,Pulmo,High,36.2C,110.0,153 over 71,92.0,24,sob while walking
V00022,P0018,2025-01-13,69.0,M,sore throut,General Medicine,Low,39.0C,85.0,151 over 82,100.0,76,pt reports throat ache
V00023,P0019,2025-12-22,,F,Fever,Emergency Dept,Medium,36.6C,82.0,129-94,98.0,36,pt reports fever and chills
V00024,P0020,2025-12-24,57.0,male,dizziness,,Low,39.8C,65.0,147/83,98.0,112,lightheaded on standing
V00025,P0021,2025-03-01,20.0,male,sore throat,general medicine,Low,39.6C,75.0,100 over 82,95.0,120,sore throut since yesterday
V00026,P0021,2025-08-09,20.0,male,abdo pain,General Medicine,Medium,37.5C,98.0,154-79,97.0,43,stomach ache since last night
V00027,P0022,2025-04-09,12.0,M,chestpain,Cardiology,High,104.2F,115.0,116 over 69,95.0,28,pain in chest while walking
V00028,P0022,2025-09-05,12.0,M,breathlessness,pulmonology,Critical,39.1C,128.0,102-68,91.0,5,difficulty breathing since last night
V00029,P0023,2025-10-24,24.0,M,,Gen Med,Medium,36.2C,81.0,107/64,97.0,55,pt reports lumbar pain
V00030,P0024,2025-12-05,86.0,F,cough,General Medicine,Low,36.9C,62.0,108/82,95.0,95,cough with mild fever
V00031,P0025,2025-01-15,87.0,female,nausea/vomiting,general medicine,Medium,39.8C,96.0,101/62,100.0,28,nausea with vomiting
V00032,P0026,2025-02-12,62.0,M,sore throut,general medicine,Low,37.4C,75.0,150-98,95.0,42,pt reports throat ache
V00033,P0027,2025-03-26,66.0,M,fevr,Emergency Dept,Medium,97.5F,82.0,125/89,97.0,31,high fevr since yesterday
V00034,P0028,2025-08-06,15.0,M,breathlessness,A&E,High,99.1F,112.0,118/81,90.0,30,breathlessness since morning
V00035,P0029,2025-08-23,13.0,Male,lumbar pain,A&E,Low,36.2C,75.0,117/79,97.0,76,lower bak pain since 2 days
V00036,P0030,2025-08-07,14.0,female,Sore Throat,ent dept,Low,102.0F,77.0,131-75,100.0,67,pt reports throat ache
V00037,P0031,2025-06-12,89.0,female,Fatigue,general medicine,Low,38.8C,60.0,112 over 89,95.0,75,fatigue and lethargy
V00038,P0032,2025-11-15,,Female,lightheaded,Neuro,Low,37.6C,68.0,110/63,95.0,48,lightheaded on standing
V00039,P0033,2025-07-23,17.0,male,fevr,general medicine,Low,38.1C,80.0,121 over 71,95.0,80,pt reports fever and chills
V00040,P0033,2025-07-18,17.0,male,bak pain,general medicine,Medium,37.6C,100.0,160/84,100.0,47,back pain while sitting
V00041,P0034,2025-05-13,70.0,Female,head-ache,general medicine,Medium,99.1F,91.0,145/82,99.0,54,migraine like symptoms
V00042,P0035,2025-12-10,26.0,Female,sore throut,General Medicine,Low,103.6F,65.0,126 over 71,95.0,95,throat pain while swallowing
V00043,P0035,2025-11-26,26.0,Female,N/V,Gastroenterology,Low,38.4C,79.0,152-92,95.0,114,feeling sick after meals
V00044,P0036,2025-12-24,43.0,F,weakness,,Medium,100.4F,92.0,104/68,97.0,53,fatigue and lethargy
V00045,P0037,2025-12-20,87.0,M,SOB,Pulmonology,High,37.1C,113.0,133/75,94.0,20,breathlessness since morning
V00046,P0037,2025-11-09,87.0,M,sore throat,general medicine,Low,,71.0,106-94,96.0,110,pt reports throat ache
V00047,P0038,2025-12-19,10.0,male,chst pain,Cardiology,High,98.4F,115.0,101/71,91.0,23,pt has chst pain frm morning
V00048,P0039,2025-03-16,85.0,F,Dizziness,General Medicine,Low,40.1C,82.0,116/64,97.0,68,pt feels dizzy since mornng
V00049,P0040,2025-02-25,53.0,F,hedache,General Medicine,Medium,98.2F,94.0,140 over 73,95.0,57,severe headache since morning
V00050,P0040,2025-01-01,53.0,F,lethargy,CARDIO,Low,40.2C,61.0,146 over 70,96.0,116,pt reports weakness since 3 days
V00051,P0041,2025-10-18,29.0,female,chestpain,cardiology,High,103.8F,105.0,128/66,96.0,26,pt has chst pain frm morning
V00052,P0042,2025-12-31,55.0,F,Head Ache,,Low,103.8F,66.0,129/72,99.0,61,migraine like symptoms
V00053,P0043,2025-06-11,83.0,F,head-ache,Gen Med,Low,99.1F,80.0,104-74,96.0,115,migraine like symptoms
V00054,P0043,2025-07-06,83.0,F,hedache,neuro dept,Low,38.0C,71.0,138 over 96,100.0,95,migraine like symptoms
V00055,P0044,2025-12-16,28.0,male,lower back pain,Gen Med,Medium,38.7C,96.0,115/83,98.0,31,pt reports lumbar pain
V00056,P0044,2025-05-22,28.0,male,chestpain,Emergency Dept,Critical,36.8C,119.0,100/95,91.0,1,pain in chest while walking
V00057,P0044,2025-11-23,28.0,male,difficulty breathing,Pulmonology,High,39.1C,104.0,109/68,92.0,26,breathlessness since morning
V00058,P0045,2025-02-16,28.0,Male,lower back pain,Emergency Dept,Low,39.3C,64.0,156-83,97.0,104,back pain while sitting
V00059,P0045,2025-08-20,28.0,Male,vertigo,Neurology,Low,100.0F,60.0,102 over 98,99.0,83,pt feels dizzy since mornng
V00060,P0045,2025-04-07,28.0,Male,nausea,gastro dept,Medium,98.6F,96.0,153/77,100.0,50,pt reports N/V since last nite
V00061,P0046,2025-05-10,65.0,F,chst pain,Cardiology,High,36.5C,99.0,141-75,90.0,22,chest pain since 2 hrs
V00062,P0046,2025-05-14,65.0,F,N/V,Gastro,Low,39.1C,61.0,151-68,99.0,93,pt reports N/V since last nite
V00063,P0047,2025-03-23,86.0,male,chst pain,ER,High,104.4F,114.0,133/66,95.0,26,pain in chest while walking
V00064,P0048,2025-08-22,20.0,Female,chest pain,CARDIO,Critical,103.1F,148.0,118 over 83,88.0,2,pain in chest while walking
V00065,P0049,2025-12-20,17.0,male,lumbar pain,general medicine,Medium,99.7F,91.0,108/91,97.0,26,pt reports lumbar pain
V00066,P0050,2025-06-05,88.0,M,chestpain,A&E,Critical,37.0C,130.0,132-62,85.0,7,pt has chst pain frm morning
V00067,P0051,2025-01-02,47.0,F,nausea,Gen Med,Low,39.1C,76.0,159/85,100.0,86,pt reports N/V since last nite
V00068,P0052,2025-12-05,27.0,Male,tiredness,Cardio,Low,37.0C,61.0,139-77,98.0,65,pt reports weakness since 3 days
V00069,P0053,2025-04-20,66.0,Female,shortness of breath,A&E,Critical,39.4C,,148 over 91,89.0,4,breathlessness since morning
V00070,P0053,2025-08-29,,Female,abd pain,general medicine,Medium,37.9C,85.0,146 over 97,97.0,42,stomach ache since last night
V00071,P0054,2025-07-10,62.0,F,breathlessness,Pulmonology,Critical,103.1F,121.0,151/76,88.0,11,difficulty breathing since last night
V00072,P0055,2025-10-22,54.0,M,sore throut,general medicine,Low,97.7F,63.0,133-87,97.0,71,throat pain while swallowing
V00073,P0056,2025-05-08,14.0,Female,Dizziness,Neurology,Medium,37.0C,88.0,135 over 69,100.0,20,lightheaded on standing
V00074,P0057,2025-11-13,39.0,F,lightheaded,General Medicine,Medium,36.6C,75.0,113 over 85,99.0,52,vertigo like symptoms
V00075,P0057,2025-09-28,39.0,F,breathlessness,Pulmonology,Critical,102.9F,130.0,125/97,91.0,8,difficulty breathing since last night
V00076,P0057,2025-09-30,39.0,F,hedache,General Medicine,Low,103.3F,79.0,148 over 75,97.0,98,migraine like symptoms
V00077,P0058,2025-07-15,5.0,male,hedache,general medicine,Medium,101.3F,84.0,106/80,100.0,32,severe headache since morning
V00078,P0059,2025-09-28,51.0,female,CHEST PAIN,A&E,High,37.6C,117.0,119 over 62,94.0,28,chest pain since 2 hrs
V00079,P0060,2025-05-16,41.0,Male,breathlessness,Pulmo,High,98.2F,105.0,147/63,90.0,28,sob while walking
V00080,P0060,2025-06-05,41.0,Male,lethargy,general medicine,Medium,39.4C,98.0,104-83,99.0,42,pt reports weakness since 3 days
V00081,P0061,2025-05-09,20.0,Male,stomach pain,GI,Medium,98.4F,98.0,157/100,100.0,22,stomach ache since last night
V00082,P0062,2025-09-05,23.0,F,headache,general medicine,Medium,36.3C,91.0,108/85,95.0,35,migraine like symptoms
V00083,P0063,2025-10-20,80.0,M,Fever,Emergency,Low,104.4F,84.0,140 over 95,99.0,50,high fevr since yesterday
V00084,P0064,2025-01-22,8.0,female,nausea/vomiting,gastro dept,Medium,38.9C,97.0,124 over 75,100.0,55,nausea with vomiting
V00085,P0065,2025-02-15,51.0,male,chestpain,Emergency,High,40.2C,96.0,105-67,94.0,28,pt has chst pain frm morning
V00086,P0066,2025-01-12,17.0,Male,stomach pain,general medicine,Medium,37.1C,80.0,139-82,97.0,21,pt reports abd pain
V00087,P0066,2025-09-10,17.0,,back pain,Emergency,Low,36.2C,85.0,122 over 99,97.0,81,pt reports lumbar pain
V00088,P0067,2025-11-07,84.0,M,,Emergency,Low,37.0C,69.0,111-93,97.0,101,lower bak pain since 2 days
V00089,P0067,2025-12-23,84.0,M,sore throut,Gen Med,Low,97.2F,83.0,125 over 73,95.0,113,pt reports throat ache
V00090,P0068,2025-01-12,89.0,female,Fatigue,cardiology,Low,40.0C,75.0,160/80,95.0,81,extreme tiredness
V00091,P0069,2025-07-14,84.0,M,stomach pain,General Medicine,Medium,39.4C,96.0,131 over 91,96.0,40,pain in lower abdomen
V00092,P0070,2025-12-18,83.0,M,lower back pain,Emergency Dept,Low,99.1F,80.0,149/71,100.0,75,pt reports lumbar pain
V00093,P0071,2025-12-25,53.0,Female,sore throut,general medicine,Low,101.3F,67.0,116 over 70,98.0,110,pt reports throat ache
V00094,P0072,2025-07-15,45.0,female,breathlessness,Pulmonology,High,98.1F,110.0,132 over 75,93.0,13,difficulty breathing since last night
V00095,P0072,2025-07-04,45.0,female,throat pain,ent dept,Low,102.6F,75.0,105/86,100.0,76,throat pain while swallowing
V00096,P0073,2025-08-12,58.0,male,fevr,General Medicine,Medium,104.7F,84.0,135/61,97.0,56,body ache with fever
V00097,P0074,2025-08-31,11.0,male,Sore Throat,General Medicine,Low,103.6F,,108 over 76,97.0,76,pt reports throat ache
V00098,P0075,2026-01-01,28.0,female,breathlessness,ER,High,99.9F,97.0,144/65,94.0,15,breathlessness since morning
V00099,P0075,2025-04-08,,female,Back Pain,general medicine,Medium,97.5F,97.0,147-81,95.0,28,back pain while sitting
V00100,P0076,2025-07-08,62.0,Male,dry cough,Pulmo,Medium,103.1F,99.0,132-67,99.0,57,persistent coughing
V00101,P0077,2025-07-19,1.0,male,Dizziness,,Low,40.0C,75.0,114-77,95.0,720,lightheaded on standing
V00102,P0078,2025-05-14,39.0,male,HA,Neuro,Low,104.4F,70.0,150/68,96.0,112,severe headache since morning
V00103,P0079,2025-11-11,65.0,female,difficulty breathing,Pulmonology,High,39.5C,98.0,111 over 97,93.0,27,sob while walking
V00104,P0080,2025-08-27,22.0,M,short of breath,Pulmo,High,37.1C,105.0,151 over 88,95.0,16,sob while walking
V00105,P0081,2025-12-05,15.0,female,short of breath,Pulmo,High,104.2F,100.0,159 over 61,94.0,17,difficulty breathing since last night
V00106,P0081,2025-12-08,,female,dizzy,neuro dept,Low,38.5C,81.0,138-70,95.0,96,lightheaded on standing
V00107,P0082,2025-06-28,85.0,M,fatigue,general medicine,Medium,102.4F,75.0,105-63,99.0,27,fatigue and lethargy
V00108,P0083,2025-08-09,3.0,Male,hedache,Neuro,Low,36.9C,60.0,153/64,100.0,86,hedache for 3 days
V00109,P0083,2025-12-21,3.0,Male,throat pain,ENT,Low,100.4F,73.0,103/100,95.0,96,sore throut since yesterday
V00110,P0084,2025-08-01,,male,fatigue,Cardiology,Low,38.8C,78.0,148 over 62,100.0,105,fatigue and lethargy
V00111,P0085,2025-05-21,50.0,female,dry cough,Gen Med,Medium,104.9F,98.0,112-71,97.0,40,persistent coughing
V00112,P0086,2025-03-02,4.0,Female,fatigue,,Low,100.2F,67.0,149/82,96.0,86,fatigue and lethargy
V00113,P0086,2025-02-17,4.0,Female,abd pain,Gastro,Medium,36.3C,77.0,134/61,95.0,58,pt reports abd pain
V00114,P0087,2025-07-12,23.0,female,chest pain,CARDIO,Critical,38.2C,134.0,112-73,92.0,15,chest pain since 2 hrs
V00115,P0088,2025-03-18,85.0,M,,general medicine,Low,36.6C,63.0,147 over 95,99.0,52,pt reports N/V since last nite
V00116,P0088,2025-10-30,,M,feeling sick,GI,Low,39.6C,80.0,119 over 82,95.0,53,feeling sick after meals
V00117,P0089,2025-04-13,,female,dizziness,general medicine,Low,37.5C,70.0,152-82,95.0,65,vertigo like symptoms
V00118,P0090,2025-02-23,89.0,male,head-ache,general medicine,Medium,98.1F,99.0,121-83,95.0,38,migraine like symptoms
V00119,P0091,2025-02-19,69.0,F,abdo pain,general medicine,Medium,37.1C,89.0,159 over 72,99.0,33,stomach ache since last night
V00120,P0092,2025-08-21,29.0,male,feeling sick,,Low,99.3F,85.0,149 over 73,95.0,59,feeling sick after meals
V00121,P0093,2025-08-05,56.0,Female,head-ache,General Medicine,Medium,99.0F,97.0,138/60,99.0,40,severe headache since morning
V00122,P0093,2025-11-27,56.0,Female,fatigue,General Medicine,Low,37.0C,84.0,148 over 93,96.0,600,pt reports weakness since 3 days
V00123,P0094,2025-07-19,,Male,fever,Gen Med,Low,39.9C,81.0,125/71,98.0,60,body ache with fever
V00124,P0094,2025-05-11,76.0,Male,high temp,Gen Med,Medium,103.1F,83.0,137/61,99.0,43,body ache with fever
V00125,P0094,2025-12-18,76.0,Male,tiredness,,Medium,102.4F,82.0,115/95,99.0,45,fatigue and lethargy
V00126,P0095,2025-06-12,82.0,female,abdominal pain,gastro dept,Medium,96.8F,81.0,129-67,99.0,30,stomach ache since last night
V00127,P0096,2025-12-27,22.0,F,lethargy,Gen Med,Low,38.5C,71.0,153 over 96,99.0,73,extreme tiredness
V00128,P0097,2025-03-23,23.0,female,abd pain,General Medicine,Medium,100.9F,92.0,160 over 60,97.0,60,pain in lower abdomen
V00129,P0097,2025-01-07,23.0,female,fevr,ER,Medium,100.0F,82.0,115-64,100.0,24,pt reports fever and chills
V00130,P0098,2025-10-18,41.0,Female,sore throat,ENT,Low,99.3F,74.0,111-88,98.0,102,throat pain while swallowing
V00131,P0099,2025-01-31,58.0,male,nausea,Gastroenterology,Low,97.5F,60.0,155 over 90,96.0,53,pt reports N/V since last nite
V00132,P0100,2025-08-18,19.0,male,fever,General Medicine,Medium,101.8F,81.0,137/99,98.0,49,body ache with fever
V00133,P0101,2025-05-28,28.0,Male,breathlessness,Pulmo,High,37.5C,106.0,152/72,92.0,27,difficulty breathing since last night
V00134,P0101,2025-09-29,28.0,Male,Cough,general medicine,Low,39.4C,76.0,160 over 61,99.0,109,cough with mild fever
V00135,P0102,2025-12-26,3.0,male,vertigo,General Medicine,Low,39.1C,76.0,102 over 82,97.0,110,pt feels dizzy since mornng
V00136,P0103,2025-01-03,,M,shortness of breath,Emergency Dept,Critical,98.4F,136.0,151-88,83.0,2,difficulty breathing since last night
V00137,P0104,2025-12-16,72.0,Female,lower back pain,General Medicine,Low,38.5C,84.0,134-63,98.0,98,back pain while sitting
V00138,P0105,2025-01-17,47.0,Male,persistent cough,Pulmonology,Medium,100.0F,76.0,120/99,95.0,31,persistent coughing
V00139,P0106,2025-11-19,23.0,female,difficulty breathing,Emergency,High,39.7C,115.0,110-94,94.0,13,sob while walking
V00140,P0107,2025-08-10,32.0,male,Dizziness,Gen Med,Low,103.3F,72.0,157 over 81,100.0,80,vertigo like symptoms
V00141,P0108,2025-01-02,5.0,M,HA,Neurology,Medium,99.7F,82.0,131/86,,23,severe headache since morning
V00142,P0109,2025-12-04,52.0,M,Head Ache,General Medicine,Low,97.7F,62.0,133-71,100.0,97,severe headache since morning
V00143,P0110,2025-02-24,35.0,M,dizziness,general medicine,Medium,39.9C,89.0,125-61,98.0,26,pt feels dizzy since mornng
V00144,P0111,2025-04-12,71.0,Male,shortness of breath,Pulmo,High,101.3F,108.0,127-98,91.0,28,sob while walking
V00145,P0112,2025-08-19,57.0,female,lightheaded,general medicine,Low,39.0C,85.0,114 over 75,98.0,103,lightheaded on standing
V00146,P0112,2025-09-13,57.0,female,Head Ache,General Medicine,Medium,36.2C,78.0,138-63,97.0,50,hedache for 3 days
V00147,P0112,2025-03-16,57.0,female,Back Pain,A&E,Low,38.0C,78.0,152 over 92,95.0,81,pt reports lumbar pain
V00148,P0113,2025-01-17,53.0,Male,vertigo,General Medicine,Low,98.2F,81.0,150/91,96.0,59,pt feels dizzy since mornng
V00149,P0114,2025-03-19,45.0,M,Sore Throat,Gen Med,Low,38.3C,68.0,131 over 80,96.0,52,pt reports throat ache
V00150,P0115,2025-07-05,,Female,,General Medicine,Medium,39.5C,86.0,128/67,100.0,54,fatigue and lethargy
V00151,P0116,2025-07-19,34.0,Male,Head Ache,Neurology,Medium,38.8C,90.0,125/70,96.0,46,severe headache since morning
V00152,P0116,2025-12-08,34.0,Male,bak pain,Emergency,Medium,102.0F,87.0,143 over 60,100.0,60,back pain while sitting
V00153,P0117,2025-06-05,40.0,M,abd pain,general medicine,Medium,99.1F,91.0,143 over 97,98.0,26,pt reports abd pain
V00154,P0118,2025-01-15,3.0,female,abd pain,Gastro,Medium,38.7C,85.0,105/93,100.0,24,stomach ache since last night
V00155,P0119,2025-12-10,43.0,Female,Back Pain,General Medicine,Low,38.1C,84.0,100 over 75,96.0,48,back pain while sitting
V00156,P0120,2025-08-19,81.0,M,headache,Neurology,Low,38.9C,68.0,159-66,100.0,95,migraine like symptoms
V00157,P0120,2025-08-18,81.0,M,weakness,Cardio,Medium,38.7C,80.0,118/80,96.0,54,pt reports weakness since 3 days
V00158,P0121,2025-10-18,,Male,nausea,Gen Med,Low,99.1F,76.0,148 over 77,100.0,43,nausea with vomiting
V00159,P0122,2025-03-15,69.0,M,throat ache,ENT,Low,97.9F,72.0,140 over 67,98.0,93,throat pain while swallowing
V00160,P0123,2025-02-25,81.0,female,bak pain,general medicine,Medium,,88.0,126 over 76,95.0,600,lower bak pain since 2 days
V00161,P0124,2025-01-05,37.0,Male,difficulty breathing,Pulmo,Critical,96.8F,117.0,123 over 97,84.0,4,breathlessness since morning
V00162,P0125,2025-07-31,14.0,Female,weakness,General Medicine,Medium,36.1C,91.0,101-76,100.0,39,extreme tiredness
V00163,P0125,2025-12-16,14.0,Female,Chest Pain,ER,High,37.5C,,107-90,90.0,17,pt has chst pain frm morning
V00164,P0126,2025-04-16,48.0,Male,stomach pain,general medicine,Medium,37.1C,81.0,126/91,97.0,28,pain in lower abdomen
V00165,P0127,2025-10-05,1.0,M,sore throut,ENT,Low,36.5C,74.0,109-63,97.0,82,throat pain while swallowing
V00166,P0128,2025-03-13,85.0,female,throat ache,ent dept,Low,104.9F,67.0,153/90,100.0,58,sore throut since yesterday
V00167,P0128,2025-10-14,85.0,female,cough,General Medicine,Low,100.2F,82.0,134-78,97.0,115,dry cough for 1 week
V00168,P0129,2025-07-30,42.0,female,fevr,Gen Med,Medium,38.8C,97.0,160-84,98.0,42,pt reports fever and chills
V00169,P0130,2025-10-05,48.0,M,high fever,Gen Med,Medium,38.2C,84.0,138-64,98.0,55,high fevr since yesterday
V00170,P0131,2025-03-13,25.0,male,lightheaded,general medicine,Medium,39.3C,95.0,147 over 72,97.0,25,lightheaded on standing
V00171,P0132,2025-11-18,16.0,male,fevr,general medicine,Low,103.3F,62.0,115 over 88,99.0,52,body ache with fever
V00172,P0132,2025-01-30,16.0,male,chst pain,Cardio,Critical,101.7F,119.0,115-68,86.0,11,pain in chest while walking
V00173,P0133,2025-10-08,50.0,female,,Cardio,High,37.6C,111.0,119/65,94.0,18,chest pain since 2 hrs
V00174,P0134,2025-07-19,20.0,Female,sore throat,Ear Nose Throat,Low,36.6C,75.0,112-83,100.0,77,throat pain while swallowing
V00175,P0135,2025-06-18,,M,abd pain,gastro dept,Medium,36.7C,89.0,129-90,99.0,42,pt reports abd pain
V00176,P0135,2025-10-26,88.0,M,abdo pain,GI,Medium,39.3C,76.0,131 over 80,99.0,21,pain in lower abdomen
V00177,P0135,2025-01-28,88.0,M,Nausea,general medicine,Low,,80.0,118 over 94,95.0,62,feeling sick after meals
V00178,P0136,2025-12-19,36.0,male,Chest Pain,CARDIO,Critical,38.8C,147.0,145-68,86.0,8,chest pain since 2 hrs
V00179,P0137,2025-07-28,25.0,female,lightheaded,Neurology,Medium,102.9F,99.0,131/98,99.0,26,pt feels dizzy since mornng
V00180,P0138,2025-01-17,69.0,Female,Sore Throat,,Low,99.5F,62.0,150/62,99.0,65,sore throut since yesterday
V00181,P0138,2025-05-21,69.0,,lower back pain,general medicine,Low,36.2C,65.0,116/75,96.0,81,back pain while sitting
V00182,P0139,2025-09-05,87.0,F,head-ache,neuro dept,Medium,103.6F,80.0,127-83,98.0,30,migraine like symptoms
V00183,P0139,2025-10-22,,F,abdominal pain,General Medicine,Medium,39.7C,92.0,105 over 81,98.0,50,stomach ache since last night
V00184,P0140,2025-05-31,36.0,Male,lumbar pain,A&E,Low,100.8F,60.0,117 over 89,96.0,55,back pain while sitting
V00185,P0140,2025-01-12,36.0,Male,persistent cough,Pulmo,Medium,102.0F,85.0,108 over 74,99.0,47,cough with mild fever
V00186,P0141,2025-10-31,52.0,female,lower back pain,Gen Med,Medium,104.0F,91.0,116-91,99.0,51,pt reports lumbar pain
V00187,P0142,2025-08-03,20.0,male,vertigo,Neurology,Low,101.3F,74.0,102/86,97.0,64,lightheaded on standing
V00188,P0142,2025-11-04,20.0,male,high temp,general medicine,Medium,39.7C,79.0,156/98,97.0,55,pt reports fever and chills
V00189,P0143,2025-09-13,11.0,Female,Back Pain,Emergency Dept,Low,40.0C,64.0,107/72,95.0,43,back pain while sitting
V00190,P0144,2025-07-20,11.0,Female,HA,general medicine,Low,37.7C,85.0,140 over 95,96.0,83,migraine like symptoms
V00191,P0145,2025-12-26,18.0,F,nausea,GI,Medium,98.6F,96.0,138 over 65,100.0,23,nausea with vomiting
V00192,P0146,2025-12-02,83.0,Female,dry cough,general medicine,Low,97.9F,63.0,137 over 79,98.0,71,cough with mild fever
V00193,P0146,2025-11-05,83.0,Female,dry cough,Pulmonology,Low,40.4C,76.0,157 over 79,95.0,76,cough with mild fever
V00194,P0147,2025-11-19,7.0,Male,sore throut,Ear Nose Throat,Low,36.3C,83.0,151 over 78,95.0,117,pt reports throat ache
V00195,P0148,2025-07-06,,male,chest pain,Emergency Dept,High,37.4C,117.0,100-65,93.0,24,pain in chest while walking
V00196,P0149,2025-04-21,86.0,female,abdominal pain,general medicine,Medium,38.2C,91.0,145/88,99.0,28,pain in lower abdomen
V00197,P0149,2025-09-27,,female,shortness of breath,Emergency,Critical,102.4F,139.0,135-61,92.0,3,breathlessness since morning
V00198,P0150,2025-08-19,66.0,M,abd pain,gastro dept,Medium,102.2F,98.0,153-96,99.0,45,pt reports abd pain
V00199,P0151,2025-02-17,62.0,male,head-ache,Gen Med,Medium,37.2C,,151-95,99.0,33,hedache for 3 days
V00200,P0152,2025-12-26,17.0,Male,throat pain,General Medicine,Low,104.9F,85.0,119 over 83,95.0,74,sore throut since yesterday
V00201,P0153,2025-11-12,76.0,M,stomach pain,Gastro,Medium,39.0C,89.0,129 over 100,97.0,60,stomach ache since last night
V00202,P0154,2025-03-12,73.0,Female,abdominal pain,,Medium,38.2C,79.0,134-90,98.0,40,pain in lower abdomen
V00203,P0155,2025-10-13,74.0,Male,sore throut,General Medicine,Low,37.0C,80.0,107 over 90,96.0,78,sore throut since yesterday
V00204,P0155,2025-12-09,74.0,Male,feeling sick,GI,Medium,99.1F,94.0,121-71,95.0,22,feeling sick after meals
V00205,P0156,2025-05-07,55.0,female,abdo pain,General Medicine,Medium,39.5C,95.0,105-84,96.0,35,stomach ache since last night
V00206,P0156,2025-03-11,55.0,female,dry cough,General Medicine,Medium,40.4C,96.0,142-91,99.0,46,cough with mild fever
V00207,P0157,2025-07-14,57.0,F,weakness,Gen Med,Medium,97.2F,91.0,109/60,95.0,23,fatigue and lethargy
V00208,P0158,2025-12-14,9.0,,CHEST PAIN,A&E,Critical,101.1F,147.0,104-78,82.0,2,pt has chst pain frm morning
V00209,P0159,2025-05-05,9.0,M,head-ache,General Medicine,Low,,84.0,131-63,97.0,40,migraine like symptoms
V00210,P0160,2025-08-15,,Male,CHEST PAIN,cardiology,High,40.4C,112.0,147/78,94.0,15,pain in chest while walking
V00211,P0161,2025-01-15,48.0,male,breathlessness,Emergency Dept,High,104.0F,101.0,138-76,91.0,11,sob while walking
V00212,P0161,2025-08-13,48.0,male,lower back pain,A&E,Low,40.5C,84.0,117 over 76,100.0,107,back pain while sitting
V00213,P0162,2025-08-19,23.0,male,throat pain,Ear Nose Throat,Low,37.5C,78.0,134/64,100.0,54,pt reports throat ache
V00214,P0163,2025-11-14,,Female,lightheaded,General Medicine,Medium,39.3C,98.0,105/89,95.0,52,pt feels dizzy since mornng
V00215,P0164,2025-02-24,59.0,M,coughing,General Medicine,Medium,103.5F,93.0,138 over 80,98.0,38,cough with mild fever
V00216,P0165,2025-04-01,27.0,M,CHEST PAIN,Cardio,Critical,38.8C,119.0,123/76,84.0,4,chest pain since 2 hrs
V00217,P0166,2025-04-12,48.0,F,persistent cough,,Medium,99.3F,84.0,143/79,99.0,29,cough with mild fever
V00218,P0166,2025-07-30,48.0,F,throat pain,ENT,Low,103.3F,74.0,130-76,98.0,89,sore throut since yesterday
V00219,P0167,2025-05-13,10.0,Male,lower back pain,general medicine,Low,37.6C,80.0,130 over 69,98.0,106,back pain while sitting
V00220,P0168,2025-07-28,69.0,M,throat pain,ent dept,Low,97.3F,61.0,122/83,95.0,110,pt reports throat ache
V00221,P0169,2025-07-26,56.0,male,lightheaded,Neurology,Medium,100.8F,85.0,103/69,98.0,55,vertigo like symptoms
V00222,P0170,2025-04-10,73.0,M,shortness of breath,Emergency,Critical,40.2C,119.0,102/79,92.0,13,difficulty breathing since last night
V00223,P0171,2025-02-23,4.0,Male,Fever,general medicine,Low,104.7F,62.0,149/70,95.0,41,body ache with fever
V00224,P0171,2025-11-12,4.0,Male,abdo pain,General Medicine,Medium,38.8C,87.0,135-81,97.0,32,pain in lower abdomen
V00225,P0171,2025-09-08,4.0,Male,Cough,pulmonology,Medium,38.0C,80.0,156 over 94,97.0,26,persistent coughing
V00226,P0172,2025-11-07,45.0,female,coughing,Gen Med,Medium,97.9F,75.0,105-72,97.0,44,dry cough for 1 week
V00227,P0173,2025-03-16,27.0,F,fever,General Medicine,Medium,37.2C,84.0,145 over 66,100.0,41,pt reports fever and chills
V00228,P0174,2025-07-12,10.0,Male,Head Ache,General Medicine,Medium,103.8F,76.0,142 over 85,95.0,59,severe headache since morning
V00229,P0174,2025-05-09,10.0,Male,stomach pain,general medicine,Medium,102.2F,98.0,148 over 69,99.0,27,pt reports abd pain
V00230,P0175,2025-01-22,73.0,male,fever,Gen Med,Medium,102.4F,92.0,121 over 64,97.0,35,pt reports fever and chills
V00231,P0176,2025-12-24,87.0,F,high fever,A&E,Medium,99.7F,90.0,106-69,95.0,26,pt reports fever and chills
V00232,P0177,2025-10-10,,M,Dizziness,neuro dept,Low,98.8F,72.0,153 over 60,96.0,116,vertigo like symptoms
V00233,P0178,2025-06-02,69.0,female,Cough,Pulmo,Medium,39.1C,76.0,122/92,95.0,53,persistent coughing
V00234,P0179,2025-07-08,59.0,M,throat ache,General Medicine,Low,36.8C,85.0,117 over 98,98.0,104,pt reports throat ache
V00235,P0179,2025-04-17,59.0,M,HA,neuro dept,Medium,103.8F,85.0,131/94,96.0,24,severe headache since morning
V00236,P0179,2025-03-13,59.0,M,persistent cough,Pulmo,Medium,101.1F,77.0,135 over 60,96.0,21,cough with mild fever
V00237,P0180,2025-03-07,49.0,Male,lumbar pain,Emergency Dept,Medium,100.9F,97.0,153 over 64,98.0,32,pt reports lumbar pain
V00238,P0181,2025-04-17,69.0,F,Sore Throat,ENT,Low,39.6C,73.0,133-87,98.0,69,pt reports throat ache
V00239,P0182,2025-04-11,7.0,Male,abdo pain,Gen Med,Medium,99.3F,81.0,143/61,99.0,21,pt reports abd pain
V00240,P0183,2025-01-20,65.0,Female,back pain,Emergency,Medium,37.5C,78.0,129/82,95.0,28,pt reports lumbar pain
V00241,P0184,2025-04-04,23.0,female,breathlessness,A&E,High,37.8C,102.0,153-91,96.0,22,sob while walking
V00242,P0185,2025-09-20,57.0,Male,coughing,General Medicine,Low,38.1C,69.0,146/94,99.0,118,persistent coughing
V00243,P0186,2025-01-05,46.0,male,cough,Pulmo,Medium,36.0C,89.0,138 over 87,97.0,39,dry cough for 1 week
V00244,P0187,2025-07-23,,F,back pain,Emergency Dept,Medium,39.5C,81.0,132-69,97.0,49,lower bak pain since 2 days
V00245,P0188,2025-07-20,37.0,Female,fatigue,general medicine,Medium,103.8F,93.0,107-100,100.0,20,pt reports weakness since 3 days
V00246,P0189,2025-01-30,33.0,female,throat pain,,Low,101.5F,79.0,122 over 98,96.0,119,sore throut since yesterday
V00247,P0189,2025-07-09,33.0,female,high fever,Gen Med,Medium,97.0F,89.0,124 over 79,96.0,47,pt reports fever and chills
V00248,P0189,2025-01-22,,female,HA,neuro dept,Medium,36.9C,90.0,116-94,97.0,54,hedache for 3 days
V00249,P0190,2025-03-21,11.0,M,Fever,ER,Medium,40.1C,86.0,132 over 88,97.0,47,pt reports fever and chills
V00250,P0191,2025-04-05,75.0,F,shortness of breath,Pulmo,Critical,,146.0,134-97,83.0,7,sob while walking
V00251,P0192,2025-09-29,29.0,,Fever,Emergency,Low,100.9F,79.0,142/65,96.0,85,high fevr since yesterday
V00252,P0193,2025-08-18,9.0,Female,weakness,General Medicine,Low,40.2C,71.0,154-86,96.0,74,fatigue and lethargy
V00253,P0194,2025-03-17,34.0,,short of breath,ER,Critical,97.0F,150.0,102 over 79,82.0,1,breathlessness since morning
V00254,P0194,2025-10-06,,Male,feeling sick,Gastro,Medium,36.7C,90.0,160 over 61,100.0,24,nausea with vomiting
V00255,P0195,2025-01-23,3.0,,shortness of breath,Emergency Dept,Critical,100.8F,134.0,150 over 96,91.0,15,sob while walking
V00256,P0195,2025-07-31,3.0,F,abdo pain,General Medicine,Medium,39.7C,98.0,120/62,95.0,48,pain in lower abdomen
V00257,P0195,2025-01-02,3.0,F,Head Ache,Gen Med,Medium,39.8C,100.0,113 over 71,96.0,31,severe headache since morning
V00258,P0196,2025-11-30,35.0,M,Back Pain,Emergency Dept,Medium,101.8F,92.0,154/93,98.0,28,pt reports lumbar pain
V00259,P0197,2025-01-22,76.0,F,weakness,Gen Med,Low,102.7F,80.0,109-83,97.0,118,pt reports weakness since 3 days
V00260,P0197,2025-10-29,76.0,F,sore throut,Gen Med,Low,37.7C,85.0,114 over 79,97.0,120,sore throut since yesterday
V00261,P0197,2025-06-24,76.0,F,Cough,Pulmonology,Medium,104.0F,77.0,127 over 75,100.0,51,dry cough for 1 week
V00262,P0198,2025-11-22,41.0,M,lightheaded,Gen Med,Medium,100.6F,98.0,124/94,98.0,56,vertigo like symptoms
V00263,P0199,2025-01-26,14.0,male,Chest Pain,cardiology,Critical,38.5C,130.0,147 over 68,84.0,4,pain in chest while walking
V00264,P0200,2025-03-17,11.0,Female,fatigue,cardiology,Medium,98.4F,79.0,124 over 66,98.0,50,pt reports weakness since 3 days
V00265,P0201,2025-12-08,22.0,female,back pain,ER,Medium,40.1C,92.0,158/90,99.0,37,back pain while sitting
V00266,P0201,2025-12-18,22.0,female,stomach pain,General Medicine,Medium,40.1C,75.0,139-67,99.0,20,stomach ache since last night
V00267,P0202,2025-10-07,43.0,Male,high fever,general medicine,Low,37.5C,75.0,126/71,95.0,90,pt reports fever and chills
V00268,P0203,2025-07-11,23.0,Male,persistent cough,Pulmonology,Low,38.0C,61.0,137 over 96,99.0,48,dry cough for 1 week
V00269,P0203,2025-01-20,23.0,Male,Back Pain,Emergency,Low,39.6C,63.0,110-61,96.0,47,back pain while sitting
V00270,P0204,2025-09-12,86.0,Male,hedache,General Medicine,Medium,98.1F,91.0,154/73,95.0,50,migraine like symptoms
V00271,P0205,2025-12-02,63.0,F,HA,neuro dept,Medium,102.7F,86.0,109-78,96.0,41,severe headache since morning
V00272,P0206,2025-09-29,51.0,F,chst pain,Emergency,Critical,97.5F,131.0,154-67,88.0,8,pt has chst pain frm morning
V00273,P0207,2025-01-08,37.0,female,chestpain,Emergency Dept,Critical,98.2F,140.0,141-62,92.0,10,pt has chst pain frm morning
V00274,P0208,2025-10-01,39.0,Male,bak pain,,Low,39.4C,70.0,145 over 85,98.0,63,pt reports lumbar pain
V00275,P0209,2025-04-04,27.0,male,coughing,Pulmo,Low,101.5F,79.0,142/75,97.0,74,persistent coughing
V00276,P0210,2025-09-15,81.0,Male,Back Pain,General Medicine,Low,36.2C,61.0,112-67,96.0,69,lower bak pain since 2 days
V00277,P0211,2025-01-09,60.0,F,lumbar pain,Emergency Dept,Low,104.5F,64.0,152/67,98.0,118,lower bak pain since 2 days
V00278,P0211,2025-12-01,60.0,F,short of breath,ER,Critical,98.2F,147.0,134/62,92.0,3,difficulty breathing since last night
V00279,P0211,2025-09-16,60.0,F,N/V,General Medicine,Low,36.9C,61.0,126/79,97.0,113,pt reports N/V since last nite
V00280,P0212,2025-11-14,71.0,Male,stomach pain,Gastroenterology,Medium,37.5C,92.0,145-70,97.0,35,pain in lower abdomen
V00281,P0213,2025-07-09,68.0,male,abdominal pain,GI,Medium,38.8C,96.0,130/84,97.0,60,pain in lower abdomen
V00282,P0213,2025-01-20,68.0,male,lethargy,CARDIO,Low,37.5C,74.0,109/68,100.0,102,extreme tiredness
V00283,P0213,2025-09-23,,male,head-ache,general medicine,Medium,39.3C,94.0,141/76,96.0,42,hedache for 3 days
V00284,P0214,2025-10-01,82.0,female,chestpain,ER,High,39.3C,114.0,151 over 77,,20,pain in chest while walking
V00285,P0215,2025-12-19,6.0,M,fevr,Gen Med,Medium,36.9C,96.0,152 over 66,95.0,55,pt reports fever and chills
V00286,P0216,2025-06-29,74.0,F,high fever,A&E,Medium,102.7F,86.0,129/80,100.0,55,body ache with fever
V00287,P0217,2025-09-19,,Female,lumbar pain,Emergency Dept,Medium,97.3F,87.0,139/66,98.0,34,lower bak pain since 2 days
V00288,P0218,2025-08-25,82.0,Male,Head Ache,Gen Med,Medium,40.0C,89.0,155 over 76,96.0,59,severe headache since morning
V00289,P0218,2025-07-25,82.0,Male,CHEST PAIN,CARDIO,High,39.0C,98.0,105/69,95.0,18,pt has chst pain frm morning
V00290,P0219,2025-08-24,28.0,F,Fatigue,Cardio,Medium,36.3C,94.0,121/87,100.0,40,pt reports weakness since 3 days
V00291,P0219,2025-07-25,28.0,F,headache,neuro dept,Medium,104.9F,88.0,124 over 71,100.0,54,hedache for 3 days
V00292,P0219,2025-06-16,28.0,F,headache,General Medicine,Medium,38.6C,88.0,103-94,95.0,35,severe headache since morning
V00293,P0220,2025-09-21,77.0,Female,,general medicine,Low,100.0F,79.0,133 over 60,97.0,85,back pain while sitting
V00294,P0220,2025-11-21,77.0,Female,abdo pain,Gastro,Medium,39.3C,94.0,155 over 63,100.0,37,stomach ache since last night
V00295,P0221,2025-02-28,45.0,Female,abdominal pain,gastro dept,Medium,104.4F,82.0,148/61,95.0,34,pain in lower abdomen
V00296,P0222,2025-01-04,74.0,Male,sore throat,ENT,Low,102.2F,77.0,138 over 62,99.0,105,pt reports throat ache
V00297,P0222,2025-08-03,74.0,Male,dizzy,Neurology,Low,98.6F,75.0,106 over 100,99.0,120,pt feels dizzy since mornng
V00298,P0223,2025-11-11,65.0,M,HA,neuro dept,Low,37.1C,84.0,103/68,,120,migraine like symptoms
V00299,P0224,2025-10-12,39.0,female,headache,Neurology,Medium,102.4F,91.0,138 over 61,100.0,35,hedache for 3 days
V00300,P0225,2025-05-02,87.0,Female,chst pain,CARDIO,Critical,100.2F,128.0,151-85,89.0,13,pain in chest while walking
V00301,P0226,2025-07-10,45.0,male,stomach pain,General Medicine,Medium,36.6C,96.0,106 over 81,99.0,22,pain in lower abdomen
V00302,P0227,2025-05-24,72.0,Male,hedache,neuro dept,Medium,104.2F,94.0,116 over 89,98.0,41,severe headache since morning
V00303,P0228,2025-01-09,41.0,male,lethargy,CARDIO,Low,98.2F,81.0,111/61,95.0,117,fatigue and lethargy
V00304,P0228,2025-04-16,41.0,male,weakness,cardiology,Medium,104.2F,90.0,127 over 95,97.0,58,fatigue and lethargy
V00305,P0229,2025-05-12,87.0,M,Chest Pain,Cardio,High,99.3F,98.0,142/75,94.0,22,pain in chest while walking
V00306,P0230,2025-02-25,25.0,F,headache,neuro dept,Medium,101.5F,78.0,120-74,96.0,25,hedache for 3 days
V00307,P0231,2025-10-23,56.0,female,stomach pain,Gen Med,Medium,102.6F,100.0,143/77,95.0,59,pain in lower abdomen
V00308,P0232,2025-04-30,20.0,male,HA,Neuro,Medium,37.1C,84.0,154 over 99,96.0,57,severe headache since morning
V00309,P0233,2025-12-17,87.0,female,cough,pulmonology,Medium,100.8F,91.0,160/91,97.0,48,dry cough for 1 week
V00310,P0233,2025-04-18,87.0,female,breathlessness,Emergency,Critical,37.4C,144.0,149/60,90.0,5,sob while walking
V00311,P0234,2025-12-20,61.0,female,tiredness,general medicine,Medium,101.8F,83.0,105 over 92,95.0,59,extreme tiredness
V00312,P0235,2025-03-19,11.0,male,fatigue,Cardio,Low,99.5F,63.0,154/68,95.0,102,fatigue and lethargy
V00313,P0235,2025-01-18,11.0,male,lightheaded,Gen Med,Low,103.3F,61.0,113 over 70,96.0,95,lightheaded on standing
V00314,P0236,2025-03-19,76.0,M,fever,Gen Med,Medium,38.7C,88.0,112/86,99.0,25,body ache with fever
V00315,P0236,2025-06-30,76.0,,tiredness,Cardiology,Low,103.5F,75.0,121/75,100.0,80,pt reports weakness since 3 days
V00316,P0237,2025-12-27,70.0,M,nausea,Gen Med,Low,39.5C,70.0,130/66,99.0,112,pt reports N/V since last nite
V00317,P0238,2025-11-22,39.0,male,shortness of breath,Emergency,Critical,97.0F,150.0,115/63,82.0,15,sob while walking
V00318,P0239,2025-09-01,,Male,sore throut,Gen Med,Low,37.7C,73.0,139/94,99.0,43,sore throut since yesterday
V00319,P0240,2025-09-08,51.0,M,,Gen Med,Low,99.1F,70.0,143 over 72,97.0,44,cough with mild fever
V00320,P0241,2025-09-20,76.0,female,chst pain,Emergency Dept,High,38.5C,102.0,125 over 70,,20,chest pain since 2 hrs
V00321,P0241,2025-08-19,76.0,female,persistent cough,General Medicine,Medium,39.6C,80.0,100/95,96.0,23,dry cough for 1 week
V00322,P0242,2025-08-12,1.0,Male,lumbar pain,general medicine,Low,36.1C,73.0,133-99,99.0,99,pt reports lumbar pain
V00323,P0243,2025-12-15,,Female,dizziness,neuro dept,Low,36.6C,67.0,112/60,99.0,112,lightheaded on standing
V00324,P0244,2025-10-16,39.0,female,Sore Throat,ENT,Low,97.3F,68.0,118/69,95.0,500,throat pain while swallowing
V00325,P0245,2025-10-01,32.0,Female,feeling sick,,Low,104.2F,68.0,156 over 89,100.0,74,pt reports N/V since last nite
V00326,P0246,2025-12-13,82.0,M,nausea,general medicine,Medium,100.2F,99.0,138-88,98.0,30,pt reports N/V since last nite
V00327,P0247,2025-09-23,69.0,Male,fatigue,Cardio,Medium,36.2C,98.0,128 over 93,95.0,42,fatigue and lethargy
V00328,P0247,2025-03-27,69.0,Male,Fever,A&E,Medium,40.2C,83.0,158 over 87,96.0,36,body ache with fever
V00329,P0247,2025-10-23,69.0,Male,back pain,A&E,Medium,97.5F,85.0,130 over 84,98.0,21,lower bak pain since 2 days
V00330,P0248,2025-09-01,18.0,Male,throat pain,Ear Nose Throat,Low,104.0F,85.0,101/72,95.0,98,sore throut since yesterday
V00331,P0249,2025-10-30,56.0,F,high temp,Gen Med,Medium,99.5F,86.0,104 over 91,100.0,36,high fevr since yesterday
V00332,P0250,2025-06-27,36.0,female,dizziness,Neurology,Low,40.3C,79.0,138-96,96.0,64,lightheaded on standing
V00333,P0251,2025-09-06,,,back pain,general medicine,Low,102.7F,67.0,107 over 63,96.0,61,pt reports lumbar pain
V00334,P0252,2025-03-20,85.0,male,throat pain,Ear Nose Throat,Low,98.4F,77.0,115-92,97.0,100,throat pain while swallowing
V00335,P0253,2025-11-03,75.0,Female,Head Ache,neuro dept,Medium,100.0F,92.0,138/69,95.0,42,severe headache since morning
V00336,P0254,2025-04-10,70.0,male,fatigue,Gen Med,Medium,40.1C,75.0,111 over 91,100.0,50,fatigue and lethargy
V00337,P0255,2025-06-09,,M,headache,Gen Med,Low,103.3F,84.0,101-80,98.0,78,severe headache since morning
V00338,P0255,2025-10-29,69.0,M,abdominal pain,Gen Med,Medium,36.6C,85.0,115-65,98.0,56,stomach ache since last night
V00339,P0255,2025-07-11,69.0,M,lethargy,CARDIO,Medium,36.1C,82.0,110/79,96.0,20,pt reports weakness since 3 days
V00340,P0256,2025-12-06,79.0,female,high fever,Gen Med,Low,37.2C,77.0,134-68,99.0,76,pt reports fever and chills
V00341,P0257,2025-09-02,20.0,Male,persistent cough,General Medicine,Low,,78.0,127 over 97,98.0,65,dry cough for 1 week
V00342,P0257,2025-12-11,,Male,breathlessness,Emergency Dept,Critical,40.2C,134.0,132 over 66,90.0,5,sob while walking
V00343,P0258,2025-02-22,24.0,F,cough,general medicine,Medium,37.2C,86.0,110 over 88,97.0,36,persistent coughing
V00344,P0258,2025-08-12,24.0,,fever,General Medicine,Medium,103.6F,93.0,134-61,95.0,36,body ache with fever
V00345,P0259,2025-06-13,71.0,,,Gen Med,Medium,102.2F,93.0,134 over 89,98.0,23,migraine like symptoms
V00346,P0260,2025-01-11,51.0,female,abdominal pain,Gen Med,Medium,99.3F,91.0,122/99,98.0,53,pt reports abd pain
V00347,P0261,2025-03-26,53.0,M,Head Ache,General Medicine,Low,36.0C,76.0,116/89,96.0,94,migraine like symptoms
V00348,P0261,2025-10-06,53.0,M,Cough,general medicine,Low,102.4F,61.0,134-98,95.0,53,dry cough for 1 week
V00349,P0262,2025-02-15,22.0,male,head-ache,Neurology,Low,103.8F,77.0,147 over 94,99.0,49,severe headache since morning
V00350,P0262,2025-06-07,22.0,male,coughing,general medicine,Low,39.6C,77.0,160-86,100.0,86,cough with mild fever
V00351,P0263,2025-08-03,56.0,M,dry cough,Pulmo,Low,36.4C,76.0,105/84,97.0,60,persistent coughing
V00352,P0264,2025-10-31,21.0,M,fatigue,General Medicine,Medium,102.0F,81.0,100 over 93,98.0,36,extreme tiredness
V00353,P0265,2025-08-26,55.0,M,hedache,Neurology,Low,104.5F,70.0,123 over 93,100.0,100,hedache for 3 days
V00354,P0266,2025-09-16,44.0,Male,back pain,General Medicine,Medium,36.9C,,121-78,,25,back pain while sitting
V00355,P0267,2025-09-02,80.0,F,nausea/vomiting,Gen Med,Low,38.9C,74.0,121-88,95.0,63,nausea with vomiting
V00356,P0268,2025-11-04,,F,lower back pain,A&E,Low,37.4C,72.0,106-62,96.0,117,back pain while sitting
V00357,P0268,2025-09-17,80.0,F,lower back pain,general medicine,Low,40.4C,82.0,132/64,96.0,112,back pain while sitting
V00358,P0269,2025-07-20,21.0,Female,nausea/vomiting,gastro dept,Medium,37.8C,79.0,146 over 94,95.0,25,feeling sick after meals
V00359,P0269,2025-02-08,21.0,Female,chest pain,CARDIO,High,104.2F,109.0,127 over 76,92.0,17,pt has chst pain frm morning
V00360,P0270,2025-10-26,20.0,M,lumbar pain,,Low,36.6C,60.0,160-86,100.0,103,back pain while sitting
V00361,P0271,2025-12-19,61.0,M,lumbar pain,Emergency Dept,Low,99.5F,80.0,154 over 73,99.0,82,back pain while sitting
V00362,P0271,2025-04-23,61.0,M,SOB,pulmonology,High,103.8F,111.0,156 over 76,,18,sob while walking
V00363,P0272,2025-11-13,36.0,F,dizziness,Neurology,Low,38.8C,62.0,144-94,98.0,101,pt feels dizzy since mornng
V00364,P0273,2025-09-09,53.0,F,Back Pain,general medicine,Medium,40.4C,79.0,128 over 82,97.0,25,lower bak pain since 2 days
V00365,P0274,2025-03-30,70.0,female,throat ache,Gen Med,Low,104.2F,74.0,106 over 71,95.0,119,sore throut since yesterday
V00366,P0275,2025-09-13,,female,,Pulmonology,Critical,37.2C,113.0,147-78,84.0,14,breathlessness since morning
V00367,P0275,2025-09-30,10.0,female,sore throut,ent dept,Low,36.8C,85.0,134-88,99.0,101,pt reports throat ache
V00368,P0276,2025-06-18,4.0,F,stomach pain,general medicine,Medium,36.5C,79.0,104 over 88,98.0,31,pain in lower abdomen
V00369,P0277,2025-08-10,46.0,Male,high fever,A&E,Low,37.8C,67.0,130 over 85,100.0,90,body ache with fever
V00370,P0278,2025-09-07,86.0,F,fevr,General Medicine,Medium,39.9C,94.0,150 over 94,99.0,52,pt reports fever and chills
V00371,P0279,2025-04-27,87.0,Female,SOB,Pulmo,Critical,37.8C,119.0,139/73,90.0,8,sob while walking
V00372,P0280,2025-08-20,33.0,male,feeling sick,Gastro,Medium,39.8C,80.0,150/62,96.0,48,feeling sick after meals
V00373,P0281,2025-12-01,47.0,M,feeling sick,general medicine,Low,99.0F,84.0,102-91,96.0,91,pt reports N/V since last nite
V00374,P0282,2025-03-31,7.0,male,lightheaded,,Low,39.0C,85.0,132 over 76,95.0,61,pt feels dizzy since mornng
V00375,P0283,2025-07-27,20.0,,stomach pain,gastro dept,Medium,103.6F,99.0,149-61,100.0,500,pt reports abd pain
V00376,P0283,2025-07-16,20.0,Female,lightheaded,General Medicine,Low,37.7C,79.0,116 over 98,100.0,74,lightheaded on standing
V00377,P0283,2025-02-04,20.0,Female,lethargy,General Medicine,Low,103.8F,78.0,130/63,98.0,62,fatigue and lethargy
V00378,P0284,2025-05-30,40.0,F,nausea,Gen Med,Low,100.9F,68.0,106 over 72,100.0,109,nausea with vomiting
V00379,P0285,2025-01-10,56.0,F,lower back pain,Gen Med,Low,39.4C,82.0,109/61,98.0,113,back pain while sitting
V00380,P0286,2025-11-30,68.0,Female,fever,Emergency,Low,102.7F,65.0,149/90,100.0,116,high fevr since yesterday
V00381,P0287,2025-05-29,17.0,F,fatigue,general medicine,Medium,99.3F,99.0,126-63,95.0,39,pt reports weakness since 3 days
V00382,P0288,2025-08-17,43.0,Male,abdominal pain,general medicine,Medium,39.3C,95.0,153/89,,37,stomach ache since last night
V00383,P0289,2025-06-10,88.0,Male,bak pain,general medicine,Low,39.4C,81.0,143 over 87,95.0,119,lower bak pain since 2 days
V00384,P0290,2025-09-23,33.0,male,high temp,A&E,Medium,37.0C,,152-61,95.0,44,pt reports fever and chills
V00385,P0291,2025-09-21,,Female,Fatigue,cardiology,Medium,101.8F,89.0,146 over 97,97.0,27,extreme tiredness
V00386,P0291,2025-09-27,42.0,Female,chestpain,ER,Critical,39.3C,139.0,148 over 62,83.0,3,chest pain since 2 hrs
V00387,P0292,2025-09-20,72.0,Male,bak pain,general medicine,Medium,39.9C,91.0,135 over 82,99.0,45,back pain while sitting
V00388,P0292,2025-12-07,72.0,Male,Chest Pain,Emergency,High,36.1C,119.0,144-64,91.0,14,chest pain since 2 hrs
V00389,P0293,2025-02-07,43.0,male,stomach pain,Gastro,Medium,103.3F,95.0,139-90,100.0,32,pain in lower abdomen
V00390,P0294,2025-11-13,19.0,male,N/V,Gastro,Medium,37.3C,81.0,124-68,96.0,38,pt reports N/V since last nite
V00391,P0295,2025-09-26,2.0,male,nausea,Gen Med,Medium,37.8C,79.0,142-78,97.0,47,nausea with vomiting
V00392,P0296,2025-02-19,86.0,male,Head Ache,Neurology,Low,38.4C,83.0,151-62,98.0,57,severe headache since morning
V00393,P0296,2025-10-30,86.0,male,Back Pain,Emergency Dept,Medium,104.5F,91.0,115/66,96.0,49,pt reports lumbar pain
V00394,P0297,2025-03-16,60.0,Male,abdo pain,General Medicine,Medium,104.2F,92.0,110-92,98.0,57,pain in lower abdomen
V00395,P0298,2025-12-27,22.0,male,Dizziness,general medicine,Low,104.5F,72.0,124/95,99.0,71,pt feels dizzy since mornng
V00396,P0299,2025-07-21,66.0,female,lethargy,Cardiology,Medium,36.8C,87.0,120 over 88,98.0,24,pt reports weakness since 3 days
V00397,P0299,2025-08-17,66.0,,headache,General Medicine,Medium,98.6F,76.0,139-84,97.0,59,severe headache since morning
V00398,P0299,2025-09-07,66.0,female,weakness,,Medium,40.4C,85.0,101-70,100.0,34,pt reports weakness since 3 days
V00399,P0300,2025-07-23,21.0,M,bak pain,general medicine,Medium,38.4C,77.0,123/70,99.0,22,pt reports lumbar pain
V00400,P0301,2025-01-26,7.0,,hedache,neuro dept,Medium,39.2C,88.0,113 over 99,96.0,51,migraine like symptoms
V00401,P0302,2025-01-30,62.0,male,fatigue,cardiology,Low,39.0C,83.0,145/100,100.0,50,pt reports weakness since 3 days
V00402,P0303,2025-05-19,9.0,male,fever,Emergency Dept,Medium,102.6F,100.0,159/73,96.0,29,pt reports fever and chills
V00403,P0304,2025-06-03,69.0,,Sore Throat,Ear Nose Throat,Low,36.1C,68.0,107 over 93,97.0,53,throat pain while swallowing
V00404,P0305,2025-05-19,62.0,Female,abdo pain,Gastroenterology,Medium,103.8F,88.0,123-76,95.0,42,pt reports abd pain
V00405,P0306,2025-01-01,24.0,,Back Pain,Emergency Dept,Medium,38.1C,78.0,118 over 60,100.0,48,back pain while sitting
V00406,P0307,2025-04-25,72.0,male,Back Pain,Gen Med,Low,38.0C,82.0,115 over 63,100.0,94,pt reports lumbar pain
V00407,P0307,2025-05-03,72.0,male,bak pain,general medicine,Medium,36.5C,86.0,111/82,97.0,32,pt reports lumbar pain
V00408,P0308,2025-05-19,47.0,Male,abd pain,general medicine,Medium,36.1C,77.0,160 over 65,96.0,25,stomach ache since last night
V00409,P0309,2025-06-29,48.0,F,Nausea,,Medium,38.7C,96.0,108-85,100.0,46,nausea with vomiting
V00410,P0310,2025-08-30,26.0,,throat ache,Ear Nose Throat,Low,40.3C,69.0,107/67,97.0,101,throat pain while swallowing
V00411,P0311,2025-03-10,53.0,F,high temp,general medicine,Low,38.7C,70.0,131-98,100.0,40,high fevr since yesterday
V00412,P0311,2025-11-01,,,weakness,CARDIO,Medium,38.0C,92.0,126 over 87,99.0,42,fatigue and lethargy
V00413,P0312,2025-10-11,,female,nausea/vomiting,Gen Med,Medium,37.9C,76.0,149/76,95.0,54,feeling sick after meals
V00414,P0313,2025-11-27,81.0,M,chest pain,Cardio,High,37.8C,99.0,153-90,96.0,16,pain in chest while walking
V00415,P0314,2025-11-08,89.0,Male,HA,general medicine,Low,36.8C,70.0,117/93,100.0,119,hedache for 3 days
V00416,P0315,2025-04-17,73.0,Male,shortness of breath,pulmonology,High,37.2C,116.0,106/69,,30,difficulty breathing since last night
V00417,P0316,2025-10-16,38.0,Male,Fever,General Medicine,Low,39.1C,68.0,122 over 75,100.0,103,high fevr since yesterday
V00418,P0317,2025-07-08,55.0,male,throat pain,ent dept,Low,39.2C,61.0,141 over 81,100.0,47,throat pain while swallowing
V00419,P0318,2025-07-20,1.0,F,feeling sick,Gastroenterology,Low,38.3C,85.0,102-81,98.0,80,nausea with vomiting
V00420,P0319,2025-04-18,87.0,female,abd pain,GI,Medium,38.2C,84.0,142/68,97.0,20,stomach ache since last night
V00421,P0320,2025-07-02,30.0,Male,difficulty breathing,pulmonology,Critical,38.8C,134.0,130/78,82.0,5,difficulty breathing since last night
V00422,P0321,2025-09-01,40.0,F,tiredness,general medicine,Medium,39.4C,89.0,140/73,95.0,43,pt reports weakness since 3 days
V00423,P0322,2025-10-25,,Female,back pain,ER,Low,,60.0,129 over 79,100.0,56,lower bak pain since 2 days
V00424,P0323,2025-11-20,88.0,female,stomach pain,General Medicine,Medium,39.0C,99.0,151-97,99.0,52,pain in lower abdomen
V00425,P0323,2025-01-18,88.0,female,chst pain,Cardiology,High,39.7C,96.0,152/90,94.0,25,pain in chest while walking
V00426,P0324,2025-07-04,18.0,F,Fatigue,Cardio,Medium,37.1C,95.0,138/68,100.0,22,fatigue and lethargy
V00427,P0325,2025-10-28,10.0,,abdominal pain,GI,Medium,39.0C,78.0,144/77,96.0,22,pain in lower abdomen
V00428,P0326,2025-01-14,4.0,Female,Dizziness,neuro dept,Medium,38.6C,85.0,141/79,100.0,40,lightheaded on standing
V00429,P0327,2025-06-03,30.0,M,Sore Throat,Gen Med,Low,102.6F,64.0,122 over 95,96.0,55,sore throut since yesterday
V00430,P0328,2025-06-23,35.0,,nausea,general medicine,Medium,100.6F,82.0,109/92,98.0,59,feeling sick after meals
V00431,P0329,2025-03-24,62.0,M,dry cough,pulmonology,Medium,100.2F,75.0,101 over 99,95.0,59,persistent coughing
V00432,P0330,2025-01-23,66.0,M,abdo pain,GI,Medium,36.3C,97.0,115/70,97.0,42,pain in lower abdomen
V00433,P0330,2025-04-01,66.0,M,breathlessness,pulmonology,High,102.7F,114.0,139-61,94.0,29,breathlessness since morning
V00434,P0331,2025-11-05,54.0,male,,pulmonology,High,36.9C,102.0,132 over 87,93.0,18,breathlessness since morning
V00435,P0332,2025-07-17,54.0,female,tiredness,Gen Med,Low,101.1F,77.0,106/98,96.0,90,fatigue and lethargy
V00436,P0333,2025-12-02,86.0,Male,Cough,General Medicine,Low,100.0F,81.0,140 over 81,97.0,57,dry cough for 1 week
V00437,P0334,2025-11-13,11.0,male,nausea/vomiting,Gastroenterology,Medium,99.5F,94.0,141-90,97.0,59,feeling sick after meals
V00438,P0335,2025-10-10,74.0,male,head-ache,Gen Med,Medium,38.6C,82.0,153-73,95.0,29,severe headache since morning
V00439,P0336,2025-01-18,18.0,M,CHEST PAIN,Cardio,Critical,100.4F,148.0,147 over 96,85.0,13,pain in chest while walking
V00440,P0337,2025-12-13,70.0,F,chestpain,ER,Critical,39.9C,111.0,119 over 94,83.0,11,chest pain since 2 hrs
V00441,P0338,2025-11-13,3.0,,coughing,Pulmonology,Low,101.7F,77.0,116/86,,120,cough with mild fever
V00442,P0338,2025-03-03,3.0,female,back pain,A&E,Low,97.7F,71.0,152-77,99.0,51,back pain while sitting
V00443,P0339,2025-04-06,53.0,F,tiredness,Gen Med,Medium,38.6C,96.0,103 over 67,99.0,25,fatigue and lethargy
V00444,P0340,2025-05-13,38.0,Female,lumbar pain,General Medicine,Low,37.4C,79.0,100 over 67,96.0,99,back pain while sitting
V00445,P0341,2025-05-18,,male,abd pain,Gastroenterology,Medium,103.8F,77.0,137-99,97.0,35,stomach ache since last night
V00446,P0342,2025-01-08,81.0,female,Fever,A&E,Low,102.4F,70.0,151-79,96.0,75,high fevr since yesterday
V00447,P0343,2025-01-09,59.0,,back pain,Emergency Dept,Medium,103.5F,82.0,101-70,99.0,55,back pain while sitting
V00448,P0344,2025-07-15,65.0,,chestpain,cardiology,Critical,101.3F,114.0,147/62,88.0,6,pt has chst pain frm morning
V00449,P0345,2025-03-05,9.0,Female,back pain,Emergency Dept,Low,37.4C,77.0,103-67,96.0,101,pt reports lumbar pain
V00450,P0346,2025-12-02,80.0,female,HA,Neuro,Medium,39.7C,87.0,109 over 84,100.0,45,hedache for 3 days
V00451,P0346,2025-06-22,80.0,,lumbar pain,General Medicine,Medium,101.7F,89.0,148/86,97.0,49,lower bak pain since 2 days
V00452,P0347,2025-12-25,57.0,M,dizzy,Gen Med,Low,36.2C,65.0,160/82,95.0,89,pt feels dizzy since mornng
V00453,P0348,2025-05-01,58.0,male,hedache,Gen Med,Medium,97.0F,100.0,143-68,95.0,55,hedache for 3 days
V00454,P0349,2025-04-01,63.0,female,shortness of breath,Pulmonology,High,38.6C,112.0,123/68,96.0,10,breathlessness since morning
V00455,P0350,2025-07-21,69.0,F,high temp,general medicine,Medium,38.2C,97.0,100 over 80,95.0,45,pt reports fever and chills
V00456,P0351,2025-01-22,65.0,M,headache,general medicine,Medium,36.5C,98.0,132/79,99.0,50,migraine like symptoms
V00457,P0352,2025-05-07,,F,headache,general medicine,Medium,97.0F,96.0,147/62,97.0,44,severe headache since morning
V00458,P0352,2025-06-14,,F,fatigue,General Medicine,Low,101.1F,85.0,131-75,95.0,81,fatigue and lethargy
V00459,P0353,2025-02-27,51.0,,abdo pain,Gen Med,Medium,103.3F,87.0,152 over 74,97.0,60,stomach ache since last night
V00460,P0353,2025-12-16,51.0,F,cough,pulmonology,Medium,38.4C,91.0,117-99,98.0,43,dry cough for 1 week
V00461,P0354,2025-04-11,59.0,Female,weakness,general medicine,Low,39.0C,62.0,153-65,97.0,79,fatigue and lethargy
V00462,P0355,2025-10-07,76.0,male,difficulty breathing,Pulmo,High,97.2F,102.0,114/97,90.0,14,sob while walking
V00463,P0356,2025-03-23,48.0,male,Fatigue,Cardiology,Low,99.5F,76.0,105-79,,62,pt reports weakness since 3 days
V00464,P0356,2025-03-26,48.0,male,Cough,Pulmonology,Low,39.3C,83.0,100-76,100.0,41,persistent coughing
V00465,P0357,2025-07-03,83.0,Female,HA,Gen Med,Medium,38.2C,86.0,100/70,96.0,24,migraine like symptoms
V00466,P0358,2025-10-08,69.0,Male,dizziness,Neuro,Medium,100.2F,,103-72,98.0,48,pt feels dizzy since mornng
V00467,P0359,2025-04-14,62.0,Male,dry cough,General Medicine,Low,38.3C,80.0,133/77,95.0,75,dry cough for 1 week
V00468,P0360,2025-08-30,81.0,F,abdo pain,General Medicine,Medium,36.5C,76.0,105-88,98.0,28,pt reports abd pain
V00469,P0361,2025-06-20,16.0,M,Fever,Gen Med,Low,99.5F,69.0,138/74,99.0,56,high fevr since yesterday
V00470,P0362,2025-03-05,66.0,male,back pain,General Medicine,Low,101.5F,65.0,108 over 90,100.0,71,lower bak pain since 2 days
V00471,P0362,2025-12-03,66.0,male,abdominal pain,Gen Med,Medium,97.5F,86.0,100-78,96.0,50,pt reports abd pain
V00472,P0363,2025-04-14,49.0,M,,general medicine,Medium,37.2C,97.0,145 over 80,97.0,41,back pain while sitting
V00473,P0364,2025-03-20,12.0,Female,Chest Pain,CARDIO,High,103.3F,105.0,110-67,93.0,15,pain in chest while walking
V00474,P0365,2025-01-09,69.0,female,abdo pain,Gastro,Medium,37.3C,86.0,158/99,99.0,42,pain in lower abdomen
V00475,P0366,2025-08-28,10.0,female,fatigue,Gen Med,Low,39.8C,84.0,111 over 72,96.0,90,fatigue and lethargy
V00476,P0367,2025-03-28,71.0,M,Fever,general medicine,Medium,102.7F,78.0,131-61,96.0,47,pt reports fever and chills
V00477,P0367,2025-04-02,71.0,M,abdo pain,,Medium,102.4F,78.0,143/82,,46,pt reports abd pain
V00478,P0368,2025-10-02,59.0,male,throat ache,General Medicine,Low,38.4C,64.0,103/82,96.0,71,sore throut since yesterday
V00479,P0369,2025-08-20,9.0,M,Head Ache,Neurology,Medium,39.6C,80.0,156 over 76,99.0,41,severe headache since morning
V00480,P0370,2025-11-11,,F,throat ache,ENT,Low,97.3F,78.0,123-65,100.0,118,throat pain while swallowing
V00481,P0371,2025-07-01,4.0,Male,coughing,Gen Med,Medium,39.2C,98.0,150-86,100.0,24,dry cough for 1 week
V00482,P0372,2025-10-08,12.0,female,headache,neuro dept,Low,97.9F,77.0,109 over 66,96.0,45,migraine like symptoms
V00483,P0372,2025-09-23,12.0,female,Back Pain,A&E,Low,98.2F,66.0,152-89,98.0,78,lower bak pain since 2 days
V00484,P0373,2025-11-15,44.0,Female,bak pain,Gen Med,Medium,97.0F,88.0,145-98,97.0,45,back pain while sitting
V00485,P0374,2025-08-19,,Female,Fatigue,Gen Med,Medium,99.1F,98.0,104-64,99.0,29,pt reports weakness since 3 days
V00486,P0375,2025-02-14,9.0,M,dry cough,Pulmo,Medium,103.5F,95.0,119/98,95.0,27,dry cough for 1 week
V00487,P0376,2025-02-14,16.0,F,high fever,General Medicine,Low,37.7C,64.0,119/87,99.0,42,pt reports fever and chills
V00488,P0377,2025-12-17,65.0,,vertigo,Neuro,Low,39.4C,63.0,160 over 89,97.0,41,vertigo like symptoms
V00489,P0377,2025-01-26,65.0,,Back Pain,A&E,Medium,36.3C,84.0,112-76,96.0,55,lower bak pain since 2 days
V00490,P0378,2025-11-08,48.0,F,abdominal pain,general medicine,Medium,37.3C,98.0,101-86,99.0,52,stomach ache since last night
V00491,P0379,2025-03-01,26.0,female,stomach pain,general medicine,Medium,103.8F,93.0,123-62,100.0,22,pain in lower abdomen
V00492,P0380,2025-10-30,21.0,male,hedache,,Low,97.2F,78.0,124/83,97.0,87,severe headache since morning
V00493,P0381,2025-12-04,58.0,M,CHEST PAIN,Cardio,Critical,97.3F,111.0,122 over 70,92.0,0,chest pain since 2 hrs
V00494,P0381,2025-07-29,58.0,M,tiredness,Cardio,Medium,99.5F,97.0,150-64,97.0,25,pt reports weakness since 3 days
V00495,P0382,2025-02-02,,male,N/V,,Low,38.1C,79.0,123/75,100.0,79,pt reports N/V since last nite
V00496,P0383,2025-08-09,6.0,F,fever,Emergency Dept,Low,39.4C,84.0,112-85,99.0,42,high fevr since yesterday
V00497,P0383,2025-02-28,6.0,F,CHEST PAIN,Emergency Dept,Critical,97.7F,127.0,137/84,88.0,12,pain in chest while walking
V00498,P0384,2025-05-09,14.0,Male,breathlessness,Pulmo,High,37.7C,116.0,139 over 93,90.0,13,breathlessness since morning
V00499,P0385,2025-12-20,,Male,abd pain,Gen Med,Medium,39.6C,94.0,142/99,98.0,50,pt reports abd pain
V00500,P0385,2025-03-14,46.0,Male,chst pain,Cardio,High,37.7C,107.0,107 over 62,95.0,22,chest pain since 2 hrs
V00501,P0386,2025-05-03,74.0,Female,tiredness,cardiology,Medium,104.4F,100.0,131/100,95.0,45,extreme tiredness
V00502,P0386,2025-06-29,74.0,,sore throut,general medicine,Low,37.8C,76.0,159/69,95.0,82,pt reports throat ache
V00503,P0387,2025-06-21,75.0,Male,abdominal pain,Gen Med,Medium,37.6C,87.0,139/96,100.0,22,pt reports abd pain
V00504,P0388,2025-12-29,81.0,F,N/V,GI,Medium,38.8C,80.0,151/67,97.0,42,pt reports N/V since last nite
V00505,P0389,2025-07-18,30.0,M,hedache,Gen Med,Low,37.8C,76.0,155 over 77,98.0,61,hedache for 3 days
V00506,P0390,2025-07-02,77.0,male,Back Pain,A&E,Medium,38.5C,89.0,159-84,97.0,28,lower bak pain since 2 days
V00507,P0391,2025-11-09,56.0,Female,persistent cough,pulmonology,Medium,38.3C,,113 over 95,97.0,38,cough with mild fever
V00508,P0391,2025-04-08,56.0,Female,throat ache,Ear Nose Throat,Low,99.1F,71.0,130 over 69,99.0,89,sore throut since yesterday
V00509,P0392,2025-03-23,34.0,Female,SOB,ER,Critical,98.2F,111.0,147/75,85.0,4,breathlessness since morning
V00510,P0393,2025-03-17,48.0,male,lower back pain,general medicine,Medium,97.7F,82.0,107 over 65,99.0,22,back pain while sitting
V00511,P0394,2025-05-25,50.0,F,lethargy,CARDIO,Medium,98.1F,81.0,135/95,97.0,48,pt reports weakness since 3 days
V00512,P0394,2025-12-18,50.0,F,SOB,ER,Critical,37.0C,115.0,147 over 91,86.0,11,breathlessness since morning
V00513,P0395,2025-04-15,34.0,Male,nausea,Gastroenterology,Medium,39.4C,99.0,148 over 75,99.0,31,feeling sick after meals
V00514,P0395,2025-10-19,34.0,Male,abd pain,General Medicine,Medium,38.4C,81.0,125-81,97.0,28,stomach ache since last night
V00515,P0396,2025-05-21,55.0,M,tiredness,cardiology,Low,96.8F,80.0,129/85,100.0,79,pt reports weakness since 3 days
V00516,P0397,2025-02-11,29.0,female,weakness,CARDIO,Medium,99.7F,87.0,131/80,100.0,38,pt reports weakness since 3 days
V00517,P0398,2025-12-12,40.0,M,chestpain,Cardio,Critical,103.3F,114.0,153/60,89.0,9,pain in chest while walking
V00518,P0399,2025-02-20,17.0,Male,persistent cough,general medicine,Low,36.9C,75.0,150-68,99.0,119,persistent coughing
V00519,P0399,2025-02-19,17.0,Male,nausea/vomiting,general medicine,Medium,37.4C,76.0,104/93,98.0,55,nausea with vomiting
V00520,P0400,2025-02-04,17.0,female,chst pain,Cardio,High,39.0C,117.0,112-68,96.0,16,pain in chest while walking
V00521,P0401,2025-09-05,69.0,male,throat pain,Gen Med,Low,101.8F,61.0,153/81,98.0,79,sore throut since yesterday
V00522,P0402,2025-05-22,,male,feeling sick,Gastroenterology,Medium,36.9C,78.0,149-79,96.0,31,feeling sick after meals
V00523,P0402,2025-04-08,31.0,male,cough,Gen Med,Low,40.5C,67.0,130/87,98.0,89,dry cough for 1 week
V00524,P0403,2025-12-12,,,throat pain,general medicine,Low,38.0C,75.0,141 over 63,100.0,50,throat pain while swallowing
V00525,P0403,2025-04-17,4.0,F,Fatigue,Gen Med,Low,104.5F,76.0,113/74,100.0,102,pt reports weakness since 3 days
V00526,P0403,2025-03-13,4.0,F,N/V,general medicine,Medium,39.8C,82.0,103-84,99.0,26,nausea with vomiting
V00527,P0404,2025-08-07,49.0,male,vertigo,neuro dept,Medium,96.8F,89.0,113 over 76,100.0,58,vertigo like symptoms
V00528,P0405,2025-08-13,64.0,Male,bak pain,,Medium,36.2C,90.0,145-70,100.0,41,pt reports lumbar pain
V00529,P0406,2025-10-12,2.0,male,short of breath,A&E,High,38.9C,97.0,129 over 94,91.0,12,sob while walking
V00530,P0407,2025-03-30,63.0,female,lumbar pain,ER,Medium,104.7F,81.0,123/80,97.0,50,back pain while sitting
V00531,P0408,2025-06-01,25.0,F,chest pain,CARDIO,High,38.2C,113.0,129/96,96.0,21,chest pain since 2 hrs
V00532,P0409,2025-11-03,11.0,F,high temp,General Medicine,Low,37.9C,81.0,127-62,95.0,115,pt reports fever and chills
V00533,P0410,2025-03-08,31.0,Male,breathlessness,Pulmonology,Critical,38.8C,146.0,156 over 100,84.0,13,breathlessness since morning
V00534,P0411,2025-08-01,3.0,Female,coughing,pulmonology,Low,97.0F,80.0,120-78,95.0,52,persistent coughing
V00535,P0411,2025-08-18,3.0,Female,Head Ache,,Medium,100.0F,93.0,154/69,100.0,21,hedache for 3 days
V00536,P0412,2025-05-27,49.0,F,fevr,A&E,Medium,40.3C,86.0,146/85,100.0,41,body ache with fever
V00537,P0413,2025-02-21,52.0,M,fevr,A&E,Low,,77.0,101 over 93,95.0,54,pt reports fever and chills
V00538,P0414,2025-12-24,36.0,,throat pain,General Medicine,Low,,64.0,134 over 90,98.0,97,sore throut since yesterday
V00539,P0415,2025-07-04,48.0,F,stomach pain,Gastro,Medium,39.3C,81.0,125-76,97.0,24,pain in lower abdomen
V00540,P0416,2025-03-26,77.0,F,abdominal pain,General Medicine,Medium,37.2C,82.0,110-77,96.0,39,pain in lower abdomen
V00541,P0416,2025-07-31,77.0,F,feeling sick,GI,Low,97.9F,69.0,112-75,99.0,47,feeling sick after meals
V00542,P0417,2025-01-20,80.0,Female,Fatigue,General Medicine,Medium,104.4F,76.0,142/90,99.0,21,fatigue and lethargy
V00543,P0417,2025-10-11,,Female,lightheaded,general medicine,Low,37.7C,67.0,126/98,100.0,76,pt feels dizzy since mornng
V00544,P0418,2025-09-11,,F,throat pain,general medicine,Low,40.3C,65.0,151-86,97.0,60,throat pain while swallowing
V00545,P0419,2025-10-10,89.0,female,Nausea,Gen Med,Low,102.2F,64.0,149/72,100.0,82,nausea with vomiting
V00546,P0420,2025-10-07,67.0,female,fever,Gen Med,Low,103.3F,71.0,141/98,99.0,40,body ache with fever
V00547,P0421,2025-06-24,74.0,Male,abd pain,General Medicine,Medium,101.5F,77.0,109 over 77,98.0,51,pt reports abd pain
V00548,P0421,2025-04-14,74.0,Male,weakness,general medicine,Medium,36.6C,81.0,139/94,97.0,38,fatigue and lethargy
V00549,P0421,2025-01-19,74.0,Male,short of breath,Pulmonology,High,102.9F,106.0,128/68,96.0,10,sob while walking
V00550,P0422,2025-04-02,9.0,M,SOB,ER,Critical,39.9C,140.0,153 over 99,82.0,14,difficulty breathing since last night
V00551,P0422,2025-05-11,,M,lethargy,Cardiology,Low,38.4C,82.0,118 over 66,97.0,64,extreme tiredness
V00552,P0423,2025-01-22,14.0,female,Cough,Gen Med,Medium,104.4F,78.0,102-75,100.0,41,dry cough for 1 week
V00553,P0424,2025-06-19,33.0,,dizzy,Neuro,Low,39.4C,81.0,113 over 98,95.0,115,vertigo like symptoms
V00554,P0425,2025-06-26,69.0,Female,breathlessness,A&E,Critical,40.5C,111.0,126 over 76,90.0,1,difficulty breathing since last night
V00555,P0425,2025-10-19,69.0,Female,chst pain,ER,High,36.1C,97.0,120 over 69,96.0,18,pain in chest while walking
V00556,P0426,2025-12-23,,,Fatigue,general medicine,Low,98.6F,63.0,121-98,96.0,42,fatigue and lethargy
V00557,P0427,2025-07-12,53.0,female,high fever,Emergency,Low,,81.0,122 over 89,,61,high fevr since yesterday
V00558,P0428,2025-07-11,10.0,M,abdominal pain,Gastro,Medium,38.3C,95.0,140 over 85,100.0,42,stomach ache since last night
V00559,P0429,2025-10-24,51.0,male,chst pain,cardiology,Critical,101.8F,141.0,145 over 74,92.0,7,chest pain since 2 hrs
V00560,P0430,2025-12-05,86.0,Male,fatigue,Cardio,Medium,39.2C,95.0,137-74,97.0,41,fatigue and lethargy
V00561,P0430,2025-01-07,86.0,Male,bak pain,general medicine,Low,96.8F,70.0,128 over 64,99.0,76,back pain while sitting
V00562,P0431,2025-05-14,14.0,male,N/V,Gen Med,Low,103.5F,67.0,153 over 65,99.0,65,nausea with vomiting
V00563,P0431,2025-10-31,14.0,male,nausea,gastro dept,Medium,99.5F,82.0,101/65,99.0,28,nausea with vomiting
V00564,P0432,2025-06-22,,male,SOB,A&E,High,98.8F,102.0,109-76,91.0,27,breathlessness since morning
V00565,P0433,2025-07-19,7.0,F,breathlessness,Pulmo,Critical,100.9F,136.0,110/60,82.0,2,breathlessness since morning
V00566,P0434,2025-03-31,1.0,female,persistent cough,general medicine,Low,,82.0,136 over 97,99.0,60,cough with mild fever
V00567,P0434,2025-04-06,1.0,female,dry cough,pulmonology,Low,97.2F,81.0,129/98,97.0,90,dry cough for 1 week
V00568,P0434,2025-02-12,,female,coughing,general medicine,Medium,37.9C,80.0,138-97,98.0,22,persistent coughing
V00569,P0435,2025-06-26,47.0,Male,throat ache,,Low,37.3C,67.0,151 over 73,99.0,110,pt reports throat ache
V00570,P0436,2025-03-26,35.0,F,lethargy,General Medicine,Medium,38.7C,78.0,116 over 62,99.0,23,extreme tiredness
V00571,P0437,2025-12-13,5.0,Female,chest pain,Emergency,Critical,104.7F,142.0,159 over 74,88.0,0,chest pain since 2 hrs
V00572,P0438,2025-10-24,47.0,F,Cough,,Low,40.1C,62.0,135 over 97,95.0,58,dry cough for 1 week
V00573,P0439,2025-04-11,7.0,Female,high temp,,Medium,104.5F,94.0,149-77,99.0,23,body ache with fever
V00574,P0440,2025-06-06,8.0,Female,head-ache,Neurology,Medium,36.2C,86.0,113-62,96.0,27,migraine like symptoms
V00575,P0440,2025-03-26,8.0,,dry cough,general medicine,Low,37.2C,,141-63,98.0,109,cough with mild fever
V00576,P0441,2025-09-18,38.0,female,sore throat,general medicine,Low,40.3C,75.0,119/95,98.0,79,pt reports throat ache
V00577,P0442,2025-10-28,61.0,Female,dizzy,Neuro,Low,38.6C,73.0,129/95,99.0,112,vertigo like symptoms
V00578,P0443,2025-01-07,38.0,male,difficulty breathing,Emergency,Critical,38.0C,130.0,128-70,89.0,3,difficulty breathing since last night
V00579,P0444,2025-04-28,78.0,Female,Sore Throat,ENT,Low,97.3F,83.0,115 over 95,97.0,109,throat pain while swallowing
V00580,P0445,2025-05-22,85.0,M,nausea,Gen Med,Medium,39.9C,90.0,128 over 96,95.0,44,pt reports N/V since last nite
V00581,P0446,2025-09-30,23.0,M,chestpain,Emergency,High,100.0F,112.0,141/89,92.0,20,pain in chest while walking
V00582,P0447,2025-06-16,55.0,male,bak pain,A&E,Medium,39.6C,96.0,103-83,95.0,33,back pain while sitting
V00583,P0448,2025-03-29,,Male,CHEST PAIN,cardiology,High,39.1C,102.0,141 over 75,92.0,16,chest pain since 2 hrs
V00584,P0448,2025-10-11,10.0,Male,head-ache,general medicine,Low,40.2C,,116/90,95.0,67,hedache for 3 days
V00585,P0449,2025-06-24,,Male,,ER,High,38.4C,110.0,143/87,96.0,26,pt has chst pain frm morning
V00586,P0450,2025-08-01,37.0,Female,bak pain,Emergency,Low,37.0C,63.0,114 over 71,95.0,92,back pain while sitting
V00587,P0450,2025-01-30,37.0,Female,dizziness,General Medicine,Medium,37.1C,77.0,144-80,98.0,23,lightheaded on standing
V00588,P0451,2025-03-21,84.0,F,Chest Pain,A&E,High,97.3F,113.0,120/77,90.0,18,pain in chest while walking
V00589,P0451,2025-11-27,84.0,F,N/V,general medicine,Medium,103.6F,77.0,133/79,99.0,37,nausea with vomiting
V00590,P0451,2025-09-13,84.0,F,coughing,General Medicine,Medium,97.7F,79.0,133-77,97.0,51,dry cough for 1 week
V00591,P0452,2025-05-02,58.0,M,throat ache,General Medicine,Low,102.2F,84.0,142 over 99,96.0,91,pt reports throat ache
V00592,P0452,2025-08-01,58.0,M,lower back pain,general medicine,Low,103.5F,71.0,129 over 88,97.0,96,pt reports lumbar pain
V00593,P0453,2025-06-06,8.0,M,,Cardiology,Medium,97.0F,79.0,150 over 94,97.0,58,extreme tiredness
V00594,P0454,2025-04-04,72.0,M,cough,Pulmo,Medium,37.5C,93.0,109 over 94,100.0,51,dry cough for 1 week
V00595,P0455,2025-10-16,86.0,M,Back Pain,A&E,Medium,37.5C,82.0,124-69,97.0,42,back pain while sitting
V00596,P0455,2025-02-20,86.0,M,dizziness,Neurology,Low,102.9F,62.0,111-88,95.0,90,vertigo like symptoms
V00597,P0456,2025-11-20,77.0,male,fatigue,Gen Med,Low,98.2F,84.0,105 over 84,99.0,87,pt reports weakness since 3 days
V00598,P0457,2025-10-28,28.0,M,chest pain,cardiology,Critical,103.6F,119.0,155/75,88.0,4,pt has chst pain frm morning
V00599,P0458,2025-11-01,34.0,Male,HA,general medicine,Medium,38.9C,94.0,114-61,96.0,48,hedache for 3 days
V00600,P0459,2025-10-24,66.0,Female,Fever,general medicine,Low,38.0C,79.0,155-100,100.0,113,pt reports fever and chills
V00601,P0460,2025-05-21,,Female,chst pain,,High,99.9F,97.0,102/77,92.0,12,pain in chest while walking
V00602,P0460,2025-01-16,39.0,Female,short of breath,pulmonology,Critical,38.6C,126.0,107-66,83.0,9,difficulty breathing since last night
V00603,P0461,2025-05-25,17.0,female,lethargy,CARDIO,Medium,38.7C,82.0,156-87,97.0,58,fatigue and lethargy
V00604,P0462,2025-01-12,2.0,female,sore throut,ENT,Low,39.1C,65.0,117-94,95.0,81,sore throut since yesterday
V00605,P0463,2025-10-08,68.0,F,lightheaded,General Medicine,Medium,104.0F,88.0,104-96,98.0,45,pt feels dizzy since mornng
V00606,P0463,2025-05-18,68.0,F,abd pain,Gen Med,Medium,99.0F,99.0,146 over 72,98.0,57,pain in lower abdomen
V00607,P0464,2025-05-17,,Female,abd pain,General Medicine,Medium,36.5C,75.0,117 over 60,100.0,43,stomach ache since last night
V00608,P0464,2025-04-24,29.0,Female,nausea,Gastro,Low,102.9F,82.0,131 over 75,99.0,82,nausea with vomiting
V00609,P0464,2025-03-19,29.0,Female,CHEST PAIN,CARDIO,High,102.6F,115.0,104 over 77,90.0,28,pain in chest while walking
V00610,P0465,2025-03-18,,female,CHEST PAIN,cardiology,High,38.3C,117.0,152-96,93.0,15,pt has chst pain frm morning
V00611,P0465,2025-03-11,48.0,female,throat ache,Ear Nose Throat,Low,38.9C,64.0,121/90,99.0,58,sore throut since yesterday
V00612,P0466,2025-12-15,88.0,F,,A&E,Medium,36.0C,76.0,114-82,98.0,55,back pain while sitting
V00613,P0467,2025-12-22,73.0,female,SOB,Emergency Dept,Critical,100.8F,150.0,118/79,86.0,15,difficulty breathing since last night
V00614,P0468,2025-01-28,88.0,Male,dizzy,general medicine,Medium,104.7F,90.0,154/90,98.0,28,vertigo like symptoms
V00615,P0469,2025-05-05,39.0,male,sore throat,Gen Med,Low,39.1C,75.0,125-98,98.0,67,pt reports throat ache
V00616,P0469,2025-04-17,39.0,male,difficulty breathing,Emergency,High,37.4C,116.0,104/70,92.0,15,breathlessness since morning
V00617,P0470,2025-11-22,23.0,M,shortness of breath,pulmonology,Critical,97.7F,111.0,138/97,91.0,6,breathlessness since morning
V00618,P0471,2025-03-18,59.0,female,back pain,Gen Med,Medium,,75.0,141/95,96.0,23,back pain while sitting
V00619,P0471,2025-01-11,59.0,female,feeling sick,Gastroenterology,Low,36.4C,69.0,155-92,97.0,48,nausea with vomiting
V00620,P0472,2025-01-21,86.0,M,,Gen Med,Medium,39.4C,86.0,116 over 91,99.0,500,pt reports fever and chills
V00621,P0472,2025-04-02,86.0,M,chestpain,CARDIO,Critical,100.9F,148.0,144-60,84.0,0,pt has chst pain frm morning
V00622,P0472,2025-04-28,86.0,M,back pain,general medicine,Medium,39.9C,75.0,155 over 97,98.0,55,lower bak pain since 2 days
V00623,P0473,2025-05-26,54.0,F,lower back pain,ER,Low,37.4C,80.0,141-67,99.0,58,lower bak pain since 2 days
V00624,P0474,2025-01-20,25.0,Male,dizziness,Gen Med,Medium,37.2C,94.0,136 over 90,98.0,22,lightheaded on standing
V00625,P0475,2025-03-01,,Female,Nausea,Gastro,Low,102.9F,74.0,119 over 97,98.0,94,feeling sick after meals
V00626,P0476,2025-06-22,31.0,Male,HA,Gen Med,Low,98.2F,83.0,146 over 80,96.0,62,hedache for 3 days
V00627,P0477,2025-04-19,9.0,M,fatigue,cardiology,Medium,40.5C,92.0,106/71,100.0,32,extreme tiredness
V00628,P0478,2025-12-31,36.0,M,,Ear Nose Throat,Low,,73.0,129-70,96.0,49,sore throut since yesterday
V00629,P0479,2025-07-22,16.0,female,hedache,neuro dept,Medium,36.6C,82.0,134 over 72,97.0,47,hedache for 3 days
V00630,P0480,2025-01-27,25.0,female,dizzy,Neurology,Low,40.4C,63.0,123-85,99.0,104,pt feels dizzy since mornng
V00631,P0481,2025-10-22,8.0,F,nausea/vomiting,Gastro,Medium,97.2F,78.0,105-92,100.0,22,pt reports N/V since last nite
V00632,P0482,2025-12-20,19.0,Female,chst pain,ER,High,38.4C,112.0,108 over 78,93.0,17,chest pain since 2 hrs
V00633,P0483,2025-10-06,,F,dizzy,neuro dept,Medium,37.9C,94.0,119/67,97.0,500,pt feels dizzy since mornng
V00634,P0483,2025-11-21,14.0,F,high fever,A&E,Low,37.2C,62.0,118 over 97,97.0,80,high fevr since yesterday
V00635,P0484,2025-03-05,,F,lightheaded,General Medicine,Low,36.8C,72.0,155/78,95.0,85,lightheaded on standing
V00636,P0484,2025-05-04,19.0,F,hedache,General Medicine,Low,100.4F,85.0,151-87,99.0,71,hedache for 3 days
V00637,P0485,2025-01-07,49.0,,Dizziness,neuro dept,Medium,37.3C,92.0,125-62,97.0,22,vertigo like symptoms
V00638,P0486,2025-11-16,61.0,Male,shortness of breath,Pulmonology,High,102.0F,102.0,104-88,92.0,19,difficulty breathing since last night
V00639,P0486,2025-09-05,61.0,Male,chst pain,Emergency,Critical,101.3F,145.0,116/66,92.0,8,pt has chst pain frm morning
V00640,P0487,2025-08-06,68.0,Male,dry cough,general medicine,Medium,98.1F,94.0,153-66,100.0,51,dry cough for 1 week
V00641,P0488,2025-03-13,87.0,Male,weakness,general medicine,Low,37.4C,75.0,137 over 96,97.0,65,extreme tiredness
V00642,P0489,2025-01-07,9.0,Female,throat pain,General Medicine,Low,100.4F,84.0,135/100,96.0,68,sore throut since yesterday
V00643,P0490,2025-10-24,9.0,female,throat pain,Ear Nose Throat,Low,102.9F,77.0,108-82,97.0,52,throat pain while swallowing
V00644,P0491,2025-09-26,18.0,Male,fevr,General Medicine,Low,37.1C,65.0,131-100,98.0,79,pt reports fever and chills
V00645,P0492,2025-03-18,38.0,male,fevr,General Medicine,Low,39.9C,81.0,134/65,95.0,56,body ache with fever
V00646,P0493,2025-07-23,,Female,Sore Throat,general medicine,Low,37.2C,77.0,102/92,98.0,112,throat pain while swallowing
V00647,P0494,2025-12-15,90.0,Male,nausea/vomiting,general medicine,Low,98.6F,63.0,102/73,96.0,89,pt reports N/V since last nite
V00648,P0495,2025-02-16,44.0,Male,fatigue,General Medicine,Low,38.2C,63.0,134-60,97.0,93,fatigue and lethargy
V00649,P0496,2025-09-26,,Male,Back Pain,General Medicine,Low,37.2C,79.0,129-100,98.0,113,lower bak pain since 2 days
V00650,P0497,2025-07-03,59.0,F,difficulty breathing,Pulmo,High,36.6C,115.0,113 over 75,90.0,30,sob while walking
V00651,P0498,2025-10-29,,Male,chest pain,CARDIO,Critical,37.4C,123.0,110/77,84.0,9,chest pain since 2 hrs
V00652,P0498,2025-12-06,10.0,Male,tiredness,General Medicine,Low,38.0C,72.0,158 over 78,99.0,53,pt reports weakness since 3 days
V00653,P0498,2025-02-04,10.0,Male,Head Ache,General Medicine,Low,37.7C,69.0,152/79,98.0,109,migraine like symptoms
V00654,P0499,2025-01-25,78.0,Female,breathlessness,Emergency,Critical,38.0C,111.0,146-63,89.0,5,sob while walking
V00655,P0500,2025-10-14,2.0,Female,high temp,A&E,Low,40.2C,69.0,149 over 86,98.0,118,high fevr since yesterday
V00656,P0500,2025-05-09,2.0,Female,abd pain,gastro dept,Medium,,94.0,152/73,98.0,36,pain in lower abdomen
V00657,P0501,2025-08-14,81.0,Male,HA,neuro dept,Low,38.7C,81.0,156 over 96,99.0,67,severe headache since morning
V00658,P0502,2025-12-19,68.0,F,cough,pulmonology,Medium,97.3F,94.0,121 over 92,95.0,27,cough with mild fever
V00659,P0503,2025-10-03,84.0,Female,,cardiology,Low,99.7F,72.0,101/74,100.0,53,pt reports weakness since 3 days
V00660,P0503,2026-01-01,,Female,cough,Pulmo,Low,39.1C,80.0,136 over 68,98.0,43,persistent coughing
V00661,P0504,2025-08-21,,,SOB,Pulmo,High,101.1F,111.0,160/67,94.0,27,breathlessness since morning
V00662,P0505,2025-05-17,48.0,Male,sore throat,Gen Med,Low,39.4C,60.0,112-64,97.0,101,throat pain while swallowing
V00663,P0506,2025-07-30,40.0,male,shortness of breath,ER,Critical,97.5F,144.0,125-91,89.0,7,difficulty breathing since last night
V00664,P0507,2025-12-12,5.0,Female,SOB,Pulmonology,High,39.7C,110.0,122-75,96.0,14,breathlessness since morning
V00665,P0508,2025-09-24,11.0,female,fatigue,Gen Med,Medium,39.5C,85.0,105/83,96.0,48,extreme tiredness
V00666,P0509,2025-01-27,32.0,F,Head Ache,Neuro,Low,37.8C,65.0,114/83,98.0,87,severe headache since morning
V00667,P0509,2025-04-19,32.0,F,Dizziness,General Medicine,Medium,40.1C,88.0,113/82,97.0,37,pt feels dizzy since mornng
V00668,P0510,2025-09-26,56.0,M,throat pain,Ear Nose Throat,Low,39.7C,66.0,146/69,97.0,91,pt reports throat ache
V00669,P0510,2025-11-20,56.0,M,sore throat,Gen Med,Low,99.3F,75.0,123/87,100.0,71,pt reports throat ache
V00670,P0510,2025-09-21,56.0,M,short of breath,A&E,High,102.2F,117.0,115/90,93.0,12,sob while walking
V00671,P0511,2025-11-19,16.0,F,persistent cough,general medicine,Low,36.6C,72.0,157/85,98.0,48,dry cough for 1 week
V00672,P0512,2025-01-27,41.0,M,stomach pain,,Medium,40.4C,82.0,127 over 77,100.0,53,pain in lower abdomen
V00673,P0513,2025-02-01,88.0,M,coughing,pulmonology,Low,39.3C,78.0,144 over 67,97.0,62,persistent coughing
V00674,P0514,2025-09-20,1.0,female,abd pain,Gastro,Medium,36.6C,100.0,109-68,97.0,54,pt reports abd pain
V00675,P0515,2025-06-08,9.0,female,vertigo,Neuro,Medium,38.0C,98.0,102 over 91,98.0,23,pt feels dizzy since mornng
V00676,P0516,2025-09-12,51.0,Female,short of breath,Pulmonology,Critical,37.1C,115.0,100 over 92,82.0,14,sob while walking
V00677,P0517,2025-01-27,26.0,M,Nausea,Gastroenterology,Medium,39.2C,94.0,146-74,97.0,44,nausea with vomiting
V00678,P0518,2025-08-27,38.0,F,lightheaded,neuro dept,Low,38.8C,61.0,112-97,96.0,97,lightheaded on standing
V00679,P0519,2025-04-02,60.0,,vertigo,neuro dept,Medium,39.1C,79.0,142 over 60,98.0,56,pt feels dizzy since mornng
V00680,P0519,2025-05-22,60.0,M,headache,Neurology,Medium,103.8F,,130-78,100.0,43,migraine like symptoms
V00681,P0519,2025-09-20,60.0,M,coughing,,Low,104.5F,85.0,146-75,96.0,113,dry cough for 1 week
V00682,P0520,2025-02-28,88.0,male,hedache,Neuro,Medium,101.1F,80.0,110/94,97.0,20,hedache for 3 days
V00683,P0521,2025-10-23,75.0,Male,fatigue,general medicine,Medium,40.5C,100.0,129/84,99.0,37,fatigue and lethargy
V00684,P0522,2025-05-02,23.0,Female,lightheaded,general medicine,Medium,40.5C,93.0,116/81,98.0,56,vertigo like symptoms
V00685,P0523,2025-12-31,17.0,Male,sore throut,ENT,Low,37.2C,,112-98,100.0,115,pt reports throat ache
V00686,P0524,2025-06-04,23.0,M,dizziness,General Medicine,Low,39.1C,73.0,134/99,98.0,48,lightheaded on standing
V00687,P0524,2025-06-28,,M,persistent cough,Pulmo,Medium,37.3C,92.0,120-88,100.0,40,cough with mild fever
V00688,P0525,2025-10-11,63.0,Male,dizziness,general medicine,Low,39.4C,82.0,120 over 70,96.0,101,vertigo like symptoms
V00689,P0526,2025-06-17,70.0,M,stomach pain,general medicine,Medium,100.9F,89.0,120-78,98.0,23,pt reports abd pain
V00690,P0526,2025-06-16,70.0,M,lightheaded,neuro dept,Medium,101.7F,94.0,150/64,98.0,32,vertigo like symptoms
V00691,P0527,2025-10-19,80.0,Female,Fatigue,Gen Med,Low,36.3C,60.0,160/99,97.0,93,fatigue and lethargy
V00692,P0527,2025-06-27,80.0,Female,Cough,General Medicine,Low,39.0C,74.0,142-74,97.0,115,dry cough for 1 week
V00693,P0528,2025-07-24,2.0,male,head-ache,neuro dept,Medium,99.1F,92.0,155/62,100.0,50,severe headache since morning
V00694,P0529,2025-11-29,,M,,Emergency Dept,High,36.1C,117.0,133/87,96.0,20,pt has chst pain frm morning
V00695,P0530,2025-10-07,28.0,F,Chest Pain,Cardio,High,39.6C,103.0,103/85,96.0,24,pain in chest while walking
V00696,P0531,2025-04-27,47.0,Female,throat pain,General Medicine,Low,101.8F,64.0,116/66,95.0,75,sore throut since yesterday
V00697,P0531,2025-10-08,47.0,Female,vertigo,general medicine,Medium,36.1C,90.0,108-99,96.0,41,pt feels dizzy since mornng
V00698,P0532,2025-01-28,70.0,male,Head Ache,General Medicine,Medium,98.6F,84.0,100-62,99.0,31,migraine like symptoms
V00699,P0533,2025-05-30,84.0,male,coughing,Pulmonology,Medium,37.1C,75.0,153-97,99.0,60,dry cough for 1 week
V00700,P0534,2025-11-26,34.0,,lightheaded,General Medicine,Low,37.6C,71.0,121 over 89,97.0,108,lightheaded on standing
V00701,P0535,2025-12-03,15.0,female,Fever,general medicine,Low,40.1C,72.0,121-76,95.0,68,pt reports fever and chills
V00702,P0536,2025-08-14,51.0,M,head-ache,General Medicine,Medium,36.0C,77.0,158/72,95.0,58,hedache for 3 days
V00703,P0537,2025-04-02,9.0,F,Fever,Emergency Dept,Medium,36.2C,95.0,105/91,97.0,60,pt reports fever and chills
V00704,P0538,2025-06-20,58.0,male,lower back pain,Gen Med,Low,37.2C,75.0,127 over 98,99.0,62,pt reports lumbar pain
V00705,P0539,2025-09-08,38.0,female,stomach pain,Gen Med,Medium,104.5F,94.0,106 over 77,96.0,40,stomach ache since last night
V00706,P0539,2025-11-01,38.0,,sore throat,Ear Nose Throat,Low,37.0C,60.0,136-74,98.0,67,pt reports throat ache
V00707,P0540,2025-09-30,58.0,Male,breathlessness,A&E,High,36.9C,110.0,153 over 89,90.0,15,difficulty breathing since last night
V00708,P0541,2025-04-22,4.0,,lower back pain,Gen Med,Medium,36.3C,96.0,104-91,98.0,51,back pain while sitting
V00709,P0542,2025-06-07,6.0,male,abdo pain,Gastro,Medium,38.6C,100.0,122-98,100.0,57,pt reports abd pain
V00710,P0543,2025-08-30,,male,lethargy,Gen Med,Low,36.5C,60.0,141/66,99.0,62,fatigue and lethargy
V00711,P0543,2025-04-15,21.0,male,throat pain,general medicine,Low,39.3C,84.0,140/95,99.0,117,pt reports throat ache
V00712,P0544,2025-04-04,61.0,Male,weakness,General Medicine,Low,97.5F,77.0,123/71,100.0,89,extreme tiredness
V00713,P0545,2025-03-23,71.0,F,fevr,A&E,Medium,97.9F,77.0,152-81,96.0,58,high fevr since yesterday
V00714,P0545,2025-09-21,71.0,F,difficulty breathing,A&E,Critical,98.6F,123.0,106 over 65,90.0,14,breathlessness since morning
V00715,P0545,2025-03-29,71.0,F,abdo pain,Gastroenterology,Medium,97.7F,96.0,131 over 99,100.0,37,stomach ache since last night
V00716,P0546,2025-11-25,76.0,M,abdominal pain,Gastro,Medium,100.9F,89.0,129-79,97.0,34,pain in lower abdomen
V00717,P0547,2025-12-11,5.0,female,abdo pain,GI,Medium,99.5F,97.0,126 over 99,98.0,720,pain in lower abdomen
V00718,P0548,2025-10-19,36.0,M,bak pain,Gen Med,Low,38.1C,74.0,113/75,96.0,109,back pain while sitting
V00719,P0549,2025-11-16,61.0,M,coughing,Pulmo,Medium,36.6C,75.0,113/66,95.0,53,cough with mild fever
V00720,P0550,2025-09-10,76.0,F,bak pain,Emergency Dept,Medium,37.0C,84.0,119/80,98.0,25,back pain while sitting
V00721,P0550,2025-09-03,76.0,F,fever,Emergency,Low,38.0C,83.0,145 over 78,99.0,75,pt reports fever and chills
V00722,P0551,2025-09-14,89.0,F,headache,Gen Med,Medium,36.4C,82.0,156-62,98.0,34,migraine like symptoms
V00723,P0552,2025-06-28,65.0,M,,Emergency Dept,High,38.0C,99.0,127-85,96.0,15,pain in chest while walking
V00724,P0553,2025-07-21,24.0,Male,Fatigue,Cardio,Low,37.1C,85.0,103 over 85,95.0,117,extreme tiredness
V00725,P0553,2025-08-02,24.0,Male,nausea,Gastroenterology,Low,103.8F,73.0,152 over 76,100.0,600,pt reports N/V since last nite
V00726,P0554,2025-01-15,37.0,male,fatigue,general medicine,Low,98.1F,71.0,143-73,99.0,100,extreme tiredness
V00727,P0554,2025-05-10,37.0,male,lightheaded,general medicine,Low,39.6C,76.0,146-100,98.0,106,vertigo like symptoms
V00728,P0555,2025-07-21,58.0,female,lumbar pain,Gen Med,Medium,,76.0,144 over 98,97.0,29,back pain while sitting
V00729,P0556,2025-06-18,,F,lower back pain,Emergency Dept,Medium,40.2C,87.0,100 over 78,97.0,56,lower bak pain since 2 days
V00730,P0556,2025-06-07,17.0,F,abd pain,gastro dept,Medium,98.2F,75.0,116/78,97.0,54,pt reports abd pain
V00731,P0557,2025-08-11,65.0,male,lethargy,Gen Med,Medium,104.2F,79.0,142/66,96.0,600,extreme tiredness
V00732,P0558,2025-11-28,69.0,,N/V,general medicine,Low,103.3F,68.0,130/80,96.0,53,nausea with vomiting
V00733,P0559,2025-01-11,72.0,F,fever,General Medicine,Medium,102.4F,97.0,136/97,96.0,56,high fevr since yesterday
V00734,P0560,2025-06-04,56.0,male,chest pain,,Critical,39.5C,140.0,108-80,84.0,10,pain in chest while walking
V00735,P0561,2025-12-26,47.0,female,Fever,A&E,Medium,99.5F,88.0,156-93,98.0,27,pt reports fever and chills
V00736,P0562,2025-05-15,44.0,male,Back Pain,Emergency Dept,Low,100.9F,73.0,111 over 72,97.0,41,pt reports lumbar pain
V00737,P0563,2025-01-01,80.0,Female,fatigue,cardiology,Low,98.4F,64.0,114-100,97.0,94,pt reports weakness since 3 days
V00738,P0564,2025-04-11,9.0,Female,CHEST PAIN,Emergency Dept,High,37.8C,102.0,118-99,90.0,14,pain in chest while walking
V00739,P0565,2025-11-01,67.0,Male,Dizziness,neuro dept,Low,39.2C,79.0,144 over 95,100.0,43,lightheaded on standing
V00740,P0565,2025-01-21,67.0,Male,Chest Pain,Emergency Dept,Critical,97.2F,142.0,141-97,83.0,4,chest pain since 2 hrs
V00741,P0565,2025-03-21,67.0,Male,Sore Throat,ENT,Low,39.0C,72.0,105/89,96.0,52,pt reports throat ache
V00742,P0566,2025-12-01,35.0,Female,hedache,General Medicine,Medium,98.8F,97.0,117 over 71,95.0,25,hedache for 3 days
V00743,P0567,2025-06-26,33.0,F,throat ache,ENT,Low,36.3C,62.0,155/66,97.0,102,throat pain while swallowing
V00744,P0568,2025-04-04,30.0,female,,,Low,37.6C,63.0,156 over 88,97.0,75,pt reports N/V since last nite
V00745,P0569,2025-09-24,,Female,Dizziness,Gen Med,Low,36.6C,72.0,156-73,99.0,100,pt feels dizzy since mornng
V00746,P0570,2025-07-02,82.0,Male,lightheaded,Gen Med,Low,36.2C,74.0,147/87,96.0,103,vertigo like symptoms
V00747,P0570,2025-04-01,82.0,Male,feeling sick,GI,Medium,99.7F,94.0,126-89,95.0,38,pt reports N/V since last nite
V00748,P0571,2025-01-31,17.0,male,head-ache,Neuro,Medium,39.7C,91.0,144/91,98.0,50,migraine like symptoms
V00749,P0572,2025-06-21,85.0,F,CHEST PAIN,,Critical,104.2F,126.0,114/90,,14,pain in chest while walking
V00750,P0573,2025-08-21,35.0,male,nausea/vomiting,Gen Med,Low,36.1C,68.0,136 over 91,96.0,104,pt reports N/V since last nite
V00751,P0573,2025-06-04,35.0,male,high temp,A&E,Low,,68.0,122/61,100.0,67,pt reports fever and chills
V00752,P0573,2025-05-16,35.0,male,abd pain,Gastro,Medium,38.8C,76.0,152-83,98.0,37,pt reports abd pain
V00753,P0574,2025-05-10,69.0,M,headache,Gen Med,Low,36.9C,80.0,138-77,95.0,90,hedache for 3 days
V00754,P0575,2025-03-30,33.0,female,sore throut,Gen Med,Low,99.5F,80.0,112 over 70,95.0,68,sore throut since yesterday
V00755,P0576,2025-12-09,33.0,female,lightheaded,neuro dept,Low,40.3C,60.0,148-100,96.0,51,lightheaded on standing
V00756,P0576,2025-06-30,33.0,female,lower back pain,General Medicine,Medium,101.1F,80.0,138 over 63,100.0,38,back pain while sitting
V00757,P0577,2025-03-10,71.0,male,chst pain,CARDIO,Critical,102.9F,142.0,151-81,84.0,3,pain in chest while walking
V00758,P0577,2025-09-20,71.0,male,SOB,Pulmo,High,37.2C,110.0,136/70,91.0,14,sob while walking
V00759,P0578,2025-07-11,87.0,F,chest pain,,High,98.2F,105.0,138-79,91.0,13,chest pain since 2 hrs
V00760,P0579,2025-04-10,78.0,F,HA,Neuro,Medium,36.3C,84.0,108 over 83,96.0,31,migraine like symptoms
V00761,P0580,2025-08-04,,Male,breathlessness,Pulmo,Critical,102.7F,133.0,150 over 68,90.0,15,breathlessness since morning
V00762,P0581,2025-03-14,59.0,Female,nausea/vomiting,general medicine,Low,36.2C,62.0,143 over 90,95.0,69,pt reports N/V since last nite
V00763,P0582,2025-09-28,24.0,male,abdominal pain,General Medicine,Medium,40.1C,75.0,111/61,100.0,59,pain in lower abdomen
V00764,P0583,2025-08-15,10.0,M,Fever,Emergency Dept,Medium,100.4F,90.0,149-98,97.0,48,pt reports fever and chills
V00765,P0584,2025-09-23,19.0,M,Fever,,Medium,,88.0,119/62,95.0,500,pt reports fever and chills
V00766,P0585,2025-10-16,23.0,male,coughing,general medicine,Medium,38.7C,100.0,101-68,95.0,25,persistent coughing
V00767,P0585,2025-05-17,23.0,male,N/V,gastro dept,Medium,97.5F,100.0,147 over 76,100.0,59,feeling sick after meals
V00768,P0586,2025-05-05,43.0,F,Fever,ER,Low,39.7C,79.0,122 over 80,96.0,110,high fevr since yesterday
V00769,P0587,2025-11-25,42.0,Male,Nausea,general medicine,Medium,40.2C,75.0,154-74,99.0,46,nausea with vomiting
V00770,P0588,2025-02-25,,M,dizziness,Gen Med,Low,100.6F,77.0,114-90,97.0,50,pt feels dizzy since mornng
V00771,P0588,2025-10-28,70.0,M,Chest Pain,Emergency Dept,Critical,100.6F,150.0,100 over 74,92.0,1,pt has chst pain frm morning
V00772,P0589,2025-10-22,,female,Head Ache,general medicine,Medium,36.2C,78.0,122/84,95.0,32,migraine like symptoms
V00773,P0590,2025-06-20,4.0,Male,lower back pain,,Medium,40.2C,80.0,104 over 73,99.0,29,back pain while sitting
V00774,P0591,2025-03-14,55.0,Male,lower back pain,A&E,Low,99.9F,72.0,136 over 65,96.0,71,lower bak pain since 2 days
V00775,P0592,2025-05-13,27.0,Male,shortness of breath,Pulmonology,High,37.6C,100.0,151-87,90.0,16,sob while walking
V00776,P0593,2025-10-11,73.0,male,feeling sick,,Low,100.2F,83.0,155 over 95,97.0,55,nausea with vomiting
V00777,P0594,2025-12-09,70.0,male,breathlessness,Pulmonology,High,104.5F,117.0,151-79,94.0,28,breathlessness since morning
V00778,P0595,2025-10-22,54.0,M,difficulty breathing,Emergency Dept,High,104.7F,109.0,119/77,90.0,24,difficulty breathing since last night
V00779,P0596,2025-04-06,76.0,Male,,Cardio,Medium,36.5C,86.0,135/78,99.0,51,fatigue and lethargy
V00780,P0597,2025-01-30,76.0,Male,sore throat,general medicine,Low,100.0F,63.0,156/90,98.0,54,pt reports throat ache
V00781,P0598,2025-10-30,27.0,male,feeling sick,Gen Med,Medium,40.5C,83.0,156-88,96.0,45,feeling sick after meals
V00782,P0599,2025-12-30,87.0,Male,HA,Neuro,Medium,102.0F,80.0,101 over 91,99.0,53,hedache for 3 days
V00783,P0600,2025-10-21,49.0,male,lightheaded,,Low,104.4F,72.0,157 over 89,,69,pt feels dizzy since mornng
V00784,P0601,2025-08-22,65.0,F,Back Pain,A&E,Low,102.6F,76.0,110 over 96,100.0,88,lower bak pain since 2 days
V00785,P0602,2025-04-20,13.0,female,stomach pain,gastro dept,Medium,40.5C,78.0,141 over 75,95.0,32,pain in lower abdomen
V00786,P0603,2025-08-07,51.0,Female,tiredness,Cardiology,Low,40.4C,77.0,119-75,98.0,52,fatigue and lethargy
V00787,P0603,2025-08-21,51.0,Female,,General Medicine,Medium,97.0F,100.0,136/94,95.0,59,stomach ache since last night
V00788,P0603,2025-08-17,51.0,Female,dizzy,General Medicine,Medium,40.0C,76.0,131 over 80,99.0,52,vertigo like symptoms
V00789,P0604,2025-07-22,7.0,female,nausea,gastro dept,Low,36.5C,72.0,117-61,99.0,97,feeling sick after meals
V00790,P0604,2025-11-05,7.0,female,fever,Emergency,Low,100.9F,71.0,102-62,96.0,109,body ache with fever
V00791,P0605,2025-07-30,48.0,,fevr,General Medicine,Medium,39.0C,89.0,114 over 70,97.0,46,pt reports fever and chills
V00792,P0606,2025-06-10,10.0,M,sore throut,ENT,Low,,62.0,155/79,100.0,50,throat pain while swallowing
V00793,P0607,2025-09-13,60.0,male,N/V,GI,Low,38.4C,78.0,123 over 67,99.0,94,nausea with vomiting
V00794,P0608,2025-09-13,58.0,Male,nausea/vomiting,Gastro,Medium,104.4F,97.0,117 over 93,100.0,29,nausea with vomiting
V00795,P0608,2025-02-23,58.0,Male,Fever,general medicine,Low,37.7C,82.0,100 over 79,100.0,96,body ache with fever
V00796,P0609,2025-03-07,84.0,male,headache,General Medicine,Medium,37.8C,97.0,140 over 76,100.0,21,hedache for 3 days
V00797,P0610,2025-09-28,69.0,Male,headache,Neurology,Medium,100.9F,92.0,113/87,97.0,46,severe headache since morning
V00798,P0611,2025-06-24,76.0,Male,lower back pain,ER,Medium,97.0F,100.0,125/90,97.0,40,back pain while sitting
V00799,P0612,2025-10-24,39.0,Female,nausea/vomiting,General Medicine,Low,37.5C,65.0,121/75,100.0,56,pt reports N/V since last nite
V00800,P0613,2025-12-26,90.0,M,,Gen Med,Medium,39.2C,82.0,143-98,99.0,48,pain in lower abdomen
V00801,P0614,2025-10-24,36.0,F,tiredness,cardiology,Low,36.6C,67.0,128-70,100.0,82,pt reports weakness since 3 days
V00802,P0615,2025-04-10,,male,HA,,Medium,37.5C,75.0,109-79,,49,severe headache since morning
V00803,P0616,2025-06-07,41.0,female,abdominal pain,gastro dept,Medium,103.8F,99.0,156/74,98.0,44,stomach ache since last night
V00804,P0617,2025-11-04,53.0,male,coughing,general medicine,Medium,36.4C,100.0,159-68,96.0,26,dry cough for 1 week
V00805,P0618,2025-03-06,62.0,Female,shortness of breath,ER,Critical,101.5F,117.0,154-68,90.0,15,breathlessness since morning
V00806,P0619,2025-09-15,,Male,chestpain,Cardiology,Critical,36.5C,142.0,109/97,89.0,12,pt has chst pain frm morning
V00807,P0620,2025-11-24,69.0,male,back pain,Emergency Dept,Medium,36.9C,89.0,110 over 86,100.0,39,pt reports lumbar pain
V00808,P0620,2025-05-13,69.0,male,chest pain,cardiology,Critical,38.3C,123.0,123 over 86,87.0,13,pain in chest while walking
V00809,P0621,2025-06-03,80.0,male,dizziness,Neuro,Low,99.0F,60.0,126 over 63,95.0,720,lightheaded on standing
V00810,P0622,2025-12-08,45.0,M,difficulty breathing,Pulmo,Critical,40.3C,119.0,140/77,84.0,0,breathlessness since morning
V00811,P0623,2025-07-30,10.0,Male,back pain,,Medium,36.4C,76.0,117/81,98.0,45,pt reports lumbar pain
V00812,P0624,2025-01-25,16.0,M,abd pain,General Medicine,Medium,36.1C,82.0,118 over 85,99.0,36,pt reports abd pain
V00813,P0625,2025-06-08,2.0,Female,dizzy,Neurology,Low,40.1C,64.0,108/65,100.0,106,pt feels dizzy since mornng
V00814,P0626,2025-01-09,24.0,F,dizziness,Gen Med,Medium,,78.0,102/79,100.0,40,vertigo like symptoms
V00815,P0627,2025-04-01,55.0,F,Dizziness,neuro dept,Medium,103.3F,96.0,122-89,97.0,60,lightheaded on standing
V00816,P0628,2025-07-01,11.0,male,dizzy,general medicine,Medium,97.2F,78.0,130/69,98.0,40,pt feels dizzy since mornng
V00817,P0629,2025-01-27,11.0,male,nausea/vomiting,GI,Medium,36.5C,88.0,129-70,100.0,20,pt reports N/V since last nite
V00818,P0630,2025-12-14,77.0,Female,Fever,general medicine,Low,101.5F,62.0,144-72,99.0,47,high fevr since yesterday
V00819,P0630,2025-02-20,77.0,Female,sore throat,ent dept,Low,100.6F,67.0,110 over 63,95.0,73,throat pain while swallowing
V00820,P0631,2025-06-11,33.0,Female,difficulty breathing,Pulmonology,High,38.4C,107.0,132 over 82,91.0,28,difficulty breathing since last night
V00821,P0632,2025-09-06,58.0,Female,persistent cough,Gen Med,Low,37.5C,66.0,104 over 92,95.0,75,dry cough for 1 week
V00822,P0632,2025-09-08,,Female,difficulty breathing,pulmonology,Critical,36.2C,128.0,141/95,91.0,0,breathlessness since morning
V00823,P0633,2025-06-12,29.0,female,persistent cough,Pulmonology,Low,40.2C,81.0,136-86,,118,dry cough for 1 week
V00824,P0634,2025-03-01,24.0,Male,persistent cough,Pulmo,Low,40.1C,62.0,105/93,96.0,102,dry cough for 1 week
V00825,P0635,2025-05-15,38.0,M,back pain,A&E,Medium,38.5C,77.0,140/85,96.0,38,back pain while sitting
V00826,P0636,2025-08-19,44.0,M,persistent cough,Pulmonology,Low,36.5C,68.0,146/81,99.0,120,persistent coughing
V00827,P0637,2025-06-23,83.0,M,abdo pain,Gastro,Medium,100.4F,99.0,125/84,99.0,40,stomach ache since last night
V00828,P0638,2025-02-19,7.0,M,chst pain,Cardio,Critical,103.8F,143.0,119-74,84.0,11,chest pain since 2 hrs
V00829,P0639,2025-07-21,6.0,female,Sore Throat,General Medicine,Low,37.3C,84.0,119 over 70,100.0,44,throat pain while swallowing
V00830,P0640,2025-02-10,43.0,Male,HA,Neuro,Low,99.1F,,150 over 77,96.0,43,hedache for 3 days
V00831,P0641,2025-10-02,16.0,Male,breathlessness,Pulmonology,Critical,37.2C,120.0,153-97,87.0,13,breathlessness since morning
V00832,P0641,2025-09-04,16.0,Male,weakness,Cardiology,Medium,102.2F,98.0,112/89,96.0,24,extreme tiredness
V00833,P0642,2025-02-16,56.0,,chest pain,Cardiology,Critical,37.3C,138.0,103-87,85.0,15,pain in chest while walking
V00834,P0643,2025-07-20,,,SOB,pulmonology,High,40.1C,101.0,149/76,95.0,21,sob while walking
V00835,P0644,2025-01-08,72.0,M,throat ache,Ear Nose Throat,Low,39.7C,64.0,143-62,98.0,95,sore throut since yesterday
V00836,P0645,2025-06-29,77.0,Female,tiredness,General Medicine,Medium,39.7C,81.0,155 over 86,99.0,45,extreme tiredness
V00837,P0645,2025-02-07,77.0,Female,head-ache,,Low,99.1F,72.0,139 over 74,95.0,42,severe headache since morning
V00838,P0646,2025-04-16,22.0,Female,hedache,Neuro,Medium,98.8F,91.0,131-90,97.0,30,hedache for 3 days
V00839,P0647,2025-08-24,40.0,female,throat pain,general medicine,Low,38.6C,84.0,101/98,99.0,101,throat pain while swallowing
V00840,P0648,2025-01-29,42.0,F,cough,pulmonology,Medium,97.2F,88.0,134-64,95.0,26,cough with mild fever
V00841,P0649,2025-12-23,33.0,Female,throat ache,ent dept,Low,38.2C,76.0,108 over 92,100.0,112,pt reports throat ache
V00842,P0650,2025-06-27,87.0,female,dry cough,pulmonology,Medium,39.3C,82.0,114 over 61,99.0,52,dry cough for 1 week
V00843,P0651,2025-07-31,20.0,Male,Chest Pain,A&E,High,97.7F,104.0,104-75,91.0,13,pt has chst pain frm morning
V00844,P0652,2025-07-20,42.0,M,Nausea,general medicine,Medium,39.9C,94.0,132/79,96.0,60,pt reports N/V since last nite
V00845,P0652,2025-10-30,,M,dizziness,general medicine,Low,36.5C,72.0,132-74,99.0,80,pt feels dizzy since mornng
V00846,P0653,2025-09-10,75.0,male,Fatigue,,Low,36.9C,77.0,101 over 81,95.0,93,pt reports weakness since 3 days
V00847,P0654,2025-07-18,73.0,Female,abdo pain,Gen Med,Medium,37.4C,90.0,137 over 69,95.0,33,pain in lower abdomen
V00848,P0655,2025-07-22,25.0,F,Back Pain,Gen Med,Medium,102.4F,83.0,144 over 99,100.0,54,pt reports lumbar pain
V00849,P0656,2025-03-08,27.0,F,bak pain,Gen Med,Low,38.4C,62.0,124 over 69,95.0,45,lower bak pain since 2 days
V00850,P0657,2025-07-20,,Female,vertigo,Gen Med,Low,102.7F,66.0,145-76,,56,pt feels dizzy since mornng
V00851,P0657,2025-06-14,24.0,Female,tiredness,cardiology,Low,97.5F,67.0,118 over 71,99.0,61,fatigue and lethargy
V00852,P0658,2025-05-06,3.0,male,abdo pain,Gen Med,Medium,104.9F,99.0,144/86,98.0,30,stomach ache since last night
V00853,P0659,2025-01-13,70.0,male,persistent cough,Pulmonology,Medium,36.8C,85.0,153-72,99.0,53,dry cough for 1 week
V00854,P0660,2025-02-07,59.0,Male,,ER,Low,102.4F,84.0,108-100,95.0,113,high fevr since yesterday
V00855,P0660,2025-09-16,59.0,Male,difficulty breathing,A&E,High,40.5C,118.0,107-82,,30,difficulty breathing since last night
V00856,P0661,2025-04-04,45.0,Male,sore throut,,Low,104.4F,68.0,124-98,98.0,75,pt reports throat ache
V00857,P0662,2025-10-23,67.0,F,difficulty breathing,Pulmo,High,104.0F,100.0,109/97,93.0,18,breathlessness since morning
V00858,P0663,2025-01-16,4.0,F,sore throut,ent dept,Low,36.9C,71.0,124 over 70,100.0,52,throat pain while swallowing
V00859,P0663,2025-10-01,4.0,F,Sore Throat,General Medicine,Low,37.4C,60.0,147-62,99.0,117,throat pain while swallowing
V00860,P0664,2025-04-13,67.0,Female,Nausea,Gen Med,Medium,99.9F,78.0,157/61,99.0,55,nausea with vomiting
V00861,P0665,2025-06-15,61.0,Male,nausea/vomiting,Gastro,Medium,36.0C,80.0,140-96,97.0,56,pt reports N/V since last nite
V00862,P0666,2025-06-09,38.0,,lethargy,general medicine,Low,37.5C,65.0,149-60,96.0,43,fatigue and lethargy
V00863,P0666,2025-10-18,38.0,Male,head-ache,Gen Med,Low,100.8F,65.0,106-85,96.0,48,migraine like symptoms
V00864,P0667,2025-02-14,3.0,Male,Back Pain,general medicine,Low,98.8F,76.0,116-84,98.0,94,lower bak pain since 2 days
V00865,P0668,2025-11-01,,Male,throat pain,General Medicine,Low,,75.0,152/70,95.0,99,throat pain while swallowing
V00866,P0669,2025-01-25,66.0,male,tiredness,Gen Med,Medium,97.7F,78.0,154-71,100.0,27,fatigue and lethargy
V00867,P0669,2025-08-10,,male,Chest Pain,Emergency,High,36.0C,117.0,125 over 91,91.0,25,pt has chst pain frm morning
V00868,P0669,2025-05-30,66.0,male,Fatigue,Cardiology,Low,104.2F,72.0,137/93,97.0,120,pt reports weakness since 3 days
V00869,P0670,2025-05-18,87.0,Female,feeling sick,GI,Medium,101.7F,86.0,125 over 77,100.0,51,pt reports N/V since last nite
V00870,P0671,2025-04-12,28.0,M,vertigo,Neuro,Low,100.9F,79.0,159-70,100.0,83,vertigo like symptoms
V00871,P0671,2025-10-15,28.0,M,lethargy,Cardio,Medium,40.2C,93.0,112 over 78,96.0,55,fatigue and lethargy
V00872,P0671,2025-08-08,28.0,M,throat ache,general medicine,Low,39.6C,72.0,154/67,98.0,41,pt reports throat ache
V00873,P0672,2025-10-23,74.0,Female,Dizziness,Gen Med,Medium,102.4F,95.0,134 over 99,99.0,21,vertigo like symptoms
V00874,P0673,2025-09-20,59.0,M,CHEST PAIN,ER,High,,120.0,154/98,92.0,24,chest pain since 2 hrs
V00875,P0674,2025-11-17,83.0,Male,lethargy,Cardiology,Low,101.3F,61.0,114 over 100,100.0,117,fatigue and lethargy
V00876,P0675,2025-06-04,8.0,M,throat ache,Gen Med,Low,37.6C,83.0,146 over 73,95.0,61,throat pain while swallowing
V00877,P0675,2025-06-04,8.0,M,back pain,A&E,Low,99.9F,,102 over 83,97.0,83,lower bak pain since 2 days
V00878,P0676,2025-12-31,41.0,Female,back pain,ER,Medium,104.5F,99.0,104/63,97.0,60,lower bak pain since 2 days
V00879,P0677,2025-08-10,11.0,M,lumbar pain,Emergency Dept,Medium,38.3C,79.0,138-86,99.0,500,lower bak pain since 2 days
V00880,P0678,2025-12-18,18.0,Female,CHEST PAIN,Emergency Dept,High,100.9F,108.0,155-67,92.0,15,pt has chst pain frm morning
V00881,P0679,2025-05-29,37.0,female,HA,General Medicine,Medium,98.1F,77.0,120/93,98.0,28,hedache for 3 days
V00882,P0680,2025-03-18,63.0,Male,lower back pain,General Medicine,Low,37.8C,83.0,119/77,100.0,93,lower bak pain since 2 days
V00883,P0681,2025-03-10,84.0,female,abd pain,general medicine,Medium,37.0C,87.0,150 over 83,99.0,47,stomach ache since last night
V00884,P0682,2025-11-07,54.0,Female,sore throut,Ear Nose Throat,Low,100.2F,79.0,155-67,97.0,93,sore throut since yesterday
V00885,P0683,2025-09-27,2.0,Male,Fever,General Medicine,Medium,96.8F,89.0,110-91,97.0,57,high fevr since yesterday
V00886,P0684,2025-06-23,12.0,Male,chst pain,CARDIO,High,104.0F,96.0,135 over 92,92.0,13,pain in chest while walking
V00887,P0685,2025-09-30,6.0,M,tiredness,General Medicine,Medium,97.7F,81.0,120/78,97.0,33,fatigue and lethargy
V00888,P0686,2025-07-18,85.0,Female,Sore Throat,General Medicine,Low,40.1C,85.0,152/86,100.0,43,pt reports throat ache
V00889,P0687,2025-05-22,34.0,Male,throat pain,ent dept,Low,40.0C,67.0,149/90,98.0,50,throat pain while swallowing
V00890,P0688,2025-02-24,64.0,F,shortness of breath,Pulmo,High,36.9C,110.0,148 over 78,92.0,28,sob while walking
V00891,P0688,2025-11-06,64.0,F,fevr,ER,Medium,36.2C,86.0,157-71,98.0,51,body ache with fever
V00892,P0689,2025-11-20,50.0,M,Sore Throat,Ear Nose Throat,Low,40.0C,72.0,105 over 65,96.0,53,pt reports throat ache
V00893,P0690,2025-02-25,45.0,male,tiredness,Gen Med,Medium,39.0C,93.0,160/76,100.0,38,extreme tiredness
V00894,P0691,2025-10-22,83.0,M,sore throat,Ear Nose Throat,Low,40.3C,73.0,100/100,96.0,41,throat pain while swallowing
V00895,P0692,2025-10-17,69.0,,chest pain,Cardiology,High,38.7C,113.0,153/92,92.0,12,chest pain since 2 hrs
V00896,P0693,2025-02-05,60.0,F,Nausea,Gastroenterology,Low,39.6C,65.0,133 over 90,100.0,72,pt reports N/V since last nite
V00897,P0694,2025-07-14,81.0,,Chest Pain,Cardiology,Critical,37.7C,120.0,141 over 95,84.0,12,chest pain since 2 hrs
V00898,P0695,2025-05-22,16.0,Female,fatigue,Gen Med,Low,36.5C,70.0,115 over 63,96.0,84,fatigue and lethargy
V00899,P0695,2025-09-25,16.0,Female,SOB,Pulmonology,High,37.4C,102.0,131/76,92.0,18,breathlessness since morning
V00900,P0696,2025-12-07,,female,chest pain,Emergency,High,,119.0,109-63,94.0,21,pt has chst pain frm morning
V00901,P0697,2025-11-22,49.0,Male,cough,Pulmo,Low,37.3C,72.0,123/73,96.0,86,dry cough for 1 week
V00902,P0697,2025-05-10,49.0,Male,SOB,Pulmonology,Critical,99.9F,127.0,120 over 97,83.0,4,breathlessness since morning
V00903,P0698,2025-10-02,3.0,female,bak pain,Gen Med,Low,36.1C,77.0,125/97,95.0,104,back pain while sitting
V00904,P0698,2025-05-29,3.0,female,back pain,General Medicine,Low,38.5C,72.0,120 over 84,98.0,97,back pain while sitting
V00905,P0699,2025-02-19,78.0,F,weakness,Cardio,Medium,37.6C,90.0,120/91,95.0,53,fatigue and lethargy
V00906,P0699,2025-05-24,78.0,F,Fever,general medicine,Low,40.0C,85.0,117 over 99,99.0,102,body ache with fever
V00907,P0700,2025-05-31,20.0,,high fever,General Medicine,Low,99.3F,62.0,137-76,97.0,66,high fevr since yesterday
V00908,P0701,2025-08-26,67.0,Female,HA,neuro dept,Low,101.3F,67.0,158-62,98.0,116,migraine like symptoms
V00909,P0702,2025-12-09,9.0,M,persistent cough,General Medicine,Medium,39.1C,83.0,140/93,97.0,44,persistent coughing
V00910,P0703,2025-01-27,53.0,female,fatigue,Cardio,Medium,36.3C,78.0,138 over 77,100.0,32,fatigue and lethargy
V00911,P0704,2025-05-22,14.0,Male,sore throat,ent dept,Low,102.2F,77.0,107-62,100.0,108,sore throut since yesterday
V00912,P0705,2026-01-01,58.0,Male,Nausea,,Medium,103.8F,76.0,153 over 96,98.0,45,feeling sick after meals
V00913,P0705,2025-09-20,58.0,Male,HA,Neurology,Low,99.9F,70.0,143 over 99,100.0,57,hedache for 3 days
V00914,P0706,2025-10-03,64.0,F,fevr,Emergency,Medium,97.5F,92.0,101/75,99.0,36,pt reports fever and chills
V00915,P0707,2025-01-18,,female,chestpain,Cardiology,Critical,39.4C,126.0,124 over 64,82.0,7,pain in chest while walking
V00916,P0708,2025-11-09,44.0,F,tiredness,,Medium,36.5C,83.0,107 over 86,100.0,39,pt reports weakness since 3 days
V00917,P0708,2025-06-19,44.0,F,breathlessness,Pulmonology,High,39.6C,106.0,132 over 84,92.0,13,breathlessness since morning
V00918,P0708,2025-06-09,44.0,F,hedache,Neurology,Low,37.9C,60.0,120/88,97.0,67,migraine like symptoms
V00919,P0709,2025-03-10,29.0,Male,lightheaded,,Low,104.9F,63.0,105/76,97.0,88,pt feels dizzy since mornng
V00920,P0709,2025-03-23,29.0,Male,Head Ache,Gen Med,Medium,36.7C,89.0,155/67,98.0,48,migraine like symptoms
V00921,P0710,2025-05-12,76.0,male,coughing,,Medium,38.0C,85.0,143 over 91,95.0,26,persistent coughing
V00922,P0710,2025-01-03,76.0,male,,Neuro,Low,99.3F,65.0,150 over 70,96.0,65,vertigo like symptoms
V00923,P0711,2025-07-01,52.0,F,Chest Pain,Cardiology,Critical,40.1C,111.0,132/77,82.0,6,pt has chst pain frm morning
V00924,P0712,2025-04-07,20.0,M,head-ache,neuro dept,Medium,37.2C,87.0,145 over 86,95.0,39,hedache for 3 days
V00925,P0712,2025-04-04,,M,chest pain,Emergency Dept,High,100.9F,116.0,129/100,92.0,23,pain in chest while walking
V00926,P0713,2025-04-20,70.0,Male,head-ache,neuro dept,Medium,101.8F,96.0,116/97,98.0,43,migraine like symptoms
V00927,P0714,2025-07-17,40.0,Male,throat ache,,Low,39.0C,74.0,101/69,99.0,73,pt reports throat ache
V00928,P0715,2025-03-03,74.0,male,dizziness,Gen Med,Low,38.6C,82.0,106 over 94,98.0,94,lightheaded on standing
V00929,P0716,2025-01-23,86.0,Male,Fever,A&E,Medium,97.7F,92.0,129-87,97.0,31,pt reports fever and chills
V00930,P0717,2025-07-15,41.0,M,Sore Throat,Ear Nose Throat,Low,38.9C,73.0,148-76,99.0,101,pt reports throat ache
V00931,P0717,2025-05-27,41.0,M,weakness,General Medicine,Low,38.3C,65.0,110-61,100.0,63,pt reports weakness since 3 days
V00932,P0718,2025-05-13,49.0,Male,dizziness,Neuro,Low,39.7C,68.0,106/99,96.0,103,pt feels dizzy since mornng
V00933,P0719,2025-09-11,23.0,M,throat ache,Gen Med,Low,39.3C,77.0,114 over 66,98.0,98,pt reports throat ache
V00934,P0720,2025-10-28,58.0,Male,bak pain,Emergency,Low,38.0C,81.0,116/83,95.0,84,lower bak pain since 2 days
V00935,P0720,2025-11-21,58.0,Male,lightheaded,Gen Med,Low,38.0C,74.0,104 over 75,96.0,63,pt feels dizzy since mornng
V00936,P0720,2025-08-08,58.0,,Sore Throat,general medicine,Low,38.5C,62.0,151-86,98.0,40,sore throut since yesterday
V00937,P0721,2025-04-20,,F,sore throat,ent dept,Low,40.3C,74.0,134 over 80,98.0,101,throat pain while swallowing
V00938,P0722,2025-09-27,39.0,Female,hedache,Neuro,Low,36.1C,69.0,118 over 80,99.0,111,severe headache since morning
V00939,P0722,2025-03-21,39.0,Female,shortness of breath,,High,102.9F,100.0,144-63,91.0,16,breathlessness since morning
V00940,P0723,2025-11-28,12.0,female,sore throat,General Medicine,Low,98.4F,65.0,133 over 83,98.0,83,throat pain while swallowing
V00941,P0723,2025-02-02,12.0,female,back pain,A&E,Medium,40.0C,83.0,137-68,95.0,50,back pain while sitting
V00942,P0724,2025-01-30,6.0,Female,back pain,Emergency Dept,Medium,103.3F,76.0,151-81,96.0,33,back pain while sitting
V00943,P0725,2025-12-15,28.0,M,difficulty breathing,Pulmo,Critical,97.9F,126.0,112/74,84.0,4,sob while walking
V00944,P0725,2025-04-16,28.0,M,Sore Throat,ENT,Low,36.5C,81.0,160/71,96.0,66,pt reports throat ache
V00945,P0726,2025-07-30,71.0,Female,dizzy,Neuro,Medium,39.5C,98.0,117 over 92,99.0,45,lightheaded on standing
V00946,P0727,2025-02-07,,F,HA,neuro dept,Medium,102.7F,96.0,105 over 83,96.0,47,hedache for 3 days
V00947,P0727,2025-03-15,59.0,F,stomach pain,Gastro,Medium,36.3C,,137 over 95,97.0,23,stomach ache since last night
V00948,P0728,2025-05-27,9.0,female,persistent cough,general medicine,Medium,37.7C,76.0,131/92,97.0,40,dry cough for 1 week
V00949,P0728,2025-04-18,9.0,female,vertigo,,Low,39.2C,73.0,126/100,,70,vertigo like symptoms
V00950,P0729,2025-07-26,,Male,high fever,General Medicine,Low,102.2F,80.0,111-63,99.0,96,high fevr since yesterday
V00951,P0729,2025-09-19,32.0,Male,head-ache,neuro dept,Medium,40.5C,89.0,136/77,96.0,48,hedache for 3 days
V00952,P0730,2025-06-24,7.0,Female,abdo pain,Gastro,Medium,37.3C,83.0,108 over 67,98.0,23,stomach ache since last night
V00953,P0731,2025-03-11,63.0,Female,fevr,A&E,Low,97.5F,62.0,139 over 88,96.0,42,pt reports fever and chills
V00954,P0731,2025-01-10,63.0,,weakness,general medicine,Low,101.7F,72.0,142/61,97.0,72,pt reports weakness since 3 days
V00955,P0732,2025-11-26,,Female,hedache,neuro dept,Medium,37.0C,91.0,141/97,95.0,53,migraine like symptoms
V00956,P0732,2025-05-26,56.0,Female,persistent cough,Pulmonology,Low,39.1C,77.0,149/97,,51,persistent coughing
V00957,P0733,2025-03-18,19.0,female,dry cough,Pulmonology,Low,38.2C,73.0,134/66,99.0,69,persistent coughing
V00958,P0734,2025-10-24,44.0,Female,Back Pain,General Medicine,Medium,99.7F,76.0,131/60,98.0,29,pt reports lumbar pain
V00959,P0735,2025-11-28,50.0,male,chest pain,Emergency,High,102.7F,,147/61,93.0,27,chest pain since 2 hrs
V00960,P0736,2025-02-18,64.0,M,Nausea,gastro dept,Low,39.6C,60.0,114-61,97.0,92,pt reports N/V since last nite
V00961,P0737,2025-04-22,86.0,male,dry cough,pulmonology,Medium,39.4C,89.0,134 over 80,97.0,20,persistent coughing
V00962,P0738,2025-10-16,43.0,M,dry cough,General Medicine,Medium,39.4C,92.0,140 over 81,98.0,47,dry cough for 1 week
V00963,P0738,2025-10-14,43.0,M,CHEST PAIN,,Critical,37.6C,117.0,141/77,84.0,4,pt has chst pain frm morning
V00964,P0739,2025-02-22,31.0,male,nausea/vomiting,general medicine,Low,97.7F,84.0,120-80,96.0,87,nausea with vomiting
V00965,P0740,2025-12-11,59.0,Female,lightheaded,Gen Med,Low,103.6F,66.0,148-96,100.0,79,lightheaded on standing
V00966,P0741,2025-09-01,89.0,male,sore throut,General Medicine,Low,36.3C,76.0,151-66,98.0,85,pt reports throat ache
V00967,P0742,2025-09-29,55.0,M,Cough,General Medicine,Low,37.7C,82.0,128/77,95.0,118,persistent coughing
V00968,P0743,2025-05-23,89.0,female,abdominal pain,Gastroenterology,Medium,100.2F,82.0,111/100,98.0,40,pain in lower abdomen
V00969,P0743,2025-09-12,89.0,female,vertigo,Neurology,Low,40.3C,66.0,100-74,97.0,46,vertigo like symptoms
V00970,P0743,2025-08-22,,female,persistent cough,Pulmo,Medium,103.6F,88.0,115/78,100.0,49,dry cough for 1 week
V00971,P0744,2025-05-31,25.0,male,cough,Gen Med,Low,37.3C,72.0,144-80,95.0,113,dry cough for 1 week
V00972,P0745,2025-10-31,38.0,male,persistent cough,Gen Med,Medium,37.6C,89.0,152-86,96.0,43,persistent coughing
V00973,P0746,2025-04-10,1.0,M,Fever,Gen Med,Medium,103.8F,86.0,158/80,97.0,60,high fevr since yesterday
V00974,P0747,2025-10-02,,F,lightheaded,Gen Med,Medium,39.8C,78.0,139/64,98.0,56,pt feels dizzy since mornng
V00975,P0748,2025-02-06,10.0,Male,,Emergency,High,36.9C,101.0,103/100,95.0,13,chest pain since 2 hrs
V00976,P0749,2025-10-06,47.0,F,shortness of breath,Pulmo,High,38.8C,96.0,108 over 61,96.0,20,difficulty breathing since last night
V00977,P0750,2025-02-08,77.0,Male,fatigue,CARDIO,Low,39.0C,77.0,100 over 68,96.0,113,pt reports weakness since 3 days
V00978,P0751,2025-05-29,62.0,,chestpain,Emergency Dept,Critical,102.7F,130.0,110/89,82.0,11,chest pain since 2 hrs
V00979,P0752,2025-06-18,53.0,female,breathlessness,Emergency,High,103.8F,107.0,124/81,93.0,12,sob while walking
V00980,P0753,2025-05-02,82.0,male,CHEST PAIN,Cardio,Critical,99.5F,149.0,113-67,85.0,8,pt has chst pain frm morning
V00981,P0754,2025-09-24,36.0,Female,fevr,Emergency,Medium,,78.0,141 over 87,99.0,57,body ache with fever
V00982,P0755,2025-04-04,71.0,F,Chest Pain,ER,Critical,39.2C,149.0,128/70,92.0,2,pt has chst pain frm morning
V00983,P0756,2025-04-26,18.0,F,,Cardio,Critical,101.3F,131.0,125-86,89.0,1,chest pain since 2 hrs
V00984,P0756,2025-01-09,18.0,F,HA,neuro dept,Medium,40.4C,94.0,146/80,100.0,51,migraine like symptoms
V00985,P0757,2025-09-17,8.0,male,Nausea,Gastroenterology,Low,37.1C,80.0,104 over 86,96.0,66,nausea with vomiting
V00986,P0758,2025-01-12,44.0,,fevr,Emergency,Low,37.4C,83.0,124-90,98.0,91,high fevr since yesterday
V00987,P0759,2025-11-17,33.0,Female,vertigo,General Medicine,Medium,99.0F,91.0,116 over 71,100.0,57,pt feels dizzy since mornng
V00988,P0760,2025-11-06,2.0,,lethargy,CARDIO,Low,101.3F,64.0,125/72,97.0,69,extreme tiredness
V00989,P0760,2025-01-11,2.0,M,lightheaded,neuro dept,Medium,40.0C,96.0,145/94,100.0,60,pt feels dizzy since mornng
V00990,P0761,2025-10-25,89.0,F,Fatigue,general medicine,Medium,37.8C,78.0,156 over 93,99.0,52,extreme tiredness
V00991,P0762,2025-08-02,81.0,female,,Emergency Dept,Critical,103.5F,146.0,112/74,82.0,8,difficulty breathing since last night
V00992,P0763,2025-04-19,41.0,male,lethargy,Gen Med,Low,37.5C,63.0,154/91,96.0,98,fatigue and lethargy
V00993,P0764,2025-12-17,,male,stomach pain,Gastroenterology,Medium,100.4F,96.0,134 over 60,98.0,32,pain in lower abdomen
V00994,P0765,2025-08-27,89.0,male,Nausea,Gastroenterology,Medium,40.4C,93.0,135 over 73,100.0,40,pt reports N/V since last nite
V00995,P0765,2025-09-09,89.0,male,N/V,gastro dept,Low,37.7C,84.0,138/86,97.0,106,nausea with vomiting
V00996,P0766,2025-05-07,70.0,M,short of breath,Pulmonology,Critical,39.0C,128.0,117/64,87.0,13,sob while walking
V00997,P0767,2025-01-20,74.0,Female,shortness of breath,,High,38.3C,99.0,148 over 96,95.0,26,sob while walking
V00998,P0768,2025-07-21,29.0,F,abdominal pain,General Medicine,Medium,102.6F,80.0,156 over 72,99.0,23,stomach ache since last night
V00999,P0769,2025-02-26,14.0,,throat ache,ENT,Low,99.7F,83.0,151 over 67,98.0,87,throat pain while swallowing
V01000,P0769,2025-07-18,14.0,Female,stomach pain,Gen Med,Medium,38.8C,99.0,153-62,95.0,55,pt reports abd pain
V01001,P0770,2025-06-22,3.0,male,sore throut,General Medicine,Low,104.2F,76.0,117-74,95.0,107,throat pain while swallowing
V01002,P0771,2025-03-31,71.0,Female,short of breath,Emergency Dept,Critical,40.1C,118.0,105-65,88.0,3,difficulty breathing since last night
V01003,P0772,2025-03-11,38.0,Male,hedache,general medicine,Medium,104.5F,87.0,114-63,98.0,49,migraine like symptoms
V01004,P0773,2025-08-11,76.0,F,difficulty breathing,Pulmo,Critical,100.6F,120.0,104 over 65,92.0,5,sob while walking
V01005,P0773,2025-09-01,76.0,F,breathlessness,Emergency,Critical,40.0C,121.0,142/88,87.0,4,sob while walking
V01006,P0773,2025-02-10,76.0,F,stomach pain,general medicine,Medium,36.4C,93.0,102-71,97.0,36,stomach ache since last night
V01007,P0774,2025-11-16,74.0,Female,abdominal pain,General Medicine,Medium,39.0C,81.0,158/98,100.0,51,stomach ache since last night
V01008,P0775,2025-05-12,,Female,Back Pain,General Medicine,Medium,38.7C,100.0,159-88,99.0,56,back pain while sitting
V01009,P0776,2025-01-10,,M,nausea/vomiting,,Low,37.4C,77.0,131 over 90,99.0,40,feeling sick after meals
V01010,P0776,2025-03-04,86.0,M,SOB,,Critical,39.5C,147.0,137/83,90.0,8,breathlessness since morning
V01011,P0777,2025-05-23,68.0,female,cough,General Medicine,Medium,99.1F,82.0,109 over 79,97.0,44,dry cough for 1 week
V01012,P0778,2025-02-21,25.0,Male,high temp,Emergency,Medium,39.3C,99.0,158-73,98.0,50,pt reports fever and chills
V01013,P0779,2025-01-01,86.0,M,lightheaded,Gen Med,Low,38.5C,63.0,143 over 87,95.0,43,pt feels dizzy since mornng
V01014,P0780,2025-09-22,,Female,hedache,general medicine,Low,36.3C,65.0,102/89,99.0,84,severe headache since morning
V01015,P0781,2025-04-15,,F,Back Pain,general medicine,Medium,,79.0,121 over 87,99.0,57,back pain while sitting
V01016,P0782,2025-05-17,87.0,F,fatigue,Cardiology,Medium,37.0C,79.0,159 over 87,98.0,21,fatigue and lethargy
V01017,P0783,2025-06-03,57.0,female,stomach pain,General Medicine,Medium,36.4C,99.0,126/97,97.0,31,stomach ache since last night
V01018,P0784,2025-06-27,17.0,female,throat pain,Ear Nose Throat,Low,102.7F,64.0,147/67,99.0,115,pt reports throat ache
V01019,P0785,2025-04-15,12.0,M,chest pain,ER,High,100.2F,103.0,114/98,91.0,10,pt has chst pain frm morning
V01020,P0785,2025-01-24,12.0,M,dizzy,General Medicine,Low,37.8C,85.0,154/92,95.0,120,pt feels dizzy since mornng
V01021,P0786,2025-05-15,43.0,Male,shortness of breath,ER,Critical,100.9F,137.0,121/77,91.0,2,breathlessness since morning
V01022,P0787,2025-11-01,29.0,Female,dry cough,Pulmonology,Medium,39.3C,75.0,150 over 61,98.0,54,dry cough for 1 week
V01023,P0788,2025-07-19,60.0,male,tiredness,CARDIO,Low,103.3F,80.0,100 over 90,96.0,82,fatigue and lethargy
V01024,P0789,2025-03-02,81.0,Male,high fever,general medicine,Low,99.3F,82.0,160/62,97.0,117,high fevr since yesterday
V01025,P0790,2025-01-24,18.0,Female,lumbar pain,ER,Low,37.8C,82.0,147 over 95,95.0,62,lower bak pain since 2 days
V01026,P0791,2025-05-26,63.0,F,Chest Pain,CARDIO,High,38.9C,114.0,152/97,90.0,13,pain in chest while walking
V01027,P0792,2025-08-28,,male,abd pain,Gastro,Medium,39.7C,89.0,108 over 62,98.0,43,pt reports abd pain
V01028,P0793,2025-02-14,43.0,M,head-ache,General Medicine,Low,38.4C,68.0,124 over 100,100.0,112,hedache for 3 days
V01029,P0794,2025-11-04,60.0,Female,shortness of breath,A&E,High,37.2C,103.0,153 over 73,90.0,30,breathlessness since morning
V01030,P0795,2025-10-04,7.0,M,sore throat,Gen Med,Low,36.1C,70.0,145/77,96.0,84,sore throut since yesterday
V01031,P0796,2025-06-10,,Male,chst pain,Cardio,High,100.0F,113.0,102/75,91.0,14,pain in chest while walking
V01032,P0797,2025-01-10,46.0,,fatigue,general medicine,Medium,36.9C,81.0,125 over 62,99.0,41,extreme tiredness
V01033,P0798,2025-12-15,38.0,F,weakness,General Medicine,Medium,100.2F,84.0,128 over 65,100.0,55,pt reports weakness since 3 days
V01034,P0798,2025-04-12,38.0,F,lumbar pain,general medicine,Medium,38.2C,98.0,134/77,97.0,37,lower bak pain since 2 days
V01035,P0799,2025-10-20,39.0,female,,Cardiology,Medium,101.7F,76.0,147/76,97.0,45,fatigue and lethargy
V01036,P0800,2025-07-28,51.0,Male,Chest Pain,CARDIO,Critical,97.0F,139.0,140 over 92,92.0,12,chest pain since 2 hrs
V01037,P0801,2025-05-27,53.0,Female,chst pain,ER,High,37.8C,100.0,125-73,92.0,19,pain in chest while walking
V01038,P0801,2025-06-06,53.0,Female,Head Ache,Neuro,Low,99.0F,77.0,133/85,98.0,60,hedache for 3 days
V01039,P0802,2025-02-27,66.0,Male,coughing,General Medicine,Medium,37.5C,91.0,127 over 69,96.0,42,cough with mild fever
V01040,P0802,2025-09-21,66.0,Male,lethargy,Gen Med,Medium,98.6F,84.0,138 over 92,95.0,53,extreme tiredness
V01041,P0803,2025-03-15,52.0,M,sore throat,ent dept,Low,36.7C,,108/76,100.0,111,sore throut since yesterday
V01042,P0804,2025-01-09,87.0,male,headache,Neuro,Low,38.1C,61.0,149/95,97.0,61,severe headache since morning
V01043,P0804,2025-03-26,87.0,male,throat pain,Gen Med,Low,40.0C,79.0,103-62,98.0,80,pt reports throat ache
V01044,P0805,2025-08-25,38.0,female,SOB,ER,High,38.6C,104.0,127/65,93.0,22,sob while walking
V01045,P0806,2025-11-22,69.0,F,lightheaded,General Medicine,Low,38.5C,81.0,146 over 88,96.0,86,pt feels dizzy since mornng
V01046,P0807,2025-12-03,65.0,F,lower back pain,General Medicine,Medium,96.8F,80.0,127 over 84,95.0,43,pt reports lumbar pain
V01047,P0807,2025-06-02,65.0,F,feeling sick,Gen Med,Low,36.7C,78.0,110 over 84,100.0,74,pt reports N/V since last nite
V01048,P0808,2025-12-05,,male,lumbar pain,,Medium,36.8C,96.0,112 over 98,95.0,37,back pain while sitting
V01049,P0808,2025-11-27,68.0,male,tiredness,cardiology,Low,36.6C,80.0,149 over 95,95.0,97,fatigue and lethargy
V01050,P0808,2025-11-05,68.0,male,abdo pain,general medicine,Medium,38.9C,91.0,125-81,99.0,51,pt reports abd pain
V01051,P0809,2025-12-19,33.0,Female,hedache,Neurology,Medium,40.0C,75.0,111-85,97.0,44,migraine like symptoms
V01052,P0810,2025-06-07,90.0,M,fatigue,cardiology,Medium,40.5C,93.0,137 over 80,98.0,48,extreme tiredness
V01053,P0810,2025-01-08,90.0,M,vertigo,neuro dept,Low,38.3C,67.0,140 over 89,96.0,65,lightheaded on standing
V01054,P0811,2025-01-19,62.0,Male,dry cough,Gen Med,Low,104.5F,61.0,130 over 84,96.0,94,dry cough for 1 week
V01055,P0812,2025-06-16,71.0,Male,lethargy,CARDIO,Medium,40.1C,96.0,124 over 72,98.0,49,pt reports weakness since 3 days
V01056,P0812,2025-02-24,71.0,Male,weakness,general medicine,Low,38.7C,84.0,120/84,98.0,71,extreme tiredness
V01057,P0813,2025-09-16,41.0,F,breathlessness,ER,Critical,40.4C,110.0,151 over 89,86.0,14,difficulty breathing since last night
V01058,P0813,2025-01-17,41.0,F,Nausea,General Medicine,Medium,38.3C,84.0,101 over 88,100.0,51,feeling sick after meals
V01059,P0814,2025-04-28,82.0,female,Cough,General Medicine,Medium,37.3C,95.0,128-72,99.0,50,dry cough for 1 week
V01060,P0815,2025-10-21,28.0,female,back pain,General Medicine,Medium,36.2C,93.0,107/91,97.0,59,back pain while sitting
V01061,P0816,2025-10-28,51.0,Female,chestpain,ER,High,98.1F,109.0,157/75,93.0,24,chest pain since 2 hrs
V01062,P0816,2025-02-12,51.0,Female,dizzy,General Medicine,Medium,101.5F,82.0,143 over 90,98.0,47,vertigo like symptoms
V01063,P0817,2025-03-02,,M,weakness,general medicine,Medium,38.5C,83.0,125 over 85,100.0,57,extreme tiredness
V01064,P0818,2025-09-21,26.0,F,dizziness,general medicine,Medium,37.8C,77.0,147 over 89,100.0,40,lightheaded on standing
V01065,P0819,2025-12-03,23.0,F,tiredness,Gen Med,Medium,39.9C,100.0,154/98,100.0,40,extreme tiredness
V01066,P0820,2025-06-17,41.0,M,headache,Neuro,Low,99.5F,80.0,142-90,96.0,49,hedache for 3 days
V01067,P0821,2025-12-16,11.0,M,Sore Throat,,Low,,81.0,128-99,95.0,57,throat pain while swallowing
V01068,P0821,2025-10-12,11.0,M,sore throut,General Medicine,Low,,62.0,146-73,99.0,88,throat pain while swallowing
V01069,P0822,2025-08-02,71.0,Male,feeling sick,general medicine,Low,36.4C,77.0,150 over 96,96.0,55,nausea with vomiting
V01070,P0823,2025-12-03,,Male,sore throut,ent dept,Low,37.6C,67.0,115/85,100.0,109,pt reports throat ache
V01071,P0824,2025-01-31,19.0,Male,fever,Gen Med,Low,39.7C,65.0,157/62,97.0,81,high fevr since yesterday
V01072,P0824,2025-08-15,,Male,throat ache,ent dept,Low,101.3F,83.0,143-61,98.0,111,pt reports throat ache
V01073,P0825,2025-12-20,88.0,F,Cough,Pulmonology,Low,36.2C,65.0,160/60,97.0,56,dry cough for 1 week
V01074,P0826,2025-11-16,72.0,F,lethargy,,Low,100.9F,65.0,145/85,100.0,68,pt reports weakness since 3 days
V01075,P0827,2025-10-23,9.0,male,fatigue,CARDIO,Low,40.2C,83.0,116 over 78,97.0,57,pt reports weakness since 3 days
V01076,P0828,2025-06-09,33.0,Male,Fatigue,cardiology,Medium,39.6C,83.0,152/75,96.0,29,fatigue and lethargy
V01077,P0829,2025-02-15,36.0,female,hedache,general medicine,Medium,102.9F,99.0,153 over 100,95.0,60,severe headache since morning
V01078,P0830,2025-12-01,10.0,F,dizziness,Gen Med,Medium,100.9F,98.0,107 over 91,100.0,49,vertigo like symptoms
V01079,P0831,2025-08-08,71.0,male,cough,pulmonology,Medium,37.3C,90.0,133-75,98.0,51,cough with mild fever
V01080,P0832,2025-04-01,28.0,Male,stomach pain,general medicine,Medium,37.5C,76.0,118-70,99.0,34,stomach ache since last night
V01081,P0833,2025-02-23,,female,abdominal pain,General Medicine,Medium,100.0F,92.0,157 over 74,98.0,55,stomach ache since last night
V01082,P0834,2025-01-12,84.0,male,tiredness,Cardio,Low,37.3C,68.0,137-87,98.0,58,extreme tiredness
V01083,P0834,2025-11-10,84.0,male,cough,Gen Med,Medium,39.2C,94.0,157 over 98,97.0,28,cough with mild fever
V01084,P0835,2025-12-30,71.0,Female,high temp,General Medicine,Low,37.5C,78.0,127/68,,75,body ache with fever
V01085,P0835,2025-06-21,71.0,Female,abdominal pain,general medicine,Medium,38.3C,97.0,131-69,95.0,48,pain in lower abdomen
V01086,P0836,2025-01-15,12.0,Male,hedache,Neuro,Medium,100.2F,87.0,115 over 88,96.0,54,migraine like symptoms
V01087,P0837,2025-10-07,20.0,male,sore throut,Gen Med,Low,101.7F,68.0,120 over 87,95.0,63,pt reports throat ache
V01088,P0838,2025-07-17,83.0,Female,hedache,Neuro,Medium,39.3C,91.0,153-94,99.0,20,hedache for 3 days
V01089,P0839,2025-10-27,65.0,Male,lightheaded,,Low,99.9F,84.0,113/87,96.0,107,pt feels dizzy since mornng
V01090,P0840,2025-06-21,,female,Fatigue,general medicine,Low,103.5F,63.0,137 over 80,98.0,87,fatigue and lethargy
V01091,P0841,2025-10-30,85.0,Female,Fatigue,Gen Med,Low,102.6F,61.0,134-77,100.0,85,fatigue and lethargy
V01092,P0841,2025-08-28,85.0,Female,Fever,General Medicine,Medium,98.1F,91.0,139-71,97.0,22,pt reports fever and chills
V01093,P0842,2025-10-08,68.0,M,fatigue,cardiology,Medium,102.7F,78.0,128-87,95.0,34,fatigue and lethargy
V01094,P0843,2025-06-13,19.0,male,coughing,Gen Med,Low,37.3C,66.0,105-97,100.0,78,cough with mild fever
V01095,P0844,2025-09-12,88.0,female,,General Medicine,Medium,38.2C,84.0,151 over 100,95.0,38,pt reports fever and chills
V01096,P0845,2025-08-23,16.0,Female,weakness,,Low,96.8F,64.0,133/77,97.0,49,fatigue and lethargy
V01097,P0846,2025-03-21,55.0,female,short of breath,Pulmonology,High,103.6F,114.0,114-64,91.0,21,breathlessness since morning
V01098,P0847,2025-03-03,61.0,Male,hedache,Gen Med,Medium,36.5C,92.0,149/62,100.0,38,severe headache since morning
V01099,P0848,2025-12-26,5.0,,persistent cough,Gen Med,Low,39.0C,75.0,144/82,98.0,115,cough with mild fever
V01100,P0849,2025-09-04,68.0,Female,,pulmonology,High,39.8C,96.0,111/60,92.0,10,difficulty breathing since last night
V01101,P0850,2025-04-27,17.0,male,Sore Throat,ENT,Low,97.7F,69.0,138-84,97.0,78,pt reports throat ache
V01102,P0851,2025-10-28,34.0,male,nausea/vomiting,general medicine,Medium,38.4C,83.0,127-60,95.0,21,nausea with vomiting
V01103,P0852,2025-12-09,56.0,Male,Nausea,Gastroenterology,Medium,39.9C,79.0,145 over 77,100.0,45,feeling sick after meals
V01104,P0853,2025-11-16,30.0,F,,ER,Medium,102.9F,82.0,153-92,95.0,46,body ache with fever
V01105,P0854,2025-11-03,4.0,F,abdo pain,gastro dept,Medium,103.3F,79.0,153-72,99.0,46,pain in lower abdomen
V01106,P0855,2025-02-14,40.0,F,abdominal pain,Gastroenterology,Medium,97.3F,90.0,123 over 67,99.0,50,pain in lower abdomen
V01107,P0855,2025-09-10,40.0,F,high temp,Emergency Dept,Medium,102.0F,76.0,125 over 67,97.0,37,body ache with fever
V01108,P0856,2025-01-09,5.0,Male,Fever,Gen Med,Medium,39.0C,97.0,136 over 72,97.0,40,high fevr since yesterday
V01109,P0857,2025-07-03,3.0,Female,hedache,Neuro,Low,39.7C,74.0,157-97,95.0,54,severe headache since morning
V01110,P0857,2025-12-09,3.0,Female,Dizziness,neuro dept,Medium,39.8C,78.0,114/90,97.0,49,vertigo like symptoms
V01111,P0858,2025-02-20,39.0,Female,Fatigue,Cardio,Medium,102.2F,99.0,125-83,98.0,33,pt reports weakness since 3 days
V01112,P0859,2025-10-14,85.0,M,short of breath,,High,39.2C,112.0,101/78,94.0,21,difficulty breathing since last night
V01113,P0860,2025-02-24,33.0,Female,Fatigue,cardiology,Low,100.9F,67.0,134-95,98.0,44,pt reports weakness since 3 days
V01114,P0861,2025-05-25,,Male,throat ache,Ear Nose Throat,Low,100.4F,60.0,155-76,96.0,109,throat pain while swallowing
V01115,P0862,2025-01-20,24.0,Female,throat ache,general medicine,Low,37.7C,70.0,115/87,97.0,43,pt reports throat ache
V01116,P0863,2025-06-05,81.0,Male,sore throat,general medicine,Low,38.7C,60.0,138 over 95,100.0,720,pt reports throat ache
V01117,P0864,2025-05-28,,female,Dizziness,Neurology,Medium,97.3F,96.0,125-64,100.0,23,lightheaded on standing
V01118,P0865,2025-06-22,89.0,Male,Sore Throat,,Low,36.7C,76.0,105-76,100.0,75,pt reports throat ache
V01119,P0866,2025-08-29,23.0,male,short of breath,ER,Critical,103.3F,118.0,135 over 60,83.0,6,difficulty breathing since last night
V01120,P0867,2025-05-24,52.0,male,stomach pain,gastro dept,Medium,36.4C,76.0,152-75,100.0,37,pain in lower abdomen
V01121,P0867,2025-07-21,52.0,male,sore throut,general medicine,Low,38.9C,61.0,160/100,95.0,95,sore throut since yesterday
V01122,P0867,2025-08-02,52.0,male,bak pain,Emergency,Low,37.7C,76.0,143/99,99.0,82,pt reports lumbar pain
V01123,P0868,2025-12-18,19.0,F,sore throat,General Medicine,Low,40.4C,74.0,153 over 69,99.0,49,throat pain while swallowing
V01124,P0869,2025-07-05,,female,sore throut,general medicine,Low,37.9C,73.0,103-85,97.0,103,pt reports throat ache
V01125,P0869,2025-05-02,3.0,female,throat pain,Ear Nose Throat,Low,39.8C,82.0,146/85,96.0,71,pt reports throat ache
V01126,P0870,2025-12-29,12.0,Female,stomach pain,general medicine,Medium,36.3C,95.0,136 over 86,95.0,50,stomach ache since last night
V01127,P0871,2025-02-25,,Female,shortness of breath,Emergency,Critical,103.6F,134.0,158/68,85.0,6,sob while walking
V01128,P0872,2025-06-01,14.0,F,feeling sick,GI,Low,99.9F,70.0,104-92,95.0,118,pt reports N/V since last nite
V01129,P0872,2025-11-06,14.0,F,dizziness,General Medicine,Low,39.0C,73.0,139/90,98.0,62,pt feels dizzy since mornng
V01130,P0873,2025-08-26,60.0,Male,Dizziness,general medicine,Low,99.7F,79.0,102-100,97.0,57,vertigo like symptoms
V01131,P0874,2025-10-15,,female,vertigo,general medicine,Low,103.8F,82.0,105 over 78,97.0,41,pt feels dizzy since mornng
V01132,P0875,2025-03-28,76.0,male,SOB,pulmonology,Critical,37.7C,137.0,112 over 70,88.0,10,difficulty breathing since last night
V01133,P0876,2025-01-24,56.0,female,persistent cough,Gen Med,Low,37.6C,76.0,117/87,99.0,92,cough with mild fever
V01134,P0877,2025-05-10,25.0,female,cough,Pulmonology,Medium,40.0C,81.0,160-95,95.0,22,dry cough for 1 week
V01135,P0878,2025-05-18,21.0,Female,Cough,Pulmo,Medium,39.2C,95.0,119-82,96.0,50,persistent coughing
V01136,P0879,2025-02-27,15.0,Female,chestpain,Emergency Dept,Critical,102.2F,119.0,139 over 67,92.0,9,chest pain since 2 hrs
V01137,P0880,2025-06-24,15.0,female,throat ache,Ear Nose Throat,Low,102.4F,67.0,119 over 64,96.0,96,sore throut since yesterday
V01138,P0881,2025-04-10,,Female,lumbar pain,,Medium,103.6F,91.0,124-75,98.0,57,pt reports lumbar pain
V01139,P0882,2025-11-26,66.0,Male,hedache,Gen Med,Medium,98.8F,93.0,155-84,95.0,27,severe headache since morning
V01140,P0883,2025-10-20,80.0,female,lightheaded,Gen Med,Low,38.7C,76.0,145 over 62,99.0,80,vertigo like symptoms
V01141,P0884,2025-01-29,64.0,M,chest pain,Emergency Dept,Critical,36.2C,138.0,119 over 89,82.0,8,pt has chst pain frm morning
V01142,P0884,2025-09-21,64.0,M,SOB,Pulmo,Critical,104.0F,119.0,135-73,85.0,12,difficulty breathing since last night
V01143,P0885,2025-10-29,68.0,M,throat ache,General Medicine,Low,37.4C,60.0,148-73,98.0,96,sore throut since yesterday
V01144,P0886,2025-08-22,62.0,female,abd pain,GI,Medium,100.0F,82.0,138-79,96.0,26,pain in lower abdomen
V01145,P0886,2025-06-28,62.0,female,high temp,,Medium,,78.0,106/65,99.0,720,body ache with fever
V01146,P0887,2025-11-28,63.0,M,nausea/vomiting,gastro dept,Low,103.3F,80.0,128 over 86,98.0,44,pt reports N/V since last nite
V01147,P0887,2025-08-16,63.0,M,dry cough,pulmonology,Medium,38.0C,91.0,128-87,95.0,56,cough with mild fever
V01148,P0887,2025-11-21,63.0,M,coughing,general medicine,Low,104.9F,68.0,126-83,96.0,83,persistent coughing
V01149,P0888,2025-09-29,12.0,Female,back pain,General Medicine,Low,37.2C,,138 over 90,95.0,106,lower bak pain since 2 days
V01150,P0889,2025-06-20,55.0,Male,chst pain,Emergency,Critical,36.1C,150.0,112-87,86.0,0,pain in chest while walking
V01151,P0889,2025-11-25,55.0,Male,dizzy,Gen Med,Medium,39.1C,84.0,150 over 63,97.0,56,pt feels dizzy since mornng
V01152,P0890,2025-07-25,87.0,female,CHEST PAIN,A&E,High,36.6C,,139/72,90.0,16,pain in chest while walking
V01153,P0890,2025-08-27,87.0,female,dizzy,Gen Med,Medium,37.4C,86.0,132-86,99.0,47,lightheaded on standing
V01154,P0891,2025-11-09,70.0,F,abdominal pain,Gastroenterology,Medium,38.1C,78.0,143/95,95.0,46,stomach ache since last night
V01155,P0892,2025-03-04,79.0,male,stomach pain,GI,Medium,38.5C,88.0,142 over 83,95.0,40,stomach ache since last night
V01156,P0892,2025-06-17,79.0,,head-ache,General Medicine,Low,97.0F,83.0,120/72,97.0,92,hedache for 3 days
V01157,P0892,2025-03-27,,male,dry cough,general medicine,Medium,38.9C,98.0,121 over 67,99.0,40,dry cough for 1 week
V01158,P0893,2025-04-23,,M,high fever,ER,Medium,99.9F,77.0,148/70,98.0,57,body ache with fever
V01159,P0894,2025-10-28,88.0,female,,Emergency,Medium,100.9F,94.0,151/89,96.0,59,high fevr since yesterday
V01160,P0895,2025-02-10,21.0,male,Sore Throat,general medicine,Low,104.7F,68.0,100/63,97.0,76,sore throut since yesterday
V01161,P0896,2025-01-14,60.0,Female,high temp,A&E,Medium,36.3C,82.0,102 over 76,96.0,39,high fevr since yesterday
V01162,P0897,2025-04-08,87.0,male,Chest Pain,cardiology,Critical,101.5F,129.0,106 over 74,82.0,2,pain in chest while walking
V01163,P0898,2025-05-01,,female,persistent cough,Gen Med,Low,37.8C,75.0,120-89,96.0,50,persistent coughing
V01164,P0898,2025-12-21,24.0,female,Fever,Gen Med,Low,36.1C,70.0,159 over 81,97.0,71,body ache with fever
V01165,P0899,2025-04-07,26.0,male,abdo pain,gastro dept,Medium,99.1F,99.0,121/71,100.0,52,stomach ache since last night
V01166,P0900,2025-06-17,77.0,Male,breathlessness,A&E,Critical,38.2C,145.0,121 over 66,86.0,9,difficulty breathing since last night
V01167,P0901,2025-06-24,57.0,Male,chest pain,,High,97.2F,114.0,134 over 83,91.0,25,chest pain since 2 hrs
V01168,P0902,2025-03-16,,male,abd pain,general medicine,Medium,39.8C,94.0,152 over 68,99.0,52,pain in lower abdomen
V01169,P0902,2025-08-18,52.0,male,coughing,pulmonology,Low,104.7F,64.0,127/91,97.0,89,persistent coughing
V01170,P0903,2025-12-06,40.0,Male,fatigue,General Medicine,Medium,104.9F,92.0,152-93,97.0,52,pt reports weakness since 3 days
V01171,P0904,2025-02-26,28.0,Male,Nausea,general medicine,Low,38.2C,61.0,147/98,95.0,50,pt reports N/V since last nite
V01172,P0905,2025-07-24,9.0,female,Nausea,GI,Low,40.4C,84.0,146 over 76,97.0,87,feeling sick after meals
V01173,P0905,2025-04-20,9.0,,feeling sick,General Medicine,Medium,36.5C,80.0,144/85,99.0,30,nausea with vomiting
V01174,P0906,2025-11-19,58.0,male,bak pain,General Medicine,Low,103.1F,71.0,103/60,97.0,104,lower bak pain since 2 days
V01175,P0907,2025-12-21,,male,Back Pain,Emergency Dept,Low,36.0C,65.0,102-60,95.0,41,back pain while sitting
V01176,P0907,2025-12-21,75.0,male,lumbar pain,Emergency Dept,Low,39.5C,72.0,117/65,97.0,48,pt reports lumbar pain
V01177,P0908,2025-08-19,72.0,male,short of breath,,High,101.5F,111.0,119 over 71,94.0,17,breathlessness since morning
V01178,P0908,2025-03-15,72.0,male,nausea,,Medium,36.3C,86.0,106-88,96.0,43,nausea with vomiting
V01179,P0909,2025-07-23,49.0,male,stomach pain,Gen Med,Medium,39.4C,76.0,109 over 83,95.0,55,pain in lower abdomen
V01180,P0909,2025-02-04,49.0,male,HA,General Medicine,Low,38.4C,64.0,145-91,95.0,720,hedache for 3 days
V01181,P0910,2025-05-26,42.0,F,nausea,Gastro,Medium,104.2F,100.0,105-93,95.0,53,feeling sick after meals
V01182,P0911,2025-06-14,67.0,M,weakness,,Low,39.3C,74.0,124-62,100.0,95,fatigue and lethargy
V01183,P0911,2025-08-04,67.0,M,short of breath,Pulmo,Critical,38.1C,127.0,139/72,92.0,8,difficulty breathing since last night
V01184,P0912,2025-01-02,47.0,Female,chestpain,cardiology,Critical,38.8C,142.0,146 over 90,90.0,7,pain in chest while walking
V01185,P0913,2025-11-27,43.0,,short of breath,A&E,High,100.9F,111.0,114/78,90.0,22,sob while walking
V01186,P0914,2025-01-29,35.0,Female,shortness of breath,Pulmo,High,102.2F,97.0,157-76,94.0,24,sob while walking
V01187,P0914,2025-07-17,35.0,Female,,CARDIO,High,39.7C,114.0,121/99,95.0,24,pt has chst pain frm morning
V01188,P0915,2025-11-01,17.0,M,Fever,general medicine,Medium,37.4C,91.0,157/74,99.0,31,body ache with fever
V01189,P0915,2025-03-03,17.0,M,hedache,General Medicine,Low,102.7F,62.0,121/66,97.0,55,hedache for 3 days
V01190,P0916,2025-03-13,74.0,male,Fatigue,Cardio,Low,38.2C,85.0,146/91,99.0,78,fatigue and lethargy
V01191,P0916,2025-05-26,74.0,male,weakness,Cardiology,Low,101.8F,70.0,125/91,97.0,81,fatigue and lethargy
V01192,P0917,2025-07-03,89.0,M,back pain,Emergency,Medium,37.2C,85.0,160-97,96.0,45,lower bak pain since 2 days
V01193,P0917,2025-03-03,89.0,M,lightheaded,general medicine,Low,37.6C,62.0,134 over 94,100.0,95,lightheaded on standing
V01194,P0917,2025-01-25,89.0,M,throat ache,general medicine,Low,36.5C,81.0,150-93,98.0,113,pt reports throat ache
V01195,P0918,2025-07-03,32.0,female,,ENT,Low,100.6F,72.0,131 over 96,99.0,46,sore throut since yesterday
V01196,P0919,2025-02-05,5.0,Female,throat pain,General Medicine,Low,104.7F,79.0,152-95,99.0,104,throat pain while swallowing
V01197,P0919,2025-05-30,5.0,Female,Nausea,Gastroenterology,Medium,38.2C,80.0,116-95,100.0,59,pt reports N/V since last nite
V01198,P0920,2025-07-08,74.0,female,high fever,Gen Med,Low,98.2F,77.0,117/75,95.0,117,pt reports fever and chills
V01199,P0921,2025-01-29,63.0,Female,hedache,neuro dept,Low,104.2F,73.0,100 over 88,99.0,47,severe headache since morning
V01200,P0922,2025-08-23,8.0,Female,fever,A&E,Medium,39.4C,93.0,114 over 62,96.0,60,pt reports fever and chills
V01201,P0923,2025-07-12,17.0,male,Dizziness,Neuro,Low,99.0F,85.0,148-88,96.0,117,vertigo like symptoms
V01202,P0924,2025-10-22,88.0,male,sore throut,ent dept,Low,37.2C,81.0,112-81,99.0,43,throat pain while swallowing
V01203,P0924,2025-01-25,88.0,male,back pain,General Medicine,Low,103.8F,83.0,130/80,99.0,80,lower bak pain since 2 days
V01204,P0924,2025-03-30,88.0,male,Cough,Pulmonology,Low,37.3C,68.0,108 over 99,99.0,94,cough with mild fever
V01205,P0925,2025-03-03,75.0,female,lethargy,Cardiology,Low,39.4C,83.0,136/91,95.0,95,pt reports weakness since 3 days
V01206,P0926,2025-11-03,29.0,Female,lightheaded,Gen Med,Low,40.1C,79.0,160-71,100.0,91,pt feels dizzy since mornng
V01207,P0927,2025-05-27,4.0,Male,Fatigue,CARDIO,Low,39.8C,68.0,122/69,98.0,110,extreme tiredness
V01208,P0928,2025-02-26,18.0,M,difficulty breathing,Pulmo,High,97.7F,112.0,104-70,90.0,22,breathlessness since morning
V01209,P0929,2025-01-01,36.0,Female,abdominal pain,Gen Med,Medium,38.5C,92.0,136/91,98.0,36,stomach ache since last night
V01210,P0930,2025-10-05,29.0,Male,abd pain,Gen Med,Medium,38.4C,80.0,107/87,100.0,49,pt reports abd pain
V01211,P0931,2025-02-02,71.0,female,sore throat,General Medicine,Low,39.9C,84.0,115-81,100.0,95,sore throut since yesterday
V01212,P0931,2025-03-08,71.0,female,Back Pain,general medicine,Medium,37.5C,86.0,131-67,99.0,60,back pain while sitting
V01213,P0932,2025-05-20,8.0,female,bak pain,ER,Low,102.9F,85.0,131 over 99,97.0,66,back pain while sitting
V01214,P0933,2025-04-20,82.0,,fevr,Emergency,Low,99.9F,76.0,110 over 74,98.0,110,pt reports fever and chills
V01215,P0933,2025-08-20,82.0,M,vertigo,general medicine,Low,36.7C,72.0,147/72,97.0,72,vertigo like symptoms
V01216,P0933,2025-01-08,82.0,M,head-ache,Gen Med,Medium,103.1F,99.0,150/69,96.0,55,migraine like symptoms
V01217,P0934,2025-06-22,88.0,M,high temp,Gen Med,Low,39.1C,72.0,106-80,97.0,45,high fevr since yesterday
V01218,P0934,2025-11-19,88.0,,throat ache,ent dept,Low,38.2C,80.0,116 over 80,96.0,109,throat pain while swallowing
V01219,P0935,2025-06-12,52.0,male,Cough,Pulmonology,Low,37.5C,70.0,104 over 67,95.0,73,dry cough for 1 week
V01220,P0936,2025-08-15,53.0,Female,cough,pulmonology,Medium,40.2C,94.0,144/76,100.0,43,persistent coughing
V01221,P0937,2025-06-04,55.0,female,bak pain,Emergency,Medium,37.1C,78.0,128/95,99.0,44,back pain while sitting
V01222,P0938,2025-08-03,53.0,Female,persistent cough,pulmonology,Low,40.2C,82.0,117 over 67,95.0,41,persistent coughing
V01223,P0939,2025-05-26,73.0,male,sore throat,Ear Nose Throat,Low,39.7C,64.0,124/77,98.0,97,throat pain while swallowing
V01224,P0940,2025-09-04,72.0,Female,abdo pain,General Medicine,Medium,102.9F,98.0,158/68,99.0,37,stomach ache since last night
V01225,P0941,2025-07-03,43.0,male,headache,neuro dept,Medium,38.0C,89.0,146 over 80,100.0,26,migraine like symptoms
V01226,P0942,2026-01-01,73.0,M,Cough,Pulmo,Low,97.9F,60.0,146 over 99,95.0,87,persistent coughing
V01227,P0942,2025-06-09,73.0,M,headache,general medicine,Low,97.0F,76.0,157-62,100.0,105,migraine like symptoms
V01228,P0943,2025-08-02,6.0,male,Fever,General Medicine,Low,37.9C,84.0,115-74,98.0,118,high fevr since yesterday
V01229,P0944,2025-08-14,62.0,male,fatigue,general medicine,Low,102.2F,77.0,112-71,100.0,54,extreme tiredness
V01230,P0944,2025-10-12,62.0,male,breathlessness,Emergency,High,40.0C,115.0,134/79,95.0,17,difficulty breathing since last night
V01231,P0945,2025-07-17,39.0,Male,,,Medium,39.9C,92.0,130/70,96.0,36,fatigue and lethargy
V01232,P0945,2025-06-07,39.0,Male,Chest Pain,cardiology,Critical,101.3F,117.0,127 over 76,82.0,10,pt has chst pain frm morning
V01233,P0946,2025-11-02,43.0,F,high fever,general medicine,Medium,101.3F,80.0,115 over 65,95.0,50,high fevr since yesterday
V01234,P0946,2025-01-01,43.0,F,SOB,Pulmonology,Critical,38.6C,112.0,155-71,87.0,4,difficulty breathing since last night
V01235,P0947,2025-09-24,31.0,M,nausea,General Medicine,Medium,37.6C,80.0,108-89,99.0,31,feeling sick after meals
V01236,P0948,2025-05-14,86.0,Female,high fever,Emergency,Low,101.8F,67.0,150 over 60,96.0,59,body ache with fever
V01237,P0949,2025-07-17,52.0,F,throat ache,General Medicine,Low,102.2F,64.0,130 over 71,96.0,49,sore throut since yesterday
V01238,P0949,2025-06-03,52.0,F,Back Pain,general medicine,Low,39.2C,83.0,143 over 62,96.0,63,back pain while sitting
V01239,P0950,2025-11-19,51.0,Female,head-ache,neuro dept,Medium,36.7C,98.0,139-72,95.0,36,migraine like symptoms
V01240,P0951,2025-03-04,42.0,female,fevr,ER,Low,99.0F,65.0,146-87,97.0,97,body ache with fever
V01241,P0951,2025-08-11,,female,chst pain,Cardio,Critical,40.4C,110.0,132/88,90.0,4,chest pain since 2 hrs
V01242,P0952,2025-05-19,59.0,M,head-ache,General Medicine,Medium,37.4C,100.0,128-98,97.0,52,hedache for 3 days
V01243,P0953,2025-05-15,2.0,F,stomach pain,General Medicine,Medium,38.7C,97.0,144/99,100.0,44,stomach ache since last night
V01244,P0953,2025-08-26,2.0,F,Cough,Gen Med,Low,39.7C,80.0,134-64,100.0,120,persistent coughing
V01245,P0954,2025-04-15,31.0,Female,Nausea,Gastroenterology,Medium,98.8F,75.0,155 over 72,100.0,24,feeling sick after meals
V01246,P0955,2025-07-25,45.0,Male,high temp,general medicine,Low,101.3F,68.0,145-98,,66,pt reports fever and chills
V01247,P0956,2025-10-28,80.0,male,back pain,Emergency Dept,Low,36.4C,74.0,155/67,96.0,51,back pain while sitting
V01248,P0957,2025-09-25,7.0,M,abdo pain,GI,Medium,104.2F,93.0,111/76,98.0,39,pain in lower abdomen
V01249,P0958,2025-03-20,71.0,F,fevr,,Low,36.6C,65.0,150/63,100.0,86,high fevr since yesterday
V01250,P0959,2025-10-20,67.0,female,coughing,pulmonology,Medium,37.6C,83.0,119-92,95.0,23,cough with mild fever
V01251,P0960,2025-02-24,87.0,male,dizziness,General Medicine,Medium,36.6C,90.0,146 over 85,100.0,30,lightheaded on standing
V01252,P0961,2025-11-04,83.0,M,CHEST PAIN,Cardio,High,39.5C,113.0,138/83,95.0,15,pt has chst pain frm morning
V01253,P0962,2025-02-15,29.0,M,short of breath,Pulmo,High,97.0F,113.0,159-76,91.0,14,difficulty breathing since last night
V01254,P0962,2025-08-19,29.0,,short of breath,pulmonology,High,36.3C,105.0,132/66,90.0,13,breathlessness since morning
V01255,P0963,2025-07-25,43.0,F,nausea,Gen Med,Low,39.2C,78.0,136 over 79,96.0,118,pt reports N/V since last nite
V01256,P0964,2025-04-16,33.0,Male,coughing,pulmonology,Low,37.2C,84.0,123 over 93,99.0,112,dry cough for 1 week
V01257,P0965,2025-01-11,47.0,M,short of breath,ER,High,36.9C,104.0,103 over 87,95.0,26,difficulty breathing since last night
V01258,P0965,2025-11-27,,M,dizzy,General Medicine,Medium,39.9C,77.0,156 over 86,95.0,27,lightheaded on standing
V01259,P0966,2025-12-14,18.0,female,abd pain,Gastroenterology,Medium,39.1C,95.0,107 over 68,100.0,43,pt reports abd pain
V01260,P0967,2025-10-03,7.0,female,CHEST PAIN,Emergency Dept,Critical,100.2F,113.0,116 over 87,82.0,5,chest pain since 2 hrs
V01261,P0968,2026-01-01,8.0,F,Dizziness,neuro dept,Medium,98.1F,77.0,100/66,97.0,46,lightheaded on standing
V01262,P0969,2025-07-17,28.0,F,Sore Throat,Gen Med,Low,39.1C,75.0,122 over 94,98.0,73,pt reports throat ache
V01263,P0969,2025-02-25,28.0,F,CHEST PAIN,Cardio,High,39.5C,113.0,101 over 66,96.0,11,pt has chst pain frm morning
V01264,P0970,2025-04-07,73.0,male,Cough,General Medicine,Low,101.8F,75.0,132-61,99.0,100,cough with mild fever
V01265,P0970,2025-04-11,73.0,male,Head Ache,Gen Med,Medium,97.0F,97.0,110 over 78,95.0,44,hedache for 3 days
V01266,P0971,2025-06-08,,M,abdominal pain,Gen Med,Medium,97.5F,85.0,152 over 78,99.0,49,pain in lower abdomen
V01267,P0972,2025-02-14,79.0,male,HA,neuro dept,Low,38.5C,83.0,147 over 82,97.0,66,hedache for 3 days
V01268,P0973,2025-03-06,64.0,male,N/V,general medicine,Medium,97.9F,92.0,150/93,97.0,49,nausea with vomiting
V01269,P0973,2025-05-17,64.0,male,throat ache,general medicine,Low,37.4C,79.0,133 over 89,100.0,50,sore throut since yesterday
V01270,P0974,2025-10-10,27.0,Male,SOB,Pulmo,High,38.1C,96.0,139 over 75,93.0,14,sob while walking
V01271,P0975,2025-05-09,,male,short of breath,pulmonology,Critical,38.3C,118.0,155/93,86.0,1,breathlessness since morning
V01272,P0976,2025-10-22,88.0,M,weakness,Cardiology,Medium,97.3F,95.0,107-75,97.0,21,pt reports weakness since 3 days
V01273,P0976,2025-12-21,,M,Fatigue,General Medicine,Low,37.6C,78.0,150-73,100.0,105,pt reports weakness since 3 days
V01274,P0977,2025-08-18,21.0,,chestpain,CARDIO,Critical,39.1C,134.0,150/94,82.0,14,pain in chest while walking
V01275,P0978,2025-11-10,4.0,F,Fever,Emergency,Medium,98.4F,90.0,137/95,100.0,25,high fevr since yesterday
V01276,P0979,2025-10-22,56.0,M,,cardiology,Low,100.4F,84.0,152 over 88,98.0,81,fatigue and lethargy
V01277,P0979,2025-01-27,56.0,M,lightheaded,General Medicine,Medium,36.7C,77.0,147/97,99.0,28,lightheaded on standing
V01278,P0980,2025-01-04,75.0,male,Back Pain,general medicine,Medium,102.7F,75.0,109 over 85,96.0,48,lower bak pain since 2 days
V01279,P0981,2025-01-18,43.0,M,weakness,general medicine,Medium,102.6F,82.0,151-91,98.0,47,pt reports weakness since 3 days
V01280,P0982,2025-04-14,76.0,Male,fatigue,CARDIO,Low,37.9C,84.0,160 over 86,97.0,90,pt reports weakness since 3 days
V01281,P0983,2025-11-09,,F,high temp,Emergency,Low,38.3C,78.0,155-83,96.0,720,high fevr since yesterday
V01282,P0984,2025-07-04,14.0,Male,tiredness,General Medicine,Medium,36.2C,91.0,124-83,100.0,49,fatigue and lethargy
V01283,P0985,2025-08-14,,M,breathlessness,Pulmo,High,38.0C,110.0,127-69,93.0,25,difficulty breathing since last night
V01284,P0986,2025-10-30,60.0,Male,high temp,General Medicine,Medium,39.5C,93.0,129-86,99.0,43,high fevr since yesterday
V01285,P0987,2025-05-28,4.0,male,abd pain,GI,Medium,36.8C,77.0,101-90,99.0,50,pain in lower abdomen
V01286,P0987,2025-11-16,4.0,male,abdo pain,Gastro,Medium,40.0C,81.0,150/68,99.0,57,pt reports abd pain
V01287,P0988,2025-09-08,19.0,Male,head-ache,Neurology,Low,100.8F,61.0,142-73,97.0,41,migraine like symptoms
V01288,P0989,2025-01-17,45.0,F,Dizziness,neuro dept,Low,40.4C,85.0,156-70,95.0,100,pt feels dizzy since mornng
V01289,P0989,2025-05-06,45.0,F,abdominal pain,gastro dept,Medium,40.5C,93.0,124/87,97.0,48,pt reports abd pain
V01290,P0989,2025-06-26,45.0,F,abd pain,Gastroenterology,Medium,36.2C,79.0,144/61,95.0,40,stomach ache since last night
V01291,P0990,2025-10-26,22.0,male,short of breath,Pulmo,High,39.9C,116.0,154 over 66,92.0,21,difficulty breathing since last night
V01292,P0991,2025-06-07,77.0,male,short of breath,A&E,High,102.4F,117.0,130/92,96.0,22,sob while walking
V01293,P0992,2025-03-20,61.0,female,lumbar pain,A&E,Low,99.3F,84.0,159-86,97.0,44,pt reports lumbar pain
V01294,P0993,2025-10-22,6.0,Male,SOB,pulmonology,High,39.1C,103.0,117 over 70,94.0,27,sob while walking
V01295,P0994,2025-06-10,87.0,Male,throat ache,general medicine,Low,101.1F,73.0,109-70,98.0,118,pt reports throat ache
V01296,P0995,2025-06-12,,Male,bak pain,General Medicine,Medium,36.2C,80.0,139/99,98.0,34,pt reports lumbar pain
V01297,P0995,2025-01-08,23.0,Male,dizziness,Gen Med,Low,102.6F,66.0,119/100,99.0,61,vertigo like symptoms
V01298,P0996,2026-01-01,10.0,female,lightheaded,neuro dept,Medium,39.7C,84.0,108 over 62,95.0,60,vertigo like symptoms
V01299,P0997,2025-08-11,50.0,Male,Nausea,General Medicine,Medium,40.2C,92.0,128 over 98,99.0,43,pt reports N/V since last nite
V01300,P0998,2025-09-21,63.0,,dizzy,Neuro,Medium,98.2F,99.0,112-95,98.0,44,pt feels dizzy since mornng
V01301,P0999,2025-09-07,10.0,Male,chst pain,ER,Critical,38.7C,,129/64,90.0,13,chest pain since 2 hrs
V01302,P1000,2025-12-06,77.0,Female,Cough,pulmonology,Medium,40.3C,92.0,103-68,96.0,60,persistent coughing
V01303,P1001,2025-05-19,79.0,,feeling sick,,Medium,104.7F,92.0,132/66,98.0,20,feeling sick after meals
V01304,P1002,2025-03-24,27.0,male,dizzy,general medicine,Medium,37.0C,87.0,126 over 69,99.0,60,pt feels dizzy since mornng
V01305,P1002,2025-12-20,27.0,male,chestpain,Emergency,Critical,40.0C,137.0,138 over 65,84.0,1,chest pain since 2 hrs
V01306,P1003,2025-08-07,38.0,Male,Back Pain,,Low,37.0C,60.0,105/60,96.0,43,lower bak pain since 2 days
V01307,P1004,2025-10-30,81.0,male,chst pain,,High,39.5C,120.0,113 over 91,90.0,12,pt has chst pain frm morning
V01308,P1005,2025-10-17,66.0,F,shortness of breath,Emergency Dept,Critical,38.5C,132.0,131-100,82.0,0,breathlessness since morning
V01309,P1006,2025-02-26,5.0,M,coughing,Pulmo,Medium,37.5C,94.0,118-88,100.0,23,dry cough for 1 week
V01310,P1007,2025-01-12,78.0,F,lower back pain,ER,Medium,40.3C,99.0,106-62,96.0,38,lower bak pain since 2 days
V01311,P1008,2025-08-29,,,abdo pain,Gen Med,Medium,102.7F,91.0,136-68,96.0,36,pt reports abd pain
V01312,P1009,2025-07-07,,M,Head Ache,Neuro,Low,100.2F,84.0,123/98,96.0,61,migraine like symptoms
V01313,P1010,2025-07-16,76.0,M,nausea/vomiting,general medicine,Low,103.6F,68.0,159/81,99.0,87,nausea with vomiting
V01314,P1011,2025-12-26,69.0,Female,headache,,Low,100.8F,,158-69,100.0,62,hedache for 3 days
V01315,P1012,2025-06-12,28.0,F,feeling sick,general medicine,Low,39.7C,67.0,157/97,97.0,52,pt reports N/V since last nite
V01316,P1012,2025-06-13,28.0,F,Head Ache,General Medicine,Low,39.9C,69.0,139/76,95.0,108,severe headache since morning
V01317,P1013,2025-08-30,28.0,female,lower back pain,Emergency,Low,39.4C,83.0,158-97,97.0,49,back pain while sitting
V01318,P1014,2025-06-08,3.0,female,abdominal pain,Gen Med,Medium,37.1C,78.0,147/66,98.0,47,pain in lower abdomen
V01319,P1015,2025-12-21,48.0,Male,dizzy,Neurology,Medium,,87.0,149-87,95.0,58,pt feels dizzy since mornng
V01320,P1016,2025-04-28,31.0,,coughing,Pulmonology,Low,39.9C,80.0,135 over 89,97.0,65,persistent coughing
V01321,P1016,2025-03-20,31.0,F,Cough,General Medicine,Low,39.0C,60.0,136/71,97.0,103,cough with mild fever
V01322,P1017,2025-10-27,69.0,Male,abdo pain,Gastroenterology,Medium,38.6C,83.0,146 over 96,97.0,26,pain in lower abdomen
V01323,P1018,2025-12-06,24.0,Male,bak pain,A&E,Low,101.8F,69.0,117 over 100,97.0,68,pt reports lumbar pain
V01324,P1018,2025-07-28,24.0,Male,vertigo,neuro dept,Medium,100.0F,83.0,124-82,95.0,21,vertigo like symptoms
V01325,P1018,2025-08-20,24.0,Male,high fever,ER,Low,37.2C,70.0,156 over 87,97.0,68,body ache with fever
V01326,P1019,2025-03-30,36.0,female,dry cough,Pulmo,Medium,40.3C,96.0,121-71,96.0,48,cough with mild fever
V01327,P1020,2025-07-31,38.0,,Head Ache,neuro dept,Low,37.3C,65.0,101/83,100.0,120,migraine like symptoms
V01328,P1021,2025-07-01,70.0,M,breathlessness,Emergency,High,40.2C,117.0,145 over 63,93.0,14,difficulty breathing since last night
V01329,P1022,2025-07-11,,Male,chestpain,,High,102.7F,112.0,121/74,92.0,22,pt has chst pain frm morning
V01330,P1023,2025-12-18,45.0,female,coughing,general medicine,Medium,39.0C,76.0,160 over 87,99.0,41,cough with mild fever
V01331,P1024,2025-05-23,,Female,vertigo,Neurology,Low,99.9F,61.0,130 over 66,95.0,102,pt feels dizzy since mornng
V01332,P1024,2025-12-20,23.0,Female,difficulty breathing,Emergency,Critical,38.7C,133.0,115/93,83.0,13,sob while walking
V01333,P1025,2025-07-25,58.0,M,Sore Throat,,Low,36.2C,83.0,147-63,95.0,93,pt reports throat ache
V01334,P1026,2025-06-29,23.0,male,Cough,Pulmo,Medium,40.0C,76.0,131-70,97.0,52,persistent coughing
V01335,P1027,2025-05-14,31.0,female,tiredness,,Medium,37.0C,89.0,155/68,97.0,50,extreme tiredness
V01336,P1027,2025-03-20,,female,lethargy,general medicine,Medium,36.8C,75.0,108-70,99.0,59,pt reports weakness since 3 days
V01337,P1028,2025-08-06,78.0,Female,cough,pulmonology,Low,40.1C,72.0,143/65,99.0,93,cough with mild fever
V01338,P1028,2025-07-01,78.0,Female,head-ache,Gen Med,Medium,39.5C,75.0,152-98,100.0,48,hedache for 3 days
V01339,P1029,2025-05-20,11.0,Female,feeling sick,general medicine,Medium,101.7F,96.0,121-80,96.0,35,feeling sick after meals
V01340,P1030,2025-01-05,39.0,female,Sore Throat,ent dept,Low,39.8C,74.0,112-83,95.0,97,throat pain while swallowing
V01341,P1030,2025-10-06,39.0,female,abdominal pain,Gastro,Medium,102.0F,93.0,133/82,95.0,32,pain in lower abdomen
V01342,P1031,2025-11-19,,,Nausea,Gen Med,Medium,104.5F,95.0,158/92,99.0,58,pt reports N/V since last nite
V01343,P1032,2025-07-16,30.0,male,lethargy,Cardiology,Low,36.4C,77.0,100 over 83,96.0,74,pt reports weakness since 3 days
V01344,P1033,2025-02-22,62.0,M,lower back pain,Emergency,Medium,102.4F,81.0,101-63,98.0,20,back pain while sitting
V01345,P1034,2025-04-19,16.0,M,nausea,general medicine,Medium,100.0F,95.0,103 over 86,98.0,42,pt reports N/V since last nite
V01346,P1035,2025-01-15,87.0,male,Sore Throat,Gen Med,Low,36.2C,76.0,113/97,95.0,87,pt reports throat ache
V01347,P1035,2025-01-30,87.0,male,abd pain,Gen Med,Medium,39.8C,93.0,105-62,99.0,28,pt reports abd pain
V01348,P1035,2025-11-23,87.0,male,Fever,General Medicine,Medium,97.7F,75.0,125 over 90,95.0,47,high fevr since yesterday
V01349,P1036,2025-12-15,8.0,male,nausea/vomiting,gastro dept,Low,40.0C,62.0,104 over 70,96.0,55,pt reports N/V since last nite
V01350,P1036,2025-02-20,8.0,male,Fatigue,Gen Med,Low,99.7F,75.0,135/76,98.0,65,pt reports weakness since 3 days
V01351,P1037,2025-07-07,1.0,female,stomach pain,general medicine,Medium,102.0F,75.0,135/72,96.0,50,pt reports abd pain
V01352,P1037,2025-05-07,1.0,female,N/V,Gen Med,Low,39.1C,70.0,123 over 91,95.0,75,pt reports N/V since last nite
V01353,P1037,2025-10-26,1.0,female,feeling sick,,Medium,40.0C,87.0,157/95,95.0,60,nausea with vomiting
V01354,P1038,2025-12-09,54.0,,breathlessness,Pulmonology,High,103.3F,103.0,123-80,92.0,12,breathlessness since morning
V01355,P1039,2025-05-11,31.0,Female,nausea/vomiting,Gastroenterology,Low,102.6F,62.0,151 over 81,98.0,116,feeling sick after meals
V01356,P1040,2025-05-11,74.0,female,Cough,Gen Med,Medium,39.3C,82.0,149-70,96.0,34,dry cough for 1 week
V01357,P1040,2025-02-02,74.0,female,tiredness,general medicine,Low,37.4C,80.0,156 over 87,95.0,109,pt reports weakness since 3 days
V01358,P1041,2025-03-09,66.0,female,vertigo,Neurology,Medium,39.3C,81.0,109/92,96.0,39,lightheaded on standing
V01359,P1042,2025-11-04,53.0,M,SOB,ER,Critical,102.9F,142.0,135-61,85.0,14,sob while walking
V01360,P1043,2025-06-04,15.0,male,nausea,,Low,40.4C,80.0,129 over 89,98.0,75,feeling sick after meals
V01361,P1044,2025-09-18,6.0,Female,N/V,Gastro,Medium,40.2C,84.0,134 over 90,98.0,37,pt reports N/V since last nite
V01362,P1045,2025-11-15,18.0,Male,hedache,general medicine,Low,37.2C,74.0,148-94,96.0,55,migraine like symptoms
V01363,P1046,2025-09-26,57.0,F,dry cough,general medicine,Medium,38.6C,79.0,143-92,100.0,48,cough with mild fever
V01364,P1047,2025-05-02,22.0,M,high temp,General Medicine,Medium,100.8F,89.0,109/97,98.0,52,high fevr since yesterday
V01365,P1048,2025-08-10,7.0,male,high temp,General Medicine,Medium,38.8C,94.0,140/61,97.0,41,body ache with fever
V01366,P1048,2025-10-08,7.0,male,cough,Gen Med,Medium,102.7F,89.0,109/76,97.0,35,cough with mild fever
V01367,P1048,2025-03-23,7.0,male,Cough,General Medicine,Low,101.5F,67.0,152-78,100.0,77,cough with mild fever
V01368,P1049,2025-12-31,28.0,M,HA,Neuro,Low,39.8C,76.0,104 over 81,99.0,104,hedache for 3 days
V01369,P1050,2025-08-08,90.0,F,weakness,Gen Med,Low,102.6F,80.0,152/73,99.0,88,fatigue and lethargy
V01370,P1051,2025-11-22,50.0,Female,lethargy,CARDIO,Medium,38.5C,84.0,102-77,95.0,42,fatigue and lethargy
V01371,P1051,2025-04-10,50.0,Female,sore throat,General Medicine,Low,99.5F,83.0,117-82,96.0,48,pt reports throat ache
V01372,P1052,2025-01-27,,Male,cough,Gen Med,Low,97.0F,83.0,109/93,97.0,67,persistent coughing
V01373,P1053,2025-07-02,13.0,F,Fever,,Low,100.4F,82.0,101 over 61,96.0,70,body ache with fever
V01374,P1054,2025-07-07,78.0,Female,bak pain,Gen Med,Low,97.2F,74.0,125 over 96,95.0,85,pt reports lumbar pain
V01375,P1055,2025-07-27,31.0,,throat ache,Ear Nose Throat,Low,36.6C,63.0,118 over 77,96.0,107,pt reports throat ache
V01376,P1056,2025-01-06,76.0,F,sore throut,General Medicine,Low,100.0F,63.0,109/90,95.0,90,pt reports throat ache
V01377,P1057,2025-06-11,77.0,male,abdo pain,Gastro,Medium,38.6C,76.0,131/77,95.0,50,stomach ache since last night
V01378,P1058,2025-07-14,87.0,Female,dizziness,general medicine,Low,37.9C,72.0,128 over 99,100.0,59,lightheaded on standing
V01379,P1059,2025-08-12,48.0,F,head-ache,general medicine,Low,103.3F,71.0,160/60,96.0,52,severe headache since morning
V01380,P1060,2025-09-23,10.0,female,persistent cough,general medicine,Medium,99.9F,84.0,120 over 72,100.0,37,persistent coughing
V01381,P1061,2025-09-21,10.0,female,Back Pain,A&E,Medium,38.5C,92.0,100 over 78,99.0,31,lower bak pain since 2 days
V01382,P1061,2025-07-23,10.0,female,fevr,general medicine,Medium,101.5F,95.0,121-92,99.0,26,pt reports fever and chills
V01383,P1062,2025-03-24,55.0,male,fevr,Emergency Dept,Low,36.6C,81.0,115/82,97.0,109,body ache with fever
V01384,P1063,2025-07-10,32.0,Female,abd pain,general medicine,Medium,37.7C,92.0,108/63,95.0,22,pt reports abd pain
V01385,P1064,2025-01-16,49.0,male,abd pain,Gen Med,Medium,36.1C,87.0,159 over 67,96.0,40,pain in lower abdomen
V01386,P1064,2025-06-24,49.0,male,fatigue,,Low,38.0C,81.0,121 over 72,99.0,56,extreme tiredness
V01387,P1065,2025-06-14,80.0,Female,nausea/vomiting,general medicine,Medium,38.3C,88.0,155/72,96.0,51,nausea with vomiting
V01388,P1065,2025-05-05,80.0,Female,bak pain,General Medicine,Medium,40.3C,80.0,137 over 88,96.0,34,pt reports lumbar pain
V01389,P1065,2025-07-28,80.0,Female,abd pain,GI,Medium,,90.0,111/82,100.0,31,stomach ache since last night
V01390,P1066,2025-02-06,14.0,female,cough,pulmonology,Low,40.2C,72.0,106-97,97.0,78,persistent coughing
V01391,P1067,2025-12-10,76.0,M,nausea,general medicine,Medium,38.4C,86.0,151/62,99.0,28,nausea with vomiting
V01392,P1068,2025-02-03,37.0,F,lumbar pain,ER,Medium,102.0F,76.0,133-60,98.0,29,back pain while sitting
V01393,P1069,2025-09-16,59.0,M,bak pain,General Medicine,Medium,103.8F,86.0,102 over 63,99.0,54,back pain while sitting
V01394,P1069,2025-10-16,59.0,M,lumbar pain,ER,Low,37.0C,81.0,121/64,95.0,88,lower bak pain since 2 days
V01395,P1070,2025-11-08,14.0,female,Sore Throat,Gen Med,Low,39.4C,78.0,122 over 98,98.0,49,sore throut since yesterday
V01396,P1071,2025-11-06,19.0,male,abd pain,Gastro,Medium,101.8F,90.0,152/83,95.0,40,pain in lower abdomen
V01397,P1072,2025-11-14,31.0,Male,Chest Pain,Emergency Dept,High,99.1F,103.0,156/65,92.0,26,pain in chest while walking
V01398,P1073,2025-01-02,73.0,F,Chest Pain,A&E,High,39.8C,101.0,101 over 99,90.0,15,pt has chst pain frm morning
V01399,P1074,2025-02-16,10.0,F,shortness of breath,Emergency Dept,Critical,100.0F,147.0,106 over 82,83.0,2,sob while walking
V01400,P1075,2025-05-14,73.0,female,throat pain,ent dept,Low,38.7C,75.0,133-99,100.0,61,pt reports throat ache
V01401,P1076,2025-03-31,64.0,female,dizziness,Neuro,Medium,36.7C,99.0,157 over 94,97.0,53,pt feels dizzy since mornng
V01402,P1077,2025-02-07,12.0,Female,fever,A&E,Low,98.2F,68.0,123 over 77,95.0,46,pt reports fever and chills
V01403,P1078,2025-07-24,46.0,F,chest pain,Emergency,Critical,38.0C,138.0,120-98,88.0,1,pain in chest while walking
V01404,P1079,2025-07-29,55.0,Male,Back Pain,Gen Med,Low,37.7C,68.0,121-72,99.0,44,back pain while sitting
V01405,P1080,2025-01-25,1.0,Female,tiredness,cardiology,Medium,,90.0,137/93,100.0,51,extreme tiredness
V01406,P1081,2025-01-02,49.0,M,abdo pain,Gastroenterology,Medium,37.9C,95.0,108/67,99.0,31,pain in lower abdomen
V01407,P1082,2025-09-13,27.0,M,Fever,general medicine,Medium,100.6F,80.0,122-70,100.0,35,body ache with fever
V01408,P1083,2025-02-20,24.0,male,head-ache,General Medicine,Medium,38.8C,82.0,113-91,99.0,46,severe headache since morning
V01409,P1084,2025-09-05,89.0,M,feeling sick,General Medicine,Low,38.8C,85.0,145-84,95.0,89,pt reports N/V since last nite
V01410,P1084,2025-08-17,89.0,M,lumbar pain,Emergency,Low,39.2C,68.0,117 over 69,96.0,64,lower bak pain since 2 days
V01411,P1085,2025-11-23,76.0,male,headache,Neuro,Medium,104.4F,88.0,138 over 66,97.0,42,migraine like symptoms
V01412,P1085,2025-11-01,76.0,male,shortness of breath,Emergency,Critical,37.8C,146.0,122 over 84,85.0,15,sob while walking
V01413,P1085,2025-08-22,76.0,male,fever,,Medium,103.5F,85.0,114-93,100.0,41,body ache with fever
V01414,P1086,2025-02-04,43.0,Female,Nausea,GI,Medium,102.2F,97.0,125 over 69,95.0,21,feeling sick after meals
V01415,P1087,2025-01-01,63.0,Female,N/V,GI,Medium,39.8C,83.0,118-94,98.0,21,feeling sick after meals
V01416,P1088,2025-06-27,40.0,female,difficulty breathing,Emergency,High,37.1C,101.0,137/93,96.0,24,breathlessness since morning
V01417,P1089,2025-10-03,,female,nausea,gastro dept,Medium,39.1C,83.0,151-98,98.0,21,nausea with vomiting
V01418,P1090,2025-05-01,76.0,male,lightheaded,Gen Med,Low,103.8F,81.0,108 over 87,96.0,99,pt feels dizzy since mornng
V01419,P1091,2025-12-12,28.0,M,Head Ache,General Medicine,Medium,36.5C,97.0,135/77,95.0,53,migraine like symptoms
V01420,P1092,2025-02-12,6.0,Male,shortness of breath,pulmonology,High,39.8C,104.0,153 over 92,91.0,10,breathlessness since morning
V01421,P1093,2025-12-09,23.0,M,lightheaded,,Low,38.6C,62.0,134-96,97.0,46,vertigo like symptoms
V01422,P1094,2025-09-15,44.0,Female,Fatigue,Cardiology,Medium,40.0C,84.0,144 over 71,96.0,57,pt reports weakness since 3 days
V01423,P1094,2025-07-11,44.0,Female,vertigo,Gen Med,Low,36.1C,60.0,102-89,98.0,82,pt feels dizzy since mornng
V01424,P1095,2025-05-22,9.0,male,short of breath,A&E,High,99.9F,99.0,114 over 65,94.0,24,sob while walking
V01425,P1096,2025-08-21,71.0,Male,difficulty breathing,Emergency,High,104.7F,99.0,112-84,90.0,22,sob while walking
V01426,P1097,2025-04-27,21.0,F,SOB,A&E,Critical,39.5C,131.0,142/97,85.0,14,sob while walking
V01427,P1098,2025-08-25,55.0,female,,Gen Med,Medium,38.7C,84.0,104-80,100.0,50,stomach ache since last night
V01428,P1099,2025-09-19,41.0,female,fevr,Emergency Dept,Medium,100.4F,88.0,151/88,98.0,21,high fevr since yesterday
V01429,P1099,2025-10-04,41.0,female,,Emergency,Medium,37.9C,92.0,112/99,99.0,48,pt reports fever and chills
V01430,P1100,2025-01-09,50.0,female,Chest Pain,ER,High,38.3C,105.0,135-60,90.0,20,pain in chest while walking
V01431,P1101,2025-01-27,56.0,Male,fatigue,CARDIO,Low,102.7F,62.0,160-84,95.0,101,pt reports weakness since 3 days
V01432,P1102,2025-07-03,18.0,F,fevr,Emergency,Low,38.2C,79.0,136-90,95.0,111,pt reports fever and chills
V01433,P1103,2025-06-29,7.0,male,high fever,A&E,Low,99.0F,68.0,133 over 78,96.0,100,high fevr since yesterday
V01434,P1103,2025-06-10,7.0,male,chest pain,Emergency Dept,Critical,38.2C,145.0,112-72,84.0,4,pt has chst pain frm morning
V01435,P1104,2025-12-02,14.0,female,fatigue,Cardio,Low,37.8C,74.0,150-75,98.0,105,fatigue and lethargy
V01436,P1104,2025-05-18,14.0,female,nausea,General Medicine,Medium,37.5C,88.0,125-90,99.0,28,pt reports N/V since last nite
V01437,P1104,2025-04-04,14.0,female,vertigo,general medicine,Low,100.8F,65.0,101-71,97.0,92,lightheaded on standing
V01438,P1105,2025-04-03,74.0,F,Cough,Pulmonology,Medium,37.3C,85.0,142-92,98.0,49,persistent coughing
V01439,P1106,2025-06-25,8.0,Male,short of breath,Emergency Dept,High,39.6C,118.0,134 over 91,95.0,10,sob while walking
V01440,P1107,2025-11-27,29.0,F,abd pain,Gen Med,Medium,37.9C,87.0,149-61,97.0,40,stomach ache since last night
V01441,P1108,2025-03-21,10.0,Female,dry cough,Pulmonology,Low,39.5C,73.0,122/81,100.0,71,cough with mild fever
V01442,P1109,2025-02-28,54.0,F,stomach pain,general medicine,Medium,102.0F,92.0,151/75,96.0,41,pt reports abd pain
V01443,P1110,2025-04-07,17.0,female,fevr,General Medicine,Medium,104.7F,94.0,131/76,100.0,59,body ache with fever
V01444,P1111,2025-08-11,46.0,M,vertigo,Gen Med,Medium,37.4C,80.0,112/75,100.0,53,lightheaded on standing
V01445,P1112,2025-09-07,8.0,female,vertigo,Gen Med,Medium,101.8F,84.0,137-87,99.0,27,vertigo like symptoms
V01446,P1113,2025-09-14,62.0,male,dry cough,general medicine,Medium,102.7F,100.0,124 over 86,97.0,50,cough with mild fever
V01447,P1114,2025-07-26,43.0,F,short of breath,A&E,Critical,36.2C,123.0,113-85,89.0,12,difficulty breathing since last night
V01448,P1114,2025-10-11,43.0,F,sore throat,General Medicine,Low,37.6C,77.0,114 over 61,96.0,90,sore throut since yesterday
V01449,P1115,2025-06-11,80.0,Male,Head Ache,Gen Med,Medium,36.2C,96.0,104 over 100,99.0,54,migraine like symptoms
V01450,P1115,2025-05-15,80.0,,weakness,CARDIO,Medium,98.4F,,119 over 96,97.0,50,extreme tiredness
V01451,P1115,2025-07-25,80.0,Male,Nausea,gastro dept,Low,40.4C,82.0,115 over 73,96.0,99,nausea with vomiting
V01452,P1116,2025-04-16,4.0,male,lower back pain,Gen Med,Medium,102.2F,94.0,151 over 75,99.0,48,back pain while sitting
V01453,P1117,2025-10-18,20.0,female,lumbar pain,Emergency Dept,Medium,36.4C,79.0,123/99,100.0,34,back pain while sitting
V01454,P1118,2025-04-12,5.0,male,Back Pain,general medicine,Low,39.7C,60.0,132-87,98.0,45,pt reports lumbar pain
V01455,P1119,2025-07-06,72.0,F,coughing,General Medicine,Low,104.9F,67.0,132 over 81,96.0,102,dry cough for 1 week
V01456,P1120,2025-11-23,4.0,Male,throat ache,general medicine,Low,101.5F,75.0,120 over 77,95.0,43,pt reports throat ache
V01457,P1121,2025-05-07,58.0,female,difficulty breathing,pulmonology,Critical,104.0F,127.0,108/62,89.0,5,difficulty breathing since last night
V01458,P1121,2025-01-24,58.0,female,dry cough,General Medicine,Medium,39.1C,,121-99,99.0,36,cough with mild fever
V01459,P1122,2025-05-18,9.0,F,short of breath,Pulmo,Critical,98.8F,118.0,116-98,89.0,13,difficulty breathing since last night
V01460,P1123,2025-10-31,90.0,M,tiredness,Cardio,Medium,97.0F,77.0,121-66,97.0,29,extreme tiredness
V01461,P1124,2025-06-05,,F,chest pain,ER,High,37.6C,112.0,151 over 73,95.0,23,pt has chst pain frm morning
V01462,P1124,2025-10-30,49.0,F,high temp,Emergency Dept,Medium,37.2C,96.0,123/81,98.0,27,pt reports fever and chills
V01463,P1124,2025-03-22,49.0,,lumbar pain,ER,Low,39.4C,68.0,129-72,99.0,91,back pain while sitting
V01464,P1125,2025-03-03,84.0,Male,throat pain,Ear Nose Throat,Low,100.8F,76.0,100/94,99.0,70,pt reports throat ache
V01465,P1125,2025-07-27,84.0,Male,lumbar pain,general medicine,Low,37.3C,76.0,124/73,99.0,114,back pain while sitting
V01466,P1125,2025-06-20,,Male,abdominal pain,Gastroenterology,Medium,39.1C,75.0,125-89,100.0,55,pain in lower abdomen
V01467,P1126,2025-11-21,37.0,M,lethargy,Cardio,Low,38.5C,74.0,117/81,99.0,74,extreme tiredness
V01468,P1126,2025-08-13,,M,Fatigue,Gen Med,Low,99.0F,66.0,129 over 60,99.0,72,pt reports weakness since 3 days
V01469,P1127,2025-08-28,64.0,Female,dizziness,Neurology,Medium,102.7F,81.0,111 over 100,100.0,20,vertigo like symptoms
V01470,P1128,2025-05-27,20.0,M,tiredness,cardiology,Low,104.9F,60.0,159 over 97,98.0,115,fatigue and lethargy
V01471,P1129,2025-04-28,50.0,Male,short of breath,Pulmonology,High,36.3C,114.0,143 over 76,94.0,21,sob while walking
V01472,P1130,2025-06-26,81.0,Female,N/V,GI,Low,102.2F,78.0,155-68,95.0,67,pt reports N/V since last nite
V01473,P1131,2025-08-27,39.0,Female,chest pain,cardiology,Critical,103.6F,137.0,104 over 99,91.0,15,chest pain since 2 hrs
V01474,P1132,2025-06-23,32.0,Female,nausea/vomiting,GI,Medium,100.0F,89.0,156-99,,37,nausea with vomiting
V01475,P1132,2025-07-22,32.0,Female,high temp,Emergency Dept,Medium,37.2C,75.0,108 over 78,100.0,27,body ache with fever
V01476,P1132,2025-12-27,32.0,,difficulty breathing,A&E,Critical,98.8F,113.0,130-98,83.0,4,difficulty breathing since last night
V01477,P1133,2025-04-03,18.0,Male,Fever,ER,Medium,38.0C,80.0,150-64,95.0,23,body ache with fever
V01478,P1133,2025-09-19,18.0,Male,N/V,Gen Med,Low,36.0C,74.0,152/98,100.0,101,nausea with vomiting
V01479,P1134,2025-06-02,68.0,female,chestpain,Cardiology,Critical,36.3C,117.0,135/91,89.0,1,pain in chest while walking
V01480,P1135,2025-10-02,87.0,M,abdo pain,general medicine,Medium,39.6C,87.0,159-94,95.0,29,pain in lower abdomen
V01481,P1136,2025-09-28,76.0,Male,Dizziness,neuro dept,Low,103.1F,60.0,151/75,100.0,92,pt feels dizzy since mornng
V01482,P1137,2025-06-01,25.0,F,vertigo,neuro dept,Medium,101.1F,98.0,149/65,97.0,56,vertigo like symptoms
V01483,P1138,2025-01-08,18.0,Male,nausea,Gen Med,Medium,40.2C,89.0,135/96,99.0,40,pt reports N/V since last nite
V01484,P1139,2025-12-25,19.0,F,high temp,Emergency Dept,Medium,39.3C,83.0,113 over 100,99.0,56,pt reports fever and chills
V01485,P1140,2025-08-19,22.0,female,coughing,pulmonology,Medium,38.1C,77.0,141-78,98.0,28,dry cough for 1 week
V01486,P1141,2025-03-07,75.0,F,Fever,Emergency Dept,Low,36.5C,78.0,115 over 100,97.0,74,body ache with fever
V01487,P1141,2025-04-15,75.0,F,coughing,General Medicine,Medium,38.9C,87.0,135-84,98.0,59,persistent coughing
V01488,P1142,2025-07-05,48.0,Male,high fever,Gen Med,Low,36.8C,73.0,126-60,99.0,87,body ache with fever
V01489,P1142,2025-04-19,48.0,Male,short of breath,Emergency Dept,Critical,103.8F,142.0,112 over 90,90.0,2,sob while walking
V01490,P1143,2025-10-08,43.0,,abdominal pain,Gastro,Medium,37.8C,89.0,144-77,97.0,53,stomach ache since last night
V01491,P1143,2025-01-19,43.0,F,Dizziness,Neurology,Medium,96.8F,93.0,141-64,98.0,25,lightheaded on standing
V01492,P1144,2025-10-03,16.0,male,back pain,ER,Medium,98.4F,77.0,149-91,98.0,33,back pain while sitting
V01493,P1145,2025-01-18,83.0,male,Back Pain,general medicine,Medium,102.6F,78.0,160/68,96.0,41,back pain while sitting
V01494,P1146,2025-10-25,14.0,M,abdominal pain,Gastro,Medium,37.3C,84.0,130-88,95.0,33,pain in lower abdomen
V01495,P1146,2025-05-14,14.0,M,Nausea,general medicine,Low,38.4C,,136-97,95.0,63,nausea with vomiting
V01496,P1147,2025-02-01,38.0,M,Cough,Pulmo,Low,37.6C,71.0,137-69,97.0,90,dry cough for 1 week
V01497,P1148,2025-08-25,71.0,F,short of breath,Pulmonology,Critical,40.0C,140.0,135 over 95,90.0,3,difficulty breathing since last night
V01498,P1149,2025-04-09,3.0,female,high temp,A&E,Low,37.9C,75.0,158 over 69,95.0,54,body ache with fever
V01499,P1150,2025-01-13,16.0,F,abdo pain,GI,Medium,98.8F,96.0,137-98,97.0,56,pt reports abd pain
V01500,P1151,2025-03-18,63.0,male,Sore Throat,Gen Med,Low,101.3F,,119 over 80,99.0,106,throat pain while swallowing
V01501,P1152,2025-07-09,76.0,F,dry cough,Gen Med,Medium,40.1C,77.0,142/77,98.0,44,persistent coughing
V01502,P1153,2025-08-20,5.0,M,dizziness,neuro dept,Low,97.7F,68.0,157-67,98.0,59,vertigo like symptoms
V01503,P1154,2025-01-17,10.0,,lightheaded,,Low,102.9F,78.0,148 over 87,99.0,114,vertigo like symptoms
V01504,P1155,2025-07-04,23.0,female,short of breath,pulmonology,Critical,40.1C,129.0,142-88,89.0,11,breathlessness since morning
V01505,P1156,2025-10-21,,Female,abdo pain,Gen Med,Medium,36.9C,93.0,119/65,99.0,35,pain in lower abdomen
V01506,P1157,2025-12-08,28.0,M,Cough,Pulmonology,Medium,36.6C,85.0,139/61,100.0,56,cough with mild fever
V01507,P1158,2025-02-14,28.0,Female,headache,Neuro,Medium,100.8F,97.0,107-77,95.0,44,severe headache since morning
V01508,P1158,2025-09-05,28.0,Female,headache,neuro dept,Low,37.4C,64.0,152 over 95,,65,hedache for 3 days
V01509,P1159,2025-03-06,64.0,Female,Sore Throat,Gen Med,Low,39.6C,61.0,139/88,95.0,64,sore throut since yesterday
V01510,P1160,2025-12-19,33.0,male,throat pain,Gen Med,Low,104.7F,72.0,140/67,97.0,71,sore throut since yesterday
V01511,P1161,2025-01-13,32.0,male,N/V,General Medicine,Low,97.7F,73.0,127/73,95.0,48,pt reports N/V since last nite
V01512,P1162,2025-11-04,76.0,M,back pain,Emergency,Medium,36.1C,90.0,150-99,97.0,37,pt reports lumbar pain
V01513,P1162,2025-01-20,76.0,M,cough,Pulmo,Low,38.5C,76.0,159-98,96.0,115,persistent coughing
V01514,P1163,2025-08-14,7.0,female,Back Pain,ER,Low,97.9F,73.0,116 over 73,97.0,108,back pain while sitting
V01515,P1164,2025-06-10,65.0,female,throat ache,ENT,Low,39.1C,75.0,107 over 77,99.0,74,pt reports throat ache
V01516,P1165,2025-03-29,41.0,female,weakness,Cardio,Low,37.9C,84.0,118-83,99.0,106,pt reports weakness since 3 days
V01517,P1165,2025-07-23,41.0,female,sore throat,ENT,Low,38.5C,81.0,135 over 90,96.0,58,pt reports throat ache
V01518,P1166,2025-03-19,5.0,M,persistent cough,Gen Med,Low,37.4C,85.0,157-79,,61,cough with mild fever
V01519,P1167,2025-09-01,64.0,male,CHEST PAIN,CARDIO,High,37.1C,97.0,104/71,91.0,10,chest pain since 2 hrs
V01520,P1168,2025-09-26,43.0,female,high fever,General Medicine,Medium,104.0F,82.0,114-97,97.0,25,pt reports fever and chills
V01521,P1169,2025-06-16,88.0,female,N/V,Gastroenterology,Medium,38.2C,84.0,111 over 85,95.0,59,pt reports N/V since last nite
V01522,P1170,2025-03-13,6.0,F,lumbar pain,Emergency,Low,39.1C,65.0,103-70,95.0,98,pt reports lumbar pain
V01523,P1171,2025-01-31,51.0,F,Chest Pain,,Critical,38.2C,148.0,139 over 82,84.0,10,pt has chst pain frm morning
V01524,P1172,2025-07-09,68.0,M,dry cough,General Medicine,Low,97.5F,66.0,133/96,97.0,44,persistent coughing
V01525,P1173,2025-06-06,,M,Dizziness,general medicine,Medium,36.5C,100.0,114 over 93,95.0,41,lightheaded on standing
V01526,P1173,2025-11-11,10.0,M,stomach pain,Gastroenterology,Medium,102.0F,93.0,135 over 78,98.0,26,pain in lower abdomen
V01527,P1174,2025-03-28,21.0,M,abdo pain,General Medicine,Medium,39.0C,80.0,141/77,99.0,57,pain in lower abdomen
V01528,P1175,2025-03-10,62.0,Female,N/V,gastro dept,Medium,98.4F,86.0,117/96,96.0,59,feeling sick after meals
V01529,P1176,2025-07-18,17.0,Male,throat pain,ent dept,Low,103.8F,65.0,147/92,100.0,720,throat pain while swallowing
V01530,P1177,2025-06-19,82.0,Female,dry cough,general medicine,Low,98.6F,60.0,102 over 80,95.0,68,cough with mild fever
V01531,P1178,2025-12-14,1.0,male,fever,general medicine,Low,101.1F,64.0,102/89,96.0,80,pt reports fever and chills
V01532,P1179,2025-07-03,5.0,Female,cough,general medicine,Medium,99.5F,81.0,149-77,98.0,37,cough with mild fever
V01533,P1180,2025-12-25,,male,lower back pain,ER,Medium,102.4F,92.0,134/88,99.0,23,lower bak pain since 2 days
V01534,P1180,2025-03-29,79.0,male,difficulty breathing,Emergency,Critical,37.6C,137.0,148/93,,7,breathlessness since morning
V01535,P1180,2025-03-09,79.0,male,persistent cough,Gen Med,Low,39.1C,71.0,119 over 74,97.0,114,cough with mild fever
V01536,P1181,2025-10-02,16.0,F,headache,Neuro,Low,36.0C,62.0,133-81,97.0,104,severe headache since morning
V01537,P1182,2025-03-30,74.0,Female,sore throat,Ear Nose Throat,Low,37.8C,68.0,105/81,96.0,73,throat pain while swallowing
V01538,P1183,2025-11-06,,female,headache,Neurology,Low,40.3C,65.0,153 over 68,97.0,101,severe headache since morning
V01539,P1184,2025-10-16,13.0,Female,difficulty breathing,ER,Critical,39.6C,119.0,124-73,91.0,11,difficulty breathing since last night
V01540,P1185,2025-07-30,54.0,M,back pain,A&E,Medium,40.0C,99.0,115-92,99.0,57,pt reports lumbar pain
V01541,P1186,2025-07-17,,F,dizziness,neuro dept,Low,36.5C,60.0,127 over 86,99.0,47,pt feels dizzy since mornng
V01542,P1187,2025-11-07,47.0,male,Cough,general medicine,Medium,39.3C,99.0,135/72,96.0,25,dry cough for 1 week
V01543,P1187,2025-09-07,47.0,male,vertigo,general medicine,Medium,98.1F,90.0,157 over 68,97.0,52,vertigo like symptoms
V01544,P1188,2025-09-12,84.0,Female,Nausea,Gastroenterology,Low,36.8C,68.0,108-81,99.0,96,pt reports N/V since last nite
V01545,P1188,2025-07-29,84.0,Female,dry cough,Pulmonology,Low,39.4C,61.0,131/68,96.0,500,dry cough for 1 week
V01546,P1188,2025-03-02,84.0,Female,fevr,Emergency,Medium,37.4C,98.0,146/96,98.0,20,body ache with fever
V01547,P1189,2025-07-22,,F,headache,General Medicine,Low,36.5C,63.0,115-75,99.0,76,severe headache since morning
V01548,P1190,2025-08-19,66.0,F,throat pain,general medicine,Low,104.2F,72.0,150 over 76,99.0,81,pt reports throat ache
V01549,P1191,2025-07-11,19.0,male,HA,,Medium,96.8F,94.0,156-62,99.0,40,severe headache since morning
V01550,P1192,2025-11-22,57.0,Male,CHEST PAIN,Cardio,Critical,39.3C,125.0,138/63,88.0,0,chest pain since 2 hrs
V01551,P1192,2025-08-13,57.0,Male,abdo pain,gastro dept,Medium,37.6C,77.0,123-63,95.0,49,pt reports abd pain
V01552,P1193,2025-07-26,87.0,female,Sore Throat,general medicine,Low,37.8C,78.0,110-75,97.0,101,sore throut since yesterday
V01553,P1194,2025-03-03,7.0,Female,chestpain,Cardio,Critical,102.6F,147.0,133-85,86.0,9,chest pain since 2 hrs
V01554,P1194,2025-06-30,7.0,Female,N/V,GI,Low,104.9F,67.0,155-77,95.0,100,feeling sick after meals
V01555,P1195,2025-09-17,49.0,Female,lumbar pain,Emergency,Low,97.9F,63.0,136 over 98,95.0,112,pt reports lumbar pain
V01556,P1196,2025-05-23,,,sore throat,general medicine,Low,38.2C,75.0,132 over 73,99.0,53,sore throut since yesterday
V01557,P1196,2025-10-26,44.0,Female,dizzy,General Medicine,Medium,97.2F,,118/85,98.0,59,lightheaded on standing
V01558,P1197,2025-09-16,16.0,,high temp,ER,Low,38.7C,76.0,129/99,97.0,118,body ache with fever
V01559,P1198,2025-04-10,62.0,Male,chestpain,Emergency,High,36.3C,109.0,151/81,90.0,27,pain in chest while walking
V01560,P1199,2025-11-06,,M,Back Pain,general medicine,Medium,36.6C,75.0,145 over 65,98.0,45,pt reports lumbar pain
V01561,P1199,2025-03-02,71.0,M,chest pain,cardiology,High,98.1F,109.0,114-83,95.0,11,pain in chest while walking
V01562,P1200,2025-06-19,32.0,female,abdo pain,Gastro,Medium,101.7F,81.0,112-92,95.0,35,stomach ache since last night
V01563,P1200,2025-01-21,32.0,female,abdo pain,Gastro,Medium,36.1C,98.0,151 over 92,98.0,54,pain in lower abdomen
V01564,P1201,2025-09-08,29.0,female,abdo pain,GI,Medium,103.3F,95.0,113-82,99.0,21,pt reports abd pain
V01565,P1201,2025-11-26,29.0,female,shortness of breath,Pulmo,Critical,39.0C,149.0,139-64,91.0,9,sob while walking
V01566,P1202,2025-04-06,12.0,male,,Cardiology,Low,38.0C,,136-91,99.0,60,pt reports weakness since 3 days
V01567,P1203,2025-02-09,90.0,Female,nausea/vomiting,GI,Low,38.3C,61.0,108/88,96.0,73,feeling sick after meals
V01568,P1204,2025-04-19,57.0,F,throat ache,General Medicine,Low,40.3C,75.0,119 over 63,98.0,64,throat pain while swallowing
V01569,P1205,2025-05-24,1.0,Female,chest pain,ER,Critical,36.1C,140.0,134-98,82.0,9,chest pain since 2 hrs
V01570,P1206,2025-07-20,61.0,female,chestpain,CARDIO,High,98.8F,104.0,125/93,94.0,19,chest pain since 2 hrs
V01571,P1207,2025-04-08,90.0,female,,CARDIO,Critical,39.4C,127.0,146 over 84,85.0,14,chest pain since 2 hrs
V01572,P1208,2025-03-12,7.0,M,Sore Throat,General Medicine,Low,,78.0,154-92,95.0,97,pt reports throat ache
V01573,P1209,2025-03-03,49.0,,HA,Neurology,Low,38.9C,68.0,141 over 72,95.0,48,migraine like symptoms
V01574,P1209,2025-07-28,49.0,F,fever,Gen Med,Low,104.4F,71.0,107/60,96.0,68,pt reports fever and chills
V01575,P1210,2025-06-27,45.0,Female,stomach pain,GI,Medium,98.2F,75.0,154-79,95.0,41,stomach ache since last night
V01576,P1211,2025-08-13,68.0,F,lower back pain,general medicine,Medium,98.2F,87.0,124-62,95.0,44,back pain while sitting
V01577,P1211,2025-08-13,68.0,,SOB,Pulmo,Critical,102.6F,116.0,130 over 82,92.0,0,breathlessness since morning
V01578,P1212,2025-12-19,,F,Fever,A&E,Medium,39.2C,79.0,152 over 72,95.0,46,body ache with fever
V01579,P1213,2025-01-13,10.0,M,dry cough,general medicine,Medium,97.7F,92.0,140/78,100.0,31,cough with mild fever
V01580,P1213,2025-03-15,10.0,M,Dizziness,General Medicine,Medium,36.6C,93.0,143-94,95.0,52,lightheaded on standing
V01581,P1214,2025-07-03,,M,lumbar pain,Gen Med,Low,99.1F,81.0,150 over 84,96.0,48,back pain while sitting
V01582,P1215,2025-04-02,80.0,M,Head Ache,General Medicine,Low,38.7C,81.0,114 over 98,95.0,97,migraine like symptoms
V01583,P1216,2025-10-07,70.0,Female,CHEST PAIN,Emergency,Critical,97.9F,110.0,126 over 93,92.0,3,pt has chst pain frm morning
V01584,P1217,2025-07-07,9.0,F,,Gen Med,Low,104.0F,68.0,148 over 73,100.0,100,body ache with fever
V01585,P1217,2025-03-03,9.0,F,bak pain,A&E,Low,103.8F,66.0,100/86,95.0,42,back pain while sitting
V01586,P1218,2025-06-08,87.0,Female,abd pain,general medicine,Medium,40.3C,91.0,114/76,96.0,40,pt reports abd pain
V01587,P1219,2025-05-08,70.0,female,back pain,Emergency Dept,Medium,39.4C,81.0,144-97,98.0,38,lower bak pain since 2 days
V01588,P1219,2025-07-13,70.0,female,persistent cough,General Medicine,Medium,40.0C,80.0,104 over 62,95.0,20,persistent coughing
V01589,P1220,2025-04-06,56.0,male,head-ache,neuro dept,Low,40.5C,72.0,123-98,100.0,88,severe headache since morning
V01590,P1221,2025-12-08,65.0,Male,breathlessness,pulmonology,High,36.0C,119.0,122 over 63,96.0,23,sob while walking
V01591,P1222,2025-04-04,44.0,male,sore throat,Ear Nose Throat,Low,38.9C,66.0,136/97,95.0,109,pt reports throat ache
V01592,P1222,2025-08-23,44.0,male,Chest Pain,CARDIO,High,,114.0,117-83,94.0,16,pt has chst pain frm morning
V01593,P1222,2025-03-12,44.0,male,CHEST PAIN,ER,Critical,39.1C,148.0,126 over 95,89.0,8,pain in chest while walking
V01594,P1223,2025-12-11,17.0,male,tiredness,Gen Med,Low,100.6F,72.0,138 over 94,96.0,106,extreme tiredness
V01595,P1224,2025-02-28,42.0,male,fevr,Emergency,Medium,100.9F,93.0,107-70,96.0,29,high fevr since yesterday
V01596,P1225,2025-02-28,80.0,M,dizzy,neuro dept,Medium,37.5C,75.0,133-92,98.0,52,vertigo like symptoms
V01597,P1225,2025-03-22,80.0,M,hedache,General Medicine,Medium,39.7C,100.0,136-70,96.0,54,migraine like symptoms
V01598,P1226,2025-07-15,84.0,M,fever,Gen Med,Medium,102.6F,93.0,126/93,99.0,32,pt reports fever and chills
V01599,P1227,2025-11-16,76.0,Male,head-ache,General Medicine,Low,40.3C,80.0,133 over 75,99.0,85,hedache for 3 days
V01600,P1228,2025-01-30,25.0,M,Fever,general medicine,Low,102.9F,83.0,121/65,95.0,112,high fevr since yesterday
V01601,P1228,2025-12-15,25.0,M,throat ache,ent dept,Low,101.5F,77.0,150/81,97.0,75,pt reports throat ache
V01602,P1229,2025-04-26,40.0,female,tiredness,Gen Med,Low,,61.0,126/75,99.0,56,extreme tiredness
V01603,P1229,2025-01-10,40.0,female,lumbar pain,Emergency,Medium,39.8C,96.0,115 over 91,98.0,42,pt reports lumbar pain
V01604,P1230,2025-08-17,31.0,M,chst pain,A&E,Critical,39.7C,148.0,117-85,91.0,9,chest pain since 2 hrs
V01605,P1231,2025-04-11,49.0,female,fever,A&E,Medium,97.3F,92.0,149 over 70,95.0,55,pt reports fever and chills
V01606,P1232,2025-12-30,,female,short of breath,Emergency,Critical,37.5C,144.0,156-94,82.0,8,sob while walking
V01607,P1233,2025-02-12,22.0,Female,feeling sick,general medicine,Low,39.4C,63.0,131/86,98.0,67,feeling sick after meals
V01608,P1234,2025-03-14,49.0,Female,high temp,A&E,Low,99.3F,82.0,149/95,99.0,91,pt reports fever and chills
V01609,P1235,2025-12-07,69.0,Female,Nausea,Gastro,Low,37.7C,85.0,116 over 93,95.0,117,feeling sick after meals
V01610,P1236,2025-04-03,16.0,male,feeling sick,GI,Medium,40.1C,96.0,124 over 78,95.0,26,pt reports N/V since last nite
V01611,P1237,2025-06-10,18.0,M,,A&E,High,37.2C,113.0,160 over 96,95.0,500,pain in chest while walking
V01612,P1238,2025-07-11,3.0,M,lightheaded,Gen Med,Low,103.8F,61.0,115 over 86,97.0,109,vertigo like symptoms
V01613,P1239,2025-09-27,47.0,female,hedache,general medicine,Low,97.2F,66.0,131 over 90,100.0,109,migraine like symptoms
V01614,P1240,2025-11-27,52.0,Female,abdominal pain,General Medicine,Medium,100.2F,75.0,155-99,95.0,41,pt reports abd pain
V01615,P1241,2025-03-26,1.0,M,persistent cough,pulmonology,Medium,39.3C,97.0,157-73,99.0,28,persistent coughing
V01616,P1242,2025-04-17,5.0,Male,Cough,Pulmonology,Medium,102.9F,93.0,111 over 99,99.0,29,cough with mild fever
V01617,P1243,2025-06-23,59.0,Female,throat pain,Gen Med,Low,37.2C,63.0,114/91,97.0,98,sore throut since yesterday
V01618,P1244,2025-01-15,38.0,M,dizzy,neuro dept,Medium,104.7F,95.0,117/71,98.0,26,lightheaded on standing
V01619,P1245,2025-04-20,7.0,Female,SOB,pulmonology,Critical,37.3C,120.0,101/80,88.0,13,sob while walking
V01620,P1246,2025-06-20,33.0,female,stomach pain,General Medicine,Medium,39.3C,76.0,137/99,,44,pt reports abd pain
V01621,P1247,2025-04-21,57.0,F,nausea/vomiting,General Medicine,Medium,102.7F,,135-74,100.0,37,pt reports N/V since last nite
V01622,P1248,2025-07-04,59.0,M,chest pain,Emergency Dept,High,36.9C,119.0,141/91,92.0,23,pt has chst pain frm morning
V01623,P1249,2025-11-23,18.0,female,chst pain,CARDIO,Critical,39.4C,129.0,108-82,86.0,10,chest pain since 2 hrs
V01624,P1250,2025-10-08,41.0,F,stomach pain,General Medicine,Medium,104.5F,82.0,122/60,95.0,25,stomach ache since last night
V01625,P1251,2025-04-15,42.0,Male,lower back pain,ER,Low,38.8C,73.0,153 over 68,96.0,40,back pain while sitting
V01626,P1252,2025-06-13,53.0,F,nausea,general medicine,Medium,97.0F,88.0,104/87,99.0,54,nausea with vomiting
V01627,P1252,2025-07-12,53.0,F,head-ache,Neuro,Medium,40.1C,79.0,107/69,100.0,54,hedache for 3 days
V01628,P1252,2025-02-26,53.0,F,breathlessness,pulmonology,High,38.4C,96.0,141 over 69,92.0,13,breathlessness since morning
V01629,P1253,2025-12-26,22.0,Male,fevr,Emergency Dept,Low,37.8C,78.0,106 over 80,97.0,44,high fevr since yesterday
V01630,P1253,2025-09-28,22.0,,Chest Pain,cardiology,Critical,100.2F,135.0,128-63,82.0,9,chest pain since 2 hrs
V01631,P1254,2025-02-13,46.0,male,SOB,Pulmonology,High,36.6C,114.0,120/77,95.0,26,difficulty breathing since last night
V01632,P1254,2025-04-03,46.0,male,abd pain,Gastro,Medium,104.4F,92.0,112-64,96.0,41,pt reports abd pain
V01633,P1255,2025-07-05,20.0,M,Head Ache,neuro dept,Low,40.0C,78.0,141 over 88,95.0,81,migraine like symptoms
V01634,P1256,2025-03-30,41.0,female,breathlessness,pulmonology,High,99.1F,103.0,101 over 64,93.0,28,sob while walking
V01635,P1257,2025-05-02,88.0,female,tiredness,CARDIO,Medium,,94.0,132-62,95.0,22,fatigue and lethargy
V01636,P1258,2025-02-12,35.0,F,,general medicine,Low,38.5C,64.0,135 over 99,99.0,91,feeling sick after meals
V01637,P1259,2025-12-02,56.0,M,throat ache,,Low,39.0C,,159/86,95.0,102,pt reports throat ache
V01638,P1259,2025-07-16,56.0,,chest pain,CARDIO,Critical,97.7F,111.0,144 over 86,,0,pain in chest while walking
V01639,P1259,2025-05-06,56.0,M,Sore Throat,ent dept,Low,40.2C,76.0,126 over 78,96.0,65,throat pain while swallowing
V01640,P1260,2025-12-23,31.0,male,Head Ache,general medicine,Low,103.8F,65.0,141 over 95,99.0,117,hedache for 3 days
V01641,P1261,2025-10-21,58.0,female,,,Medium,37.9C,90.0,123/72,97.0,39,back pain while sitting
V01642,P1261,2025-04-28,58.0,female,Sore Throat,ent dept,Low,99.7F,67.0,158/72,99.0,115,sore throut since yesterday
V01643,P1261,2025-04-02,58.0,female,weakness,Cardio,Medium,39.6C,76.0,127 over 85,100.0,43,pt reports weakness since 3 days
V01644,P1262,2025-12-27,83.0,M,throat pain,ent dept,Low,38.2C,64.0,103-93,99.0,104,sore throut since yesterday
V01645,P1263,2025-05-05,69.0,Female,abdo pain,Gastroenterology,Medium,37.8C,86.0,131-82,97.0,35,stomach ache since last night
V01646,P1264,2025-02-20,72.0,male,hedache,neuro dept,Low,97.5F,69.0,155 over 77,96.0,116,severe headache since morning
V01647,P1265,2025-09-24,12.0,male,fatigue,general medicine,Medium,101.5F,77.0,146/68,100.0,33,fatigue and lethargy
V01648,P1265,2025-05-22,12.0,male,Fever,A&E,Medium,37.3C,94.0,107-72,95.0,47,pt reports fever and chills
V01649,P1265,2025-03-21,12.0,male,breathlessness,Pulmo,High,39.0C,102.0,119 over 86,91.0,19,difficulty breathing since last night
V01650,P1266,2025-10-05,84.0,M,HA,Neurology,Low,39.9C,64.0,110/66,99.0,57,migraine like symptoms
V01651,P1267,2025-07-25,31.0,male,breathlessness,A&E,High,39.7C,103.0,158/89,94.0,19,sob while walking
V01652,P1267,2025-02-06,,male,weakness,CARDIO,Low,36.5C,63.0,143 over 62,96.0,74,extreme tiredness
V01653,P1267,2025-06-06,31.0,male,vertigo,,Medium,99.7F,88.0,128 over 60,99.0,54,pt feels dizzy since mornng
V01654,P1268,2025-04-21,46.0,female,high fever,General Medicine,Low,40.5C,72.0,118 over 90,100.0,97,high fevr since yesterday
V01655,P1269,2025-03-31,42.0,F,persistent cough,Pulmo,Medium,99.1F,81.0,151-64,96.0,56,persistent coughing
V01656,P1270,2025-08-31,64.0,M,Head Ache,Neuro,Medium,37.9C,96.0,105 over 61,97.0,27,hedache for 3 days
V01657,P1271,2025-06-25,29.0,male,dizziness,general medicine,Medium,103.3F,78.0,103 over 82,95.0,59,lightheaded on standing
V01658,P1272,2025-07-17,14.0,male,stomach pain,general medicine,Medium,100.8F,78.0,129-75,95.0,51,pt reports abd pain
V01659,P1273,2025-08-09,69.0,Male,fatigue,general medicine,Medium,40.3C,91.0,125 over 61,98.0,56,fatigue and lethargy
V01660,P1274,2025-04-21,36.0,F,chest pain,A&E,Critical,98.4F,119.0,133/100,92.0,1,chest pain since 2 hrs
V01661,P1274,2025-01-03,36.0,F,abdominal pain,GI,Medium,99.0F,100.0,137-65,95.0,59,stomach ache since last night
V01662,P1274,2025-05-04,36.0,F,feeling sick,Gastro,Medium,99.1F,94.0,110-72,99.0,55,pt reports N/V since last nite
V01663,P1275,2025-07-19,26.0,Female,abdominal pain,Gen Med,Medium,99.3F,95.0,148-96,99.0,34,stomach ache since last night
V01664,P1275,2025-05-17,26.0,Female,Sore Throat,ent dept,Low,103.3F,68.0,142 over 92,99.0,76,pt reports throat ache
V01665,P1276,2025-08-09,86.0,Male,,Gen Med,Low,39.6C,62.0,138/82,96.0,90,pt reports weakness since 3 days
V01666,P1276,2025-12-27,86.0,Male,lightheaded,neuro dept,Medium,,84.0,156-97,100.0,47,lightheaded on standing
V01667,P1277,2025-10-22,1.0,M,abdominal pain,General Medicine,Medium,102.0F,90.0,109 over 68,95.0,52,stomach ache since last night
V01668,P1278,2025-06-03,32.0,M,head-ache,neuro dept,Low,97.3F,66.0,142-71,99.0,48,hedache for 3 days
V01669,P1279,2025-02-03,,male,breathlessness,Emergency,Critical,36.0C,111.0,143/74,88.0,13,breathlessness since morning
V01670,P1280,2025-09-26,,M,nausea,General Medicine,Low,39.7C,69.0,112 over 98,96.0,92,pt reports N/V since last nite
V01671,P1281,2025-08-10,6.0,Female,SOB,Pulmonology,Critical,101.8F,121.0,101/85,85.0,9,breathlessness since morning
V01672,P1281,2025-02-23,6.0,Female,tiredness,Gen Med,Medium,98.1F,97.0,134/71,95.0,40,fatigue and lethargy
V01673,P1282,2025-01-10,28.0,Female,Dizziness,Neurology,Medium,37.9C,82.0,116-97,99.0,35,vertigo like symptoms
V01674,P1282,2025-04-27,28.0,Female,lumbar pain,General Medicine,Medium,37.8C,92.0,137-79,100.0,43,pt reports lumbar pain
V01675,P1283,2025-07-17,87.0,Male,difficulty breathing,Emergency,Critical,38.3C,134.0,118-83,86.0,1,breathlessness since morning
V01676,P1284,2025-09-30,52.0,M,throat ache,ent dept,Low,39.8C,72.0,108 over 64,97.0,42,sore throut since yesterday
V01677,P1284,2025-05-10,52.0,M,lightheaded,Gen Med,Medium,38.9C,77.0,157 over 93,96.0,27,lightheaded on standing
V01678,P1284,2025-12-28,52.0,M,head-ache,neuro dept,Low,99.7F,66.0,121-89,100.0,114,hedache for 3 days
V01679,P1285,2025-10-16,22.0,M,nausea/vomiting,Gen Med,Medium,100.6F,99.0,121 over 95,95.0,36,feeling sick after meals
V01680,P1286,2025-10-30,80.0,F,Fatigue,general medicine,Medium,38.4C,90.0,108/78,98.0,28,extreme tiredness
V01681,P1287,2025-04-01,75.0,Female,,Gen Med,Low,38.5C,82.0,118/79,96.0,84,persistent coughing
V01682,P1288,2025-04-25,51.0,F,Back Pain,A&E,Medium,104.0F,86.0,105 over 80,98.0,54,pt reports lumbar pain
V01683,P1289,2025-04-28,35.0,F,fever,A&E,Medium,37.9C,79.0,116/83,99.0,51,pt reports fever and chills
V01684,P1289,2025-09-12,35.0,F,sore throut,Gen Med,Low,100.8F,78.0,126 over 80,98.0,116,throat pain while swallowing
V01685,P1289,2025-08-26,35.0,F,abdominal pain,Gastroenterology,Medium,38.6C,92.0,139 over 87,97.0,20,stomach ache since last night
V01686,P1290,2025-02-04,40.0,,difficulty breathing,Emergency,High,39.5C,95.0,141/85,92.0,25,difficulty breathing since last night
V01687,P1291,2025-06-08,14.0,male,abdo pain,Gastro,Medium,36.5C,80.0,100/85,100.0,52,pain in lower abdomen
V01688,P1292,2025-09-07,29.0,male,Head Ache,Gen Med,Medium,104.0F,92.0,134 over 75,95.0,30,migraine like symptoms
V01689,P1293,2025-11-20,12.0,F,Fatigue,CARDIO,Medium,38.2C,90.0,123/86,95.0,500,extreme tiredness
V01690,P1294,2025-03-27,53.0,M,sore throut,Gen Med,Low,40.0C,84.0,127/89,99.0,78,pt reports throat ache
V01691,P1294,2025-12-25,53.0,M,fever,Emergency Dept,Low,97.0F,69.0,108-69,96.0,73,pt reports fever and chills
V01692,P1294,2025-08-18,,M,Chest Pain,Cardiology,Critical,97.0F,143.0,156/77,86.0,0,pt has chst pain frm morning
V01693,P1295,2025-09-20,,male,fever,A&E,Medium,38.3C,83.0,156 over 67,97.0,41,pt reports fever and chills
V01694,P1296,2025-10-09,48.0,male,Cough,Pulmonology,Medium,36.8C,76.0,129-94,100.0,53,dry cough for 1 week
V01695,P1297,2025-02-19,67.0,M,lightheaded,General Medicine,Medium,98.1F,92.0,132 over 79,98.0,21,lightheaded on standing
V01696,P1298,2025-04-14,60.0,F,abd pain,Gen Med,Medium,40.5C,92.0,103/87,95.0,46,pain in lower abdomen
V01697,P1299,2025-10-23,55.0,female,lower back pain,A&E,Low,37.8C,79.0,110 over 93,97.0,46,lower bak pain since 2 days
V01698,P1300,2025-10-19,,F,high temp,A&E,Low,102.0F,67.0,134-98,,108,body ache with fever
V01699,P1301,2025-11-30,46.0,M,Chest Pain,Emergency,Critical,101.1F,128.0,159-65,87.0,9,pain in chest while walking
V01700,P1302,2025-11-04,74.0,Female,cough,general medicine,Low,97.0F,65.0,157/76,96.0,500,cough with mild fever
V01701,P1303,2025-04-12,,male,dizzy,Gen Med,Low,99.9F,64.0,146 over 84,99.0,69,vertigo like symptoms
V01702,P1304,2025-07-07,89.0,Male,fevr,Gen Med,Low,37.9C,84.0,160 over 82,99.0,55,high fevr since yesterday
V01703,P1305,2025-03-11,79.0,male,dizziness,Neurology,Low,38.8C,70.0,135-60,96.0,57,pt feels dizzy since mornng
V01704,P1306,2025-03-06,55.0,female,headache,Gen Med,Low,39.4C,83.0,113-86,96.0,120,migraine like symptoms
V01705,P1306,2025-07-28,55.0,,throat pain,Ear Nose Throat,Low,102.2F,69.0,156-85,97.0,83,sore throut since yesterday
V01706,P1307,2025-05-12,70.0,Female,CHEST PAIN,Emergency Dept,Critical,38.3C,127.0,105 over 89,91.0,14,chest pain since 2 hrs
V01707,P1308,2025-07-27,69.0,F,Back Pain,Emergency Dept,Medium,39.3C,84.0,149-67,99.0,43,back pain while sitting
V01708,P1309,2025-03-16,,male,abdo pain,general medicine,Medium,97.0F,88.0,131 over 95,97.0,39,stomach ache since last night
V01709,P1310,2025-09-23,27.0,M,Back Pain,A&E,Medium,39.7C,85.0,147 over 79,98.0,31,pt reports lumbar pain
V01710,P1311,2025-01-16,33.0,Female,back pain,Emergency Dept,Low,39.3C,,117 over 77,99.0,99,lower bak pain since 2 days
V01711,P1312,2025-03-17,,Female,abdo pain,Gen Med,Medium,,76.0,154/95,97.0,25,stomach ache since last night
V01712,P1312,2025-08-04,36.0,Female,Fever,General Medicine,Low,39.0C,76.0,117/84,100.0,48,pt reports fever and chills
V01713,P1312,2025-08-25,36.0,Female,Back Pain,General Medicine,Medium,39.6C,77.0,111 over 62,95.0,38,back pain while sitting
V01714,P1313,2025-06-08,12.0,Male,abdominal pain,Gen Med,Medium,37.3C,89.0,113-96,95.0,38,pt reports abd pain
V01715,P1314,2025-02-03,,female,HA,neuro dept,Low,36.5C,74.0,133/60,99.0,76,migraine like symptoms
V01716,P1314,2025-01-22,21.0,female,throat ache,Ear Nose Throat,Low,98.1F,69.0,114-88,97.0,108,throat pain while swallowing
V01717,P1315,2025-07-24,26.0,Female,Fatigue,cardiology,Medium,,86.0,133/97,95.0,55,extreme tiredness
V01718,P1316,2025-12-02,51.0,F,short of breath,A&E,High,39.4C,108.0,108-91,94.0,18,breathlessness since morning
V01719,P1317,2025-01-24,25.0,female,lethargy,Gen Med,Low,39.2C,85.0,154-76,95.0,115,extreme tiredness
V01720,P1318,2025-02-27,15.0,,head-ache,General Medicine,Medium,39.5C,94.0,160-75,95.0,29,migraine like symptoms
V01721,P1319,2025-11-09,73.0,Female,abdo pain,gastro dept,Medium,98.6F,89.0,125-77,98.0,41,stomach ache since last night
V01722,P1320,2025-02-21,72.0,female,fevr,ER,Medium,37.9C,100.0,154 over 75,,54,high fevr since yesterday
V01723,P1321,2025-10-20,33.0,Male,feeling sick,Gastro,Medium,103.3F,87.0,136-91,98.0,53,feeling sick after meals
V01724,P1322,2025-06-14,2.0,Female,chst pain,,High,101.7F,96.0,148-96,90.0,30,chest pain since 2 hrs
V01725,P1322,2025-01-06,2.0,,dry cough,Pulmo,Medium,37.2C,86.0,132 over 79,96.0,28,dry cough for 1 week
V01726,P1322,2025-02-07,2.0,Female,lumbar pain,Emergency,Medium,39.8C,99.0,136 over 95,99.0,55,back pain while sitting
V01727,P1323,2025-06-10,,male,HA,general medicine,Medium,38.4C,78.0,125/68,100.0,26,hedache for 3 days
V01728,P1324,2025-11-13,43.0,male,abdo pain,General Medicine,Medium,97.7F,88.0,118 over 60,99.0,59,stomach ache since last night
V01729,P1325,2025-05-27,90.0,Male,high temp,Emergency Dept,Medium,37.6C,82.0,101/76,98.0,51,pt reports fever and chills
V01730,P1326,2025-08-28,1.0,M,shortness of breath,Emergency Dept,High,36.7C,115.0,130-96,96.0,24,sob while walking
V01731,P1326,2025-02-22,1.0,M,abdominal pain,GI,Medium,97.0F,89.0,127/71,97.0,43,pain in lower abdomen
V01732,P1326,2025-05-28,1.0,M,SOB,Emergency,High,97.7F,97.0,149/62,94.0,22,sob while walking
V01733,P1327,2025-08-01,22.0,female,fever,General Medicine,Low,38.3C,81.0,109-65,96.0,44,pt reports fever and chills
V01734,P1328,2025-06-11,15.0,M,cough,Gen Med,Medium,99.5F,83.0,111 over 60,100.0,27,persistent coughing
V01735,P1329,2025-06-28,70.0,,back pain,Emergency,Medium,100.8F,89.0,115-66,96.0,33,back pain while sitting
V01736,P1330,2025-10-22,48.0,F,,ER,High,100.8F,116.0,120-92,92.0,15,pain in chest while walking
V01737,P1330,2025-04-27,48.0,F,,,Medium,38.5C,100.0,147/96,99.0,32,vertigo like symptoms
V01738,P1331,2025-11-23,35.0,Female,nausea/vomiting,Gen Med,Low,37.0C,76.0,106-88,100.0,91,pt reports N/V since last nite
V01739,P1332,2025-08-21,57.0,male,short of breath,Emergency,High,39.0C,113.0,127-62,95.0,18,sob while walking
V01740,P1333,2025-12-13,31.0,M,Cough,Pulmo,Medium,36.2C,77.0,158-75,99.0,24,dry cough for 1 week
V01741,P1334,2025-12-15,30.0,Male,nausea/vomiting,general medicine,Medium,36.4C,79.0,109-62,100.0,47,nausea with vomiting
V01742,P1335,2025-06-06,38.0,F,Chest Pain,ER,Critical,100.6F,124.0,140-94,,14,pt has chst pain frm morning
V01743,P1336,2025-01-18,90.0,M,fatigue,General Medicine,Low,37.4C,63.0,159-92,100.0,99,pt reports weakness since 3 days
V01744,P1336,2025-03-17,90.0,M,high fever,Emergency Dept,Low,36.6C,67.0,151/88,100.0,48,body ache with fever
V01745,P1337,2025-10-29,66.0,M,Sore Throat,,Low,38.4C,68.0,104-64,100.0,115,pt reports throat ache
V01746,P1337,2025-07-15,66.0,M,sore throut,ent dept,Low,36.3C,83.0,106-62,95.0,600,throat pain while swallowing
V01747,P1337,2025-10-17,,M,high temp,Gen Med,Medium,39.5C,87.0,157 over 100,96.0,33,high fevr since yesterday
V01748,P1338,2025-06-01,64.0,male,dizziness,General Medicine,Low,37.3C,81.0,130 over 84,95.0,59,vertigo like symptoms
V01749,P1339,2025-09-02,11.0,F,Dizziness,Gen Med,Medium,99.7F,86.0,139-76,98.0,32,lightheaded on standing
V01750,P1340,2025-11-20,77.0,female,persistent cough,Pulmo,Medium,96.8F,77.0,121 over 75,97.0,42,cough with mild fever
V01751,P1341,2025-08-18,81.0,female,abd pain,Gen Med,Medium,36.8C,88.0,117/70,95.0,31,pt reports abd pain
V01752,P1342,2025-01-08,63.0,female,dry cough,Pulmo,Low,102.0F,70.0,139 over 91,98.0,62,dry cough for 1 week
V01753,P1342,2025-09-04,63.0,female,sore throut,Gen Med,Low,100.8F,63.0,113 over 92,99.0,41,pt reports throat ache
V01754,P1342,2025-05-27,63.0,female,weakness,CARDIO,Low,38.0C,62.0,160-63,99.0,83,fatigue and lethargy
V01755,P1343,2025-05-14,,Male,bak pain,ER,Low,101.7F,72.0,102 over 97,96.0,52,pt reports lumbar pain
V01756,P1344,2025-11-03,30.0,,abdo pain,general medicine,Medium,37.1C,,154 over 62,100.0,32,stomach ache since last night
V01757,P1344,2025-08-10,30.0,,short of breath,Pulmo,Critical,39.7C,132.0,117 over 83,86.0,4,sob while walking
V01758,P1345,2025-04-26,22.0,M,N/V,general medicine,Low,36.9C,85.0,106/77,99.0,53,nausea with vomiting
V01759,P1346,2025-11-21,89.0,F,CHEST PAIN,,High,38.9C,98.0,112/88,95.0,15,chest pain since 2 hrs
V01760,P1347,2025-04-30,19.0,female,,ER,Critical,36.4C,132.0,136-71,88.0,4,pain in chest while walking
V01761,P1348,2025-03-25,71.0,female,CHEST PAIN,Emergency,Critical,36.7C,126.0,120-84,92.0,9,pain in chest while walking
V01762,P1349,2025-04-23,48.0,M,head-ache,Neurology,Low,36.8C,68.0,150-72,97.0,75,hedache for 3 days
V01763,P1349,2025-03-12,48.0,M,fatigue,general medicine,Low,40.2C,82.0,139 over 65,99.0,100,fatigue and lethargy
V01764,P1350,2025-10-28,80.0,Female,fevr,general medicine,Medium,99.7F,76.0,112/88,97.0,55,body ache with fever
V01765,P1351,2025-11-12,22.0,M,abdo pain,Gen Med,Medium,,94.0,156 over 78,98.0,46,pt reports abd pain
V01766,P1352,2025-05-16,,Female,high fever,,Low,100.0F,63.0,136/79,99.0,65,pt reports fever and chills
V01767,P1352,2025-09-26,83.0,Female,chestpain,A&E,Critical,37.3C,119.0,134/62,92.0,8,pt has chst pain frm morning
V01768,P1353,2025-02-04,66.0,Female,nausea,General Medicine,Low,36.2C,60.0,115 over 96,95.0,67,pt reports N/V since last nite
V01769,P1354,2025-12-12,55.0,male,coughing,general medicine,Medium,99.5F,100.0,115 over 65,99.0,21,cough with mild fever
V01770,P1355,2025-12-29,38.0,male,sore throut,ENT,Low,97.0F,65.0,139/66,96.0,61,sore throut since yesterday
V01771,P1356,2025-04-24,5.0,Male,CHEST PAIN,,Critical,39.9C,140.0,148/94,83.0,15,pain in chest while walking
V01772,P1357,2025-10-04,29.0,male,throat pain,Ear Nose Throat,Low,36.7C,65.0,156/77,99.0,105,pt reports throat ache
V01773,P1358,2025-07-18,4.0,M,Cough,Gen Med,Medium,36.1C,83.0,104/94,95.0,45,persistent coughing
V01774,P1359,2025-05-13,66.0,M,difficulty breathing,pulmonology,Critical,103.5F,111.0,105/73,82.0,5,sob while walking
V01775,P1360,2025-04-03,17.0,female,Sore Throat,General Medicine,Low,38.7C,65.0,110-97,100.0,106,pt reports throat ache
V01776,P1361,2025-06-30,61.0,Male,difficulty breathing,ER,Critical,39.9C,115.0,114-99,87.0,4,difficulty breathing since last night
V01777,P1361,2025-12-29,61.0,Male,lumbar pain,General Medicine,Low,38.3C,70.0,154 over 83,96.0,500,back pain while sitting
V01778,P1362,2025-07-05,69.0,female,bak pain,general medicine,Medium,38.7C,97.0,152/93,100.0,20,pt reports lumbar pain
V01779,P1363,2025-05-29,67.0,M,abdo pain,Gastro,Medium,36.5C,96.0,127-99,99.0,21,pt reports abd pain
V01780,P1364,2025-12-11,1.0,male,Back Pain,Emergency,Medium,97.7F,81.0,138-88,97.0,38,back pain while sitting
V01781,P1365,2025-10-10,65.0,male,cough,Pulmo,Low,103.3F,82.0,117 over 81,95.0,94,cough with mild fever
V01782,P1366,2025-12-02,74.0,M,HA,neuro dept,Low,37.6C,73.0,153-95,96.0,53,migraine like symptoms
V01783,P1367,2025-01-17,1.0,Male,difficulty breathing,Pulmo,Critical,97.7F,123.0,120-79,82.0,10,sob while walking
V01784,P1367,2025-09-06,1.0,Male,,general medicine,Low,99.0F,64.0,123 over 64,,59,pt reports lumbar pain
V01785,P1367,2025-03-11,1.0,Male,Head Ache,neuro dept,Medium,40.4C,98.0,158 over 70,99.0,47,migraine like symptoms
V01786,P1368,2025-10-11,60.0,male,lower back pain,Gen Med,Medium,,91.0,102/94,96.0,41,back pain while sitting
V01787,P1369,2025-01-01,17.0,male,back pain,Emergency,Low,39.5C,82.0,156/97,98.0,49,lower bak pain since 2 days
V01788,P1370,2025-03-12,82.0,female,,,Medium,101.3F,78.0,155/94,96.0,26,pt reports N/V since last nite
V01789,P1371,2025-01-12,29.0,Female,stomach pain,Gastro,Medium,103.1F,86.0,113-77,98.0,43,stomach ache since last night
V01790,P1371,2025-11-27,29.0,,persistent cough,Gen Med,Medium,38.9C,80.0,114 over 75,100.0,47,cough with mild fever
V01791,P1372,2025-12-02,35.0,,back pain,Emergency Dept,Medium,39.6C,78.0,131 over 79,100.0,57,back pain while sitting
V01792,P1372,2025-04-15,35.0,F,short of breath,ER,Critical,37.9C,143.0,104 over 71,86.0,4,sob while walking
V01793,P1373,2025-01-07,48.0,male,stomach pain,Gen Med,Medium,101.7F,81.0,147-81,95.0,25,pain in lower abdomen
V01794,P1374,2025-07-29,78.0,female,chest pain,cardiology,Critical,36.8C,133.0,117-86,91.0,5,chest pain since 2 hrs
V01795,P1375,2025-03-25,20.0,female,,Pulmonology,Medium,102.4F,83.0,129 over 87,95.0,29,cough with mild fever
V01796,P1376,2025-11-06,71.0,M,hedache,neuro dept,Low,39.4C,,133-87,95.0,117,migraine like symptoms
V01797,P1377,2025-03-27,21.0,M,persistent cough,Pulmonology,Medium,101.8F,,109 over 90,100.0,29,persistent coughing
V01798,P1378,2025-08-15,35.0,Female,nausea,General Medicine,Low,39.8C,81.0,125 over 68,98.0,56,nausea with vomiting
V01799,P1379,2025-05-05,,male,headache,Neurology,Medium,38.1C,87.0,121/98,100.0,46,severe headache since morning
V01800,P1380,2025-07-06,20.0,female,stomach pain,,Medium,38.5C,89.0,153 over 82,95.0,58,stomach ache since last night
V01801,P1381,2025-09-04,7.0,female,chestpain,ER,Critical,40.3C,136.0,143-65,87.0,14,chest pain since 2 hrs
V01802,P1382,2025-09-13,,female,SOB,Pulmo,Critical,101.3F,143.0,126-90,90.0,0,difficulty breathing since last night
V01803,P1382,2025-06-19,,female,dizziness,Neurology,Low,37.1C,70.0,107-67,100.0,99,vertigo like symptoms
V01804,P1383,2025-02-19,68.0,Male,cough,Gen Med,Medium,38.5C,81.0,117-98,97.0,28,cough with mild fever
V01805,P1384,2025-08-19,,F,fever,General Medicine,Medium,98.1F,78.0,126/76,96.0,42,high fevr since yesterday
V01806,P1385,2025-09-12,33.0,female,chst pain,A&E,Critical,40.2C,124.0,135/66,91.0,3,chest pain since 2 hrs
V01807,P1386,2025-12-10,85.0,F,Cough,Pulmo,Medium,104.2F,86.0,121-79,99.0,29,cough with mild fever
V01808,P1387,2025-05-06,58.0,Male,lethargy,Cardio,Low,38.8C,83.0,140/89,95.0,41,pt reports weakness since 3 days
V01809,P1388,2025-06-07,80.0,female,vertigo,neuro dept,Medium,39.1C,87.0,150 over 76,98.0,60,vertigo like symptoms
V01810,P1389,2025-10-21,39.0,Male,,Cardiology,Low,101.1F,85.0,140-65,96.0,81,pt reports weakness since 3 days
V01811,P1390,2025-07-02,73.0,Female,breathlessness,pulmonology,Critical,38.3C,127.0,114 over 90,89.0,3,sob while walking
V01812,P1391,2025-06-13,32.0,male,Fatigue,cardiology,Low,97.9F,65.0,120 over 97,97.0,59,extreme tiredness
V01813,P1392,2025-11-12,13.0,F,high temp,general medicine,Low,37.1C,62.0,108-68,99.0,87,pt reports fever and chills
V01814,P1392,2025-08-07,13.0,F,Nausea,general medicine,Low,100.9F,64.0,147 over 86,97.0,93,nausea with vomiting
V01815,P1393,2025-02-16,50.0,female,hedache,General Medicine,Medium,39.2C,91.0,129-89,96.0,23,severe headache since morning
V01816,P1393,2025-08-23,50.0,female,abd pain,GI,Medium,36.6C,90.0,154 over 65,97.0,60,pt reports abd pain
V01817,P1394,2025-10-02,21.0,male,Dizziness,general medicine,Medium,37.9C,96.0,116 over 98,98.0,31,vertigo like symptoms
V01818,P1395,2025-01-28,32.0,Male,headache,Neurology,Low,38.3C,68.0,158/80,98.0,112,hedache for 3 days
V01819,P1396,2025-03-29,45.0,male,head-ache,Gen Med,Medium,104.4F,97.0,154-87,99.0,51,hedache for 3 days
V01820,P1397,2025-08-13,76.0,female,nausea,general medicine,Low,39.8C,84.0,136 over 71,96.0,47,feeling sick after meals
V01821,P1398,2025-01-10,4.0,Female,nausea,,Low,37.6C,80.0,117-95,97.0,52,feeling sick after meals
V01822,P1399,2025-08-31,48.0,M,N/V,Gen Med,Low,37.3C,67.0,148-77,95.0,41,feeling sick after meals
V01823,P1400,2025-03-20,36.0,female,weakness,General Medicine,Medium,39.7C,80.0,126-62,96.0,47,pt reports weakness since 3 days
V01824,P1401,2025-02-23,61.0,M,fatigue,cardiology,Medium,,88.0,119-88,98.0,60,pt reports weakness since 3 days
V01825,P1402,2025-11-26,8.0,,bak pain,ER,Low,104.4F,69.0,160/81,98.0,115,pt reports lumbar pain
V01826,P1403,2025-05-23,33.0,female,feeling sick,Gen Med,Low,37.2C,78.0,110-63,96.0,96,feeling sick after meals
V01827,P1404,2025-06-02,78.0,M,high fever,ER,Medium,39.0C,87.0,103 over 65,100.0,51,pt reports fever and chills
V01828,P1405,2025-11-14,49.0,F,shortness of breath,Pulmonology,High,101.1F,97.0,138-61,96.0,27,breathlessness since morning
V01829,P1406,2025-03-09,63.0,F,coughing,Pulmo,Low,39.2C,75.0,103 over 66,95.0,86,persistent coughing
V01830,P1406,2025-03-15,63.0,F,vertigo,Neurology,Medium,39.4C,75.0,123/68,99.0,53,lightheaded on standing
V01831,P1407,2025-05-06,,male,shortness of breath,ER,High,38.8C,116.0,155-92,92.0,17,sob while walking
V01832,P1408,2025-06-06,12.0,Male,sore throat,ENT,Low,97.2F,64.0,116 over 77,99.0,99,sore throut since yesterday
V01833,P1408,2025-03-16,12.0,Male,head-ache,,Low,36.5C,73.0,147-61,95.0,108,severe headache since morning
V01834,P1409,2025-12-28,8.0,M,Nausea,Gastro,Low,36.5C,60.0,157 over 76,99.0,110,pt reports N/V since last nite
V01835,P1410,2025-06-15,40.0,Female,cough,Pulmonology,Medium,39.7C,77.0,144 over 73,99.0,31,dry cough for 1 week
V01836,P1411,2025-12-28,51.0,M,throat pain,Ear Nose Throat,Low,101.1F,75.0,114 over 72,95.0,95,sore throut since yesterday
V01837,P1412,2025-11-24,54.0,Male,CHEST PAIN,cardiology,High,98.2F,108.0,152/69,96.0,22,chest pain since 2 hrs
V01838,P1413,2025-03-23,26.0,M,feeling sick,general medicine,Low,,61.0,120 over 81,99.0,72,nausea with vomiting
V01839,P1413,2025-07-08,26.0,M,stomach pain,gastro dept,Medium,37.2C,89.0,114/94,99.0,42,pt reports abd pain
V01840,P1414,2025-12-28,25.0,M,abd pain,gastro dept,Medium,98.8F,99.0,132 over 60,97.0,45,stomach ache since last night
V01841,P1415,2025-12-17,,male,sore throat,Gen Med,Low,38.5C,62.0,144-98,95.0,97,sore throut since yesterday
V01842,P1415,2025-04-22,22.0,male,cough,general medicine,Low,101.3F,63.0,107/87,100.0,100,persistent coughing
V01843,P1415,2025-05-11,22.0,male,Head Ache,Gen Med,Medium,37.9C,76.0,107 over 87,97.0,30,hedache for 3 days
V01844,P1416,2025-02-02,74.0,female,shortness of breath,,High,40.0C,109.0,111 over 71,92.0,14,sob while walking
V01845,P1417,2025-08-19,,female,throat pain,,Low,39.1C,76.0,145 over 89,100.0,98,sore throut since yesterday
V01846,P1418,2025-03-17,64.0,Female,lethargy,general medicine,Low,38.4C,74.0,155 over 87,100.0,64,fatigue and lethargy
V01847,P1419,2025-07-21,41.0,Female,Sore Throat,general medicine,Low,37.1C,68.0,129 over 86,97.0,101,pt reports throat ache
V01848,P1420,2025-09-11,76.0,Female,head-ache,general medicine,Medium,38.1C,89.0,137-82,96.0,22,migraine like symptoms
V01849,P1421,2025-06-17,83.0,female,tiredness,Cardio,Low,40.2C,85.0,150 over 66,97.0,78,fatigue and lethargy
V01850,P1422,2025-04-26,76.0,male,Cough,General Medicine,Low,,73.0,134 over 84,95.0,103,cough with mild fever
V01851,P1422,2025-05-24,76.0,male,abdominal pain,general medicine,Medium,37.9C,81.0,151 over 70,96.0,25,stomach ache since last night
V01852,P1423,2025-06-01,78.0,F,Sore Throat,Gen Med,Low,39.8C,81.0,145 over 61,100.0,54,pt reports throat ache
V01853,P1424,2025-07-13,35.0,F,Nausea,GI,Medium,38.9C,91.0,105-80,96.0,30,nausea with vomiting
V01854,P1425,2025-06-17,26.0,Male,Back Pain,General Medicine,Low,37.4C,76.0,135 over 78,96.0,51,lower bak pain since 2 days
V01855,P1426,2025-10-06,,M,cough,pulmonology,Medium,99.3F,84.0,123-82,99.0,38,cough with mild fever
V01856,P1427,2025-09-30,,female,lower back pain,ER,Medium,36.5C,88.0,124/68,95.0,57,pt reports lumbar pain
V01857,P1428,2025-12-29,,male,dizziness,General Medicine,Medium,37.0C,78.0,106-71,95.0,48,lightheaded on standing
V01858,P1428,2025-03-05,63.0,male,,Gen Med,Medium,101.1F,96.0,151 over 99,97.0,49,extreme tiredness
V01859,P1428,2025-10-21,63.0,male,CHEST PAIN,Emergency Dept,Critical,37.2C,135.0,117-94,83.0,10,pt has chst pain frm morning
V01860,P1429,2025-11-07,4.0,Female,fevr,Emergency Dept,Low,39.5C,70.0,145/79,97.0,110,body ache with fever
V01861,P1429,2025-06-17,4.0,Female,bak pain,general medicine,Medium,38.5C,,152 over 74,99.0,24,pt reports lumbar pain
V01862,P1430,2025-11-14,63.0,F,breathlessness,Emergency,Critical,96.8F,113.0,154 over 72,92.0,3,difficulty breathing since last night
V01863,P1431,2025-09-25,51.0,Female,,Gen Med,Medium,98.2F,92.0,160-81,,45,pt reports fever and chills
V01864,P1431,2025-06-14,51.0,Female,high fever,general medicine,Medium,38.1C,100.0,109 over 97,98.0,54,body ache with fever
V01865,P1432,2025-04-26,11.0,male,high fever,General Medicine,Medium,37.4C,90.0,123-93,97.0,44,body ache with fever
V01866,P1433,2025-03-05,9.0,F,difficulty breathing,Emergency,High,38.1C,110.0,152 over 89,95.0,17,difficulty breathing since last night
V01867,P1433,2025-09-06,9.0,F,Nausea,Gastro,Medium,100.8F,100.0,105/72,95.0,27,pt reports N/V since last nite
V01868,P1434,2025-03-13,69.0,F,dizziness,neuro dept,Medium,101.1F,92.0,150-95,96.0,33,lightheaded on standing
V01869,P1434,2025-11-19,69.0,,hedache,General Medicine,Medium,37.9C,87.0,150/93,100.0,48,hedache for 3 days
V01870,P1435,2025-10-03,7.0,,head-ache,neuro dept,Low,39.9C,60.0,147/80,96.0,55,migraine like symptoms
V01871,P1436,2025-02-20,42.0,M,Chest Pain,Emergency Dept,Critical,36.7C,128.0,154 over 62,88.0,8,pain in chest while walking
V01872,P1437,2025-11-15,21.0,female,fatigue,general medicine,Medium,99.9F,89.0,146-87,98.0,36,extreme tiredness
V01873,P1437,2025-10-24,21.0,female,coughing,general medicine,Low,103.3F,74.0,124/62,100.0,120,cough with mild fever
V01874,P1438,2025-06-09,51.0,F,weakness,Cardiology,Low,101.7F,85.0,147-69,97.0,120,pt reports weakness since 3 days
V01875,P1439,2025-05-24,60.0,M,tiredness,Cardiology,Medium,37.1C,92.0,118 over 80,99.0,59,fatigue and lethargy
V01876,P1439,2025-08-23,60.0,M,Sore Throat,General Medicine,Low,101.1F,75.0,156-86,98.0,93,throat pain while swallowing
V01877,P1440,2025-02-14,18.0,Female,head-ache,Neurology,Medium,39.7C,98.0,127-90,96.0,56,severe headache since morning
V01878,P1440,2025-07-25,18.0,Female,feeling sick,General Medicine,Low,38.3C,60.0,139/96,97.0,97,pt reports N/V since last nite
V01879,P1441,2025-01-27,89.0,M,abd pain,general medicine,Medium,97.7F,81.0,159/77,98.0,29,stomach ache since last night
V01880,P1441,2025-09-18,89.0,M,lumbar pain,Gen Med,Low,,60.0,121 over 77,97.0,88,lower bak pain since 2 days
V01881,P1442,2025-01-20,16.0,Male,Fever,general medicine,Medium,36.7C,97.0,139 over 87,96.0,52,high fevr since yesterday
V01882,P1443,2025-09-09,77.0,female,nausea,general medicine,Medium,36.6C,97.0,158 over 89,100.0,48,pt reports N/V since last nite
V01883,P1443,2025-01-05,,female,vertigo,Gen Med,Medium,39.8C,100.0,141 over 69,99.0,21,lightheaded on standing
V01884,P1444,2025-10-29,71.0,female,CHEST PAIN,Emergency Dept,High,37.1C,119.0,112-86,91.0,10,pain in chest while walking
V01885,P1445,2025-10-28,82.0,male,fever,,Medium,37.2C,91.0,135/75,97.0,43,high fevr since yesterday
V01886,P1446,2025-11-30,32.0,female,dizzy,General Medicine,Low,37.8C,74.0,139 over 60,99.0,45,lightheaded on standing
V01887,P1447,2025-12-01,6.0,M,hedache,Neuro,Low,37.0C,62.0,107-61,97.0,70,severe headache since morning
V01888,P1448,2025-04-02,34.0,,throat pain,ent dept,Low,37.6C,69.0,116 over 77,98.0,88,sore throut since yesterday
V01889,P1448,2025-12-24,34.0,female,coughing,general medicine,Medium,37.1C,94.0,143-64,97.0,57,cough with mild fever
V01890,P1448,2025-05-23,34.0,female,headache,General Medicine,Low,99.5F,65.0,145-99,98.0,108,severe headache since morning
V01891,P1449,2025-02-27,74.0,Female,dizziness,neuro dept,Low,39.5C,65.0,155/96,95.0,118,lightheaded on standing
V01892,P1450,2025-10-08,80.0,female,throat ache,General Medicine,Low,99.3F,85.0,117 over 71,98.0,61,sore throut since yesterday
V01893,P1450,2025-09-21,80.0,female,dizzy,general medicine,Low,102.9F,84.0,125 over 78,96.0,92,lightheaded on standing
V01894,P1450,2025-05-14,80.0,female,lumbar pain,Gen Med,Medium,39.6C,100.0,102/82,99.0,59,pt reports lumbar pain
V01895,P1451,2025-04-24,37.0,female,cough,General Medicine,Low,37.3C,60.0,128/71,99.0,53,persistent coughing
V01896,P1451,2025-03-17,37.0,female,Nausea,Gastro,Medium,38.3C,83.0,156 over 79,,41,nausea with vomiting
V01897,P1452,2025-10-17,28.0,male,sore throat,ent dept,Low,40.2C,83.0,109 over 65,100.0,40,pt reports throat ache
V01898,P1453,2025-12-21,4.0,female,lumbar pain,Emergency,Medium,38.7C,100.0,115 over 68,99.0,59,pt reports lumbar pain
V01899,P1454,2025-05-05,39.0,F,lethargy,Cardio,Low,39.6C,67.0,116 over 82,95.0,56,pt reports weakness since 3 days
V01900,P1455,2025-07-10,21.0,female,abdominal pain,General Medicine,Medium,38.6C,90.0,104 over 96,96.0,53,pt reports abd pain
V01901,P1456,2025-10-28,,Male,N/V,GI,Medium,101.8F,77.0,106 over 83,96.0,42,pt reports N/V since last nite
V01902,P1456,2025-02-27,85.0,Male,fevr,ER,Medium,97.5F,97.0,149/99,99.0,60,body ache with fever
V01903,P1457,2025-01-04,45.0,F,Back Pain,Gen Med,Low,99.0F,84.0,137/70,98.0,74,pt reports lumbar pain
V01904,P1458,2025-04-24,30.0,Female,cough,General Medicine,Low,36.8C,74.0,129-85,95.0,111,persistent coughing
V01905,P1458,2025-02-10,30.0,Female,coughing,pulmonology,Low,104.0F,71.0,113/71,99.0,111,cough with mild fever
V01906,P1459,2025-09-10,65.0,M,lumbar pain,Emergency Dept,Low,37.6C,77.0,122 over 97,99.0,116,pt reports lumbar pain
V01907,P1459,2025-05-27,65.0,M,abd pain,,Medium,40.1C,87.0,158/70,99.0,51,pain in lower abdomen
V01908,P1460,2025-06-23,13.0,female,persistent cough,General Medicine,Low,39.5C,62.0,128-61,97.0,69,dry cough for 1 week
V01909,P1461,2025-09-05,46.0,Male,breathlessness,ER,Critical,37.1C,134.0,102 over 82,84.0,3,sob while walking
V01910,P1462,2025-04-13,9.0,Male,Chest Pain,,Critical,40.5C,121.0,151 over 66,86.0,9,pain in chest while walking
V01911,P1463,2025-11-26,15.0,female,abdominal pain,Gen Med,Medium,40.4C,86.0,113/98,97.0,28,stomach ache since last night
V01912,P1464,2025-03-06,78.0,Female,cough,Pulmo,Medium,104.2F,75.0,155 over 83,99.0,54,persistent coughing
V01913,P1465,2025-01-05,48.0,female,lethargy,General Medicine,Medium,40.1C,91.0,128/95,95.0,46,fatigue and lethargy
V01914,P1466,2025-10-10,12.0,,,Gastro,Medium,37.7C,91.0,150-96,98.0,28,pain in lower abdomen
V01915,P1466,2025-10-31,12.0,F,persistent cough,Gen Med,Medium,38.7C,99.0,147-77,98.0,38,cough with mild fever
V01916,P1466,2025-08-27,12.0,F,shortness of breath,,High,39.1C,105.0,125/83,,27,difficulty breathing since last night
V01917,P1467,2025-03-06,65.0,F,high fever,General Medicine,Medium,99.9F,77.0,102-100,98.0,46,pt reports fever and chills
V01918,P1468,2025-05-06,9.0,Male,dizzy,General Medicine,Low,104.0F,80.0,125-71,97.0,87,lightheaded on standing
V01919,P1468,2025-10-09,9.0,Male,nausea/vomiting,Gastroenterology,Medium,37.8C,100.0,129 over 73,95.0,34,nausea with vomiting
V01920,P1469,2025-11-08,48.0,Female,lethargy,general medicine,Medium,103.5F,89.0,108 over 75,97.0,33,fatigue and lethargy
V01921,P1469,2025-11-22,48.0,Female,coughing,General Medicine,Low,38.3C,79.0,102-60,,71,persistent coughing
V01922,P1470,2025-12-03,,F,lightheaded,Neuro,Medium,102.7F,90.0,127 over 76,100.0,28,vertigo like symptoms
V01923,P1471,2025-08-19,7.0,female,sore throat,General Medicine,Low,38.5C,70.0,146 over 63,96.0,113,sore throut since yesterday
V01924,P1472,2025-05-21,50.0,F,vertigo,,Medium,36.3C,89.0,157 over 90,95.0,37,lightheaded on standing
V01925,P1473,2025-04-13,8.0,F,high temp,General Medicine,Low,37.1C,82.0,158-94,97.0,86,pt reports fever and chills
V01926,P1473,2025-07-22,8.0,F,sore throut,General Medicine,Low,38.8C,68.0,119-95,96.0,67,pt reports throat ache
V01927,P1473,2025-02-25,8.0,F,dizzy,General Medicine,Medium,39.5C,97.0,125-73,97.0,35,vertigo like symptoms
V01928,P1474,2025-05-17,12.0,male,Fever,Gen Med,Medium,38.9C,76.0,150-90,96.0,41,body ache with fever
V01929,P1475,2025-09-15,61.0,female,persistent cough,Pulmonology,Medium,97.0F,84.0,142-94,95.0,23,cough with mild fever
V01930,P1476,2025-06-23,16.0,M,cough,pulmonology,Low,39.2C,71.0,142 over 65,96.0,105,cough with mild fever
V01931,P1477,2025-08-27,76.0,Female,Fatigue,Gen Med,Medium,40.0C,84.0,107/64,,47,pt reports weakness since 3 days
V01932,P1478,2025-06-12,48.0,M,lightheaded,Neurology,Medium,99.5F,96.0,137 over 76,95.0,55,pt feels dizzy since mornng
V01933,P1478,2025-06-25,48.0,M,vertigo,Neurology,Medium,102.6F,88.0,122 over 89,99.0,45,lightheaded on standing
V01934,P1479,2025-08-12,31.0,F,dizziness,Neuro,Low,37.3C,66.0,148-71,96.0,42,pt feels dizzy since mornng
V01935,P1479,2025-02-15,31.0,F,lightheaded,neuro dept,Low,36.6C,61.0,127-90,96.0,109,vertigo like symptoms
V01936,P1480,2025-07-09,55.0,Female,persistent cough,pulmonology,Medium,36.8C,75.0,120/99,97.0,55,dry cough for 1 week
V01937,P1481,2025-12-12,80.0,M,fevr,Gen Med,Low,99.3F,68.0,128/92,95.0,78,high fevr since yesterday
V01938,P1482,2025-10-29,18.0,M,breathlessness,Emergency,High,99.1F,107.0,147/82,,12,breathlessness since morning
V01939,P1483,2025-05-17,40.0,F,dry cough,Pulmo,Medium,36.4C,85.0,144 over 70,97.0,36,cough with mild fever
V01940,P1484,2025-04-28,,F,fatigue,,Low,97.3F,79.0,153/66,100.0,99,pt reports weakness since 3 days
V01941,P1485,2025-05-02,9.0,M,abd pain,General Medicine,Medium,,89.0,102 over 73,,42,pt reports abd pain
V01942,P1486,2025-10-19,56.0,Male,Cough,Pulmonology,Low,103.6F,66.0,116-74,98.0,80,cough with mild fever
V01943,P1486,2025-05-17,56.0,Male,fever,General Medicine,Medium,101.8F,88.0,150 over 89,95.0,59,high fevr since yesterday
V01944,P1487,2025-04-14,52.0,M,dry cough,Gen Med,Low,36.1C,75.0,146/62,98.0,71,dry cough for 1 week
V01945,P1488,2025-11-17,38.0,Female,nausea,general medicine,Medium,101.3F,95.0,100-91,97.0,52,pt reports N/V since last nite
V01946,P1488,2025-06-21,38.0,Female,Cough,General Medicine,Low,104.4F,85.0,154 over 65,96.0,52,cough with mild fever
V01947,P1489,2025-06-09,19.0,,fever,Emergency Dept,Low,104.9F,82.0,102/77,98.0,63,body ache with fever
V01948,P1489,2025-04-27,19.0,male,dizzy,Neurology,Low,102.4F,72.0,158/64,98.0,72,lightheaded on standing
V01949,P1490,2025-06-11,5.0,M,bak pain,Emergency,Low,100.6F,81.0,106-67,95.0,71,back pain while sitting
V01950,P1491,2025-10-29,49.0,F,CHEST PAIN,ER,Critical,36.3C,120.0,147/87,86.0,6,pain in chest while walking
V01951,P1491,2025-02-04,49.0,F,Fever,Gen Med,Low,38.7C,61.0,140-100,95.0,115,high fevr since yesterday
V01952,P1491,2025-04-09,,F,sore throut,Ear Nose Throat,Low,36.7C,72.0,142-89,99.0,61,sore throut since yesterday
V01953,P1492,2025-06-17,54.0,Male,throat ache,ENT,Low,37.3C,82.0,132/74,99.0,65,pt reports throat ache
V01954,P1493,2025-11-18,20.0,female,persistent cough,Gen Med,Low,36.3C,75.0,121-94,96.0,109,dry cough for 1 week
V01955,P1493,2025-03-10,20.0,female,hedache,General Medicine,Medium,37.4C,81.0,139/72,99.0,39,hedache for 3 days
V01956,P1494,2025-04-09,77.0,F,fever,Emergency,Low,39.0C,84.0,114/100,96.0,41,high fevr since yesterday
V01957,P1495,2025-04-18,15.0,Male,stomach pain,Gastroenterology,Medium,,82.0,118 over 76,95.0,32,pain in lower abdomen
V01958,P1495,2025-03-25,15.0,Male,breathlessness,Pulmo,Critical,102.6F,119.0,152 over 99,84.0,6,sob while walking
V01959,P1496,2025-06-27,28.0,Male,high temp,Gen Med,Medium,37.4C,97.0,104 over 94,100.0,29,pt reports fever and chills
V01960,P1497,2025-09-17,8.0,M,tiredness,general medicine,Low,98.2F,62.0,156/69,96.0,55,pt reports weakness since 3 days
V01961,P1497,2025-04-25,8.0,M,head-ache,General Medicine,Low,102.0F,68.0,122-73,96.0,100,migraine like symptoms
V01962,P1498,2025-07-25,77.0,,lumbar pain,Gen Med,Medium,37.7C,81.0,106 over 68,96.0,21,lower bak pain since 2 days
V01963,P1499,2025-01-26,74.0,female,high temp,ER,Medium,98.1F,99.0,122-100,100.0,31,body ache with fever
V01964,P1500,2025-04-13,77.0,male,headache,Neurology,Medium,97.7F,78.0,104 over 96,96.0,500,hedache for 3 days
V01965,P1500,2025-01-08,77.0,male,throat ache,Ear Nose Throat,Low,37.9C,81.0,129-91,96.0,47,pt reports throat ache
V01966,P1501,2025-06-28,1.0,Female,N/V,General Medicine,Low,37.3C,67.0,155-76,98.0,99,pt reports N/V since last nite
V01967,P1502,2025-07-06,66.0,male,tiredness,General Medicine,Medium,39.7C,78.0,119 over 60,100.0,48,pt reports weakness since 3 days
V01968,P1503,2025-07-06,57.0,Male,abdo pain,general medicine,Medium,98.4F,100.0,126 over 66,98.0,33,stomach ache since last night
V01969,P1504,2025-02-03,18.0,male,lightheaded,neuro dept,Medium,101.8F,83.0,114/87,99.0,41,pt feels dizzy since mornng
V01970,P1505,2025-10-23,30.0,M,hedache,general medicine,Low,40.4C,78.0,108-90,,61,migraine like symptoms
V01971,P1506,2025-09-17,32.0,F,bak pain,Emergency Dept,Low,98.2F,68.0,131 over 87,,105,back pain while sitting
V01972,P1507,2025-01-21,,female,chestpain,Cardio,Critical,101.5F,,118 over 97,84.0,3,pain in chest while walking
V01973,P1508,2025-02-23,1.0,male,fever,General Medicine,Medium,97.9F,91.0,151 over 80,96.0,48,body ache with fever
V01974,P1508,2025-10-13,1.0,male,stomach pain,Gen Med,Medium,98.6F,96.0,131/96,98.0,47,stomach ache since last night
V01975,P1509,2025-05-24,47.0,M,abdo pain,general medicine,Medium,99.0F,81.0,131/76,98.0,58,pt reports abd pain
V01976,P1510,2025-09-26,17.0,Female,dizziness,Neurology,Low,38.2C,70.0,126-68,95.0,80,vertigo like symptoms
V01977,P1511,2025-07-30,56.0,M,lower back pain,A&E,Medium,99.1F,81.0,130-75,98.0,24,lower bak pain since 2 days
V01978,P1512,2025-08-16,16.0,male,fatigue,CARDIO,Low,104.7F,71.0,141 over 93,95.0,102,fatigue and lethargy
V01979,P1513,2025-11-23,33.0,Male,weakness,Cardiology,Medium,39.3C,77.0,153/71,96.0,24,extreme tiredness
V01980,P1514,2025-07-02,60.0,female,vertigo,Neuro,Medium,98.6F,97.0,160-93,96.0,30,pt feels dizzy since mornng
V01981,P1514,2025-01-11,,,HA,General Medicine,Medium,38.7C,87.0,140 over 83,97.0,31,migraine like symptoms
V01982,P1515,2025-07-26,90.0,female,Head Ache,general medicine,Low,97.3F,77.0,104 over 76,98.0,56,severe headache since morning
V01983,P1516,2025-10-01,18.0,M,N/V,Gen Med,Medium,37.3C,87.0,145/82,95.0,55,pt reports N/V since last nite
V01984,P1517,2025-12-21,78.0,M,throat pain,general medicine,Low,97.2F,78.0,119-66,95.0,77,pt reports throat ache
V01985,P1518,2025-02-09,23.0,F,abdominal pain,GI,Medium,38.0C,87.0,144/89,98.0,40,stomach ache since last night
V01986,P1519,2025-06-25,69.0,,lumbar pain,Emergency,Medium,102.6F,94.0,142 over 94,98.0,40,pt reports lumbar pain
V01987,P1520,2025-07-30,5.0,Male,N/V,general medicine,Medium,104.4F,93.0,121/81,95.0,50,nausea with vomiting
V01988,P1521,2025-12-28,82.0,F,chst pain,ER,High,37.2C,108.0,142/71,91.0,25,chest pain since 2 hrs
V01989,P1521,2025-03-08,82.0,F,dizzy,General Medicine,Low,40.0C,68.0,124 over 83,99.0,87,pt feels dizzy since mornng
V01990,P1522,2025-04-16,36.0,F,throat pain,ENT,Low,37.1C,68.0,113/99,99.0,41,sore throut since yesterday
V01991,P1522,2025-06-27,36.0,F,abdominal pain,Gastro,Medium,36.0C,89.0,116 over 88,98.0,30,stomach ache since last night
V01992,P1523,2025-03-27,,female,chestpain,A&E,High,100.8F,118.0,103/63,92.0,24,chest pain since 2 hrs
V01993,P1523,2025-01-05,47.0,female,abd pain,Gastroenterology,Medium,98.1F,95.0,115/62,95.0,59,pain in lower abdomen
V01994,P1524,2025-02-07,83.0,M,dizziness,neuro dept,Low,37.6C,74.0,137/94,95.0,106,vertigo like symptoms
V01995,P1525,2025-08-13,59.0,female,SOB,,Critical,98.8F,146.0,155 over 85,91.0,8,difficulty breathing since last night
V01996,P1526,2025-02-26,43.0,F,CHEST PAIN,Cardiology,Critical,100.0F,132.0,133 over 84,87.0,14,pt has chst pain frm morning
V01997,P1527,2025-08-22,,,Cough,Pulmonology,Medium,36.7C,75.0,150/86,99.0,34,cough with mild fever
V01998,P1528,2025-08-10,87.0,F,fatigue,cardiology,Low,38.3C,82.0,160-65,95.0,45,pt reports weakness since 3 days
V01999,P1529,2025-09-23,64.0,F,coughing,general medicine,Medium,39.0C,92.0,131 over 67,97.0,27,cough with mild fever
V02000,P1530,2025-08-04,8.0,M,shortness of breath,Pulmo,Critical,39.3C,118.0,102-65,90.0,3,breathlessness since morning
V02001,P1531,2025-04-27,,female,,Pulmonology,Medium,104.2F,97.0,131/96,98.0,50,persistent coughing
V02002,P1531,2025-08-15,79.0,female,stomach pain,Gastroenterology,Medium,36.8C,92.0,149-90,97.0,29,stomach ache since last night
V02003,P1532,2025-10-08,13.0,,breathlessness,Pulmo,High,103.1F,116.0,145 over 95,,28,breathlessness since morning
V02004,P1533,2025-02-27,43.0,,head-ache,Neurology,Low,37.6C,66.0,125-71,100.0,60,hedache for 3 days
V02005,P1534,2025-05-19,86.0,F,weakness,Cardio,Medium,98.8F,97.0,102-86,96.0,45,extreme tiredness
V02006,P1535,2025-04-21,,female,dizziness,Neurology,Medium,38.1C,77.0,158/65,96.0,54,pt feels dizzy since mornng
V02007,P1536,2025-03-20,60.0,female,fever,Emergency Dept,Medium,40.4C,84.0,111 over 66,95.0,20,high fevr since yesterday
V02008,P1537,2025-11-29,59.0,male,Dizziness,Gen Med,Low,99.1F,77.0,100-99,100.0,120,pt feels dizzy since mornng
V02009,P1538,2025-12-29,3.0,Male,lumbar pain,general medicine,Low,100.2F,76.0,127-70,98.0,94,back pain while sitting
V02010,P1538,2025-11-04,3.0,Male,throat pain,ent dept,Low,104.2F,77.0,150/82,98.0,60,sore throut since yesterday
V02011,P1538,2025-07-02,3.0,Male,short of breath,A&E,High,39.6C,117.0,129 over 74,96.0,13,breathlessness since morning
V02012,P1539,2025-06-01,17.0,male,lumbar pain,Emergency,Medium,40.5C,75.0,118-92,96.0,52,pt reports lumbar pain
V02013,P1540,2025-12-04,63.0,female,,Emergency Dept,Medium,102.4F,89.0,118/61,99.0,22,body ache with fever
V02014,P1541,2025-03-27,9.0,Female,chest pain,cardiology,Critical,37.2C,117.0,145-88,88.0,4,pain in chest while walking
V02015,P1542,2025-10-20,13.0,Female,breathlessness,ER,Critical,38.7C,112.0,124 over 71,89.0,4,difficulty breathing since last night
V02016,P1543,2025-01-11,76.0,M,lumbar pain,Gen Med,Medium,36.9C,87.0,139/96,97.0,28,back pain while sitting
V02017,P1544,2025-04-07,58.0,Female,dizzy,General Medicine,Medium,100.9F,86.0,153-78,100.0,49,pt feels dizzy since mornng
V02018,P1545,2025-01-21,27.0,female,sore throut,Gen Med,Low,39.7C,64.0,117-85,99.0,120,sore throut since yesterday
V02019,P1546,2025-02-23,23.0,Male,fatigue,cardiology,Medium,38.4C,81.0,114-76,95.0,29,fatigue and lethargy
V02020,P1546,2025-08-12,23.0,Male,cough,Pulmonology,Low,38.2C,80.0,144-80,95.0,89,cough with mild fever
V02021,P1547,2025-02-03,55.0,Male,throat pain,Ear Nose Throat,Low,,74.0,104/68,96.0,41,sore throut since yesterday
V02022,P1548,2025-11-20,6.0,M,throat ache,ent dept,Low,104.4F,83.0,159 over 98,100.0,73,throat pain while swallowing
V02023,P1549,2025-09-04,38.0,male,difficulty breathing,pulmonology,Critical,103.8F,128.0,146-91,85.0,15,breathlessness since morning
V02024,P1550,2025-08-21,85.0,M,fatigue,general medicine,Low,97.7F,74.0,157 over 80,95.0,101,pt reports weakness since 3 days
V02025,P1551,2025-12-22,37.0,F,Nausea,general medicine,Medium,101.5F,75.0,131-78,99.0,23,pt reports N/V since last nite
V02026,P1551,2025-03-16,37.0,F,throat ache,Gen Med,Low,38.3C,73.0,125 over 82,96.0,64,pt reports throat ache
V02027,P1552,2025-01-16,51.0,F,throat pain,ENT,Low,37.9C,74.0,127/64,99.0,117,sore throut since yesterday
V02028,P1553,2025-12-26,51.0,Female,dizziness,Gen Med,Medium,38.3C,80.0,150/72,96.0,58,vertigo like symptoms
V02029,P1554,2025-12-01,22.0,female,Chest Pain,A&E,High,37.5C,119.0,144-82,,14,pt has chst pain frm morning
V02030,P1555,2025-03-25,80.0,M,chestpain,cardiology,Critical,104.2F,142.0,152/83,91.0,12,chest pain since 2 hrs
V02031,P1556,2025-03-22,14.0,,dizzy,Neuro,Medium,38.1C,90.0,111/91,95.0,59,pt feels dizzy since mornng
V02032,P1557,2025-11-12,83.0,,dizziness,Gen Med,Low,96.8F,73.0,150-64,98.0,72,pt feels dizzy since mornng
V02033,P1558,2025-07-06,70.0,Female,tiredness,general medicine,Medium,102.2F,97.0,138-71,100.0,23,pt reports weakness since 3 days
V02034,P1558,2025-03-30,70.0,Female,nausea,general medicine,Low,36.9C,74.0,121/80,95.0,92,pt reports N/V since last nite
V02035,P1559,2025-04-15,68.0,Female,chest pain,CARDIO,Critical,36.5C,147.0,145 over 86,88.0,2,pt has chst pain frm morning
V02036,P1560,2025-09-08,69.0,M,dizzy,neuro dept,Low,36.9C,79.0,155/60,96.0,99,pt feels dizzy since mornng
V02037,P1561,2025-10-18,87.0,,difficulty breathing,,High,40.1C,106.0,111-72,91.0,16,breathlessness since morning
V02038,P1562,2025-06-15,76.0,M,abd pain,GI,Medium,40.2C,75.0,126 over 64,95.0,34,stomach ache since last night
V02039,P1562,2025-07-20,76.0,M,feeling sick,Gastroenterology,Low,97.9F,70.0,141-80,95.0,91,feeling sick after meals
V02040,P1563,2025-01-19,29.0,Female,nausea/vomiting,GI,Medium,100.2F,75.0,119 over 62,95.0,41,nausea with vomiting
V02041,P1564,2025-04-14,90.0,M,back pain,,Medium,36.1C,75.0,131/87,96.0,27,lower bak pain since 2 days
V02042,P1564,2025-11-06,90.0,M,fatigue,Gen Med,Low,38.8C,69.0,117-65,95.0,107,fatigue and lethargy
V02043,P1565,2025-05-14,,male,short of breath,pulmonology,Critical,38.3C,136.0,115 over 81,84.0,0,difficulty breathing since last night
V02044,P1565,2025-08-24,89.0,male,throat ache,Gen Med,Low,98.1F,66.0,142-71,100.0,95,throat pain while swallowing
V02045,P1566,2025-09-25,79.0,female,high fever,Emergency Dept,Low,101.5F,74.0,117-66,96.0,119,body ache with fever
V02046,P1566,2025-06-19,79.0,female,lower back pain,general medicine,Medium,37.2C,88.0,112/97,97.0,41,pt reports lumbar pain
V02047,P1567,2025-08-30,64.0,Male,Fatigue,General Medicine,Low,39.8C,77.0,155-62,95.0,66,fatigue and lethargy
V02048,P1568,2025-07-08,36.0,M,Back Pain,General Medicine,Medium,38.3C,81.0,135 over 89,96.0,25,pt reports lumbar pain
V02049,P1569,2025-08-25,3.0,Male,nausea,General Medicine,Low,39.5C,77.0,151-90,99.0,91,feeling sick after meals
V02050,P1570,2025-12-21,50.0,Female,hedache,General Medicine,Low,38.3C,,112 over 76,99.0,62,severe headache since morning
V02051,P1571,2025-01-14,67.0,male,head-ache,General Medicine,Medium,37.6C,92.0,129-94,100.0,54,severe headache since morning
V02052,P1572,2025-06-14,31.0,Male,lightheaded,general medicine,Low,40.2C,71.0,151/91,100.0,110,pt feels dizzy since mornng
V02053,P1573,2025-01-26,89.0,F,lethargy,Cardiology,Medium,37.5C,77.0,157-65,98.0,45,pt reports weakness since 3 days
V02054,P1573,2025-01-09,89.0,F,difficulty breathing,Emergency,High,104.7F,115.0,158-66,93.0,10,breathlessness since morning
V02055,P1574,2025-02-15,48.0,Female,Fever,ER,Medium,36.3C,82.0,122 over 62,98.0,48,high fevr since yesterday
V02056,P1574,2025-03-13,48.0,Female,Dizziness,General Medicine,Low,36.0C,64.0,136/87,,40,pt feels dizzy since mornng
V02057,P1575,2025-06-24,2.0,M,Sore Throat,Gen Med,Low,102.7F,73.0,119 over 64,95.0,63,sore throut since yesterday
V02058,P1575,2025-10-25,2.0,M,dry cough,pulmonology,Medium,36.2C,84.0,153/64,96.0,23,cough with mild fever
V02059,P1576,2025-04-14,15.0,F,abd pain,general medicine,Medium,38.1C,92.0,124 over 90,98.0,33,pain in lower abdomen
V02060,P1577,2025-08-25,72.0,M,sore throat,Gen Med,Low,36.8C,80.0,154 over 89,95.0,111,pt reports throat ache
V02061,P1578,2025-05-08,87.0,F,coughing,pulmonology,Medium,100.9F,97.0,136 over 82,95.0,51,cough with mild fever
V02062,P1579,2025-06-25,50.0,M,headache,neuro dept,Low,100.0F,81.0,127-83,95.0,61,migraine like symptoms
V02063,P1580,2025-08-30,41.0,Female,difficulty breathing,Emergency Dept,High,36.2C,111.0,147-77,95.0,11,sob while walking
V02064,P1581,2025-12-12,33.0,Male,nausea/vomiting,GI,Medium,36.4C,100.0,102-63,96.0,21,pt reports N/V since last nite
V02065,P1582,2025-03-23,58.0,Female,stomach pain,Gastro,Medium,97.0F,92.0,109-65,98.0,42,pt reports abd pain
V02066,P1583,2025-03-06,38.0,F,nausea/vomiting,general medicine,Low,39.4C,84.0,150 over 65,97.0,67,pt reports N/V since last nite
V02067,P1583,2025-07-14,,F,coughing,General Medicine,Low,38.2C,79.0,157/79,95.0,84,dry cough for 1 week
V02068,P1583,2025-01-22,38.0,F,fevr,general medicine,Medium,104.4F,78.0,118 over 72,100.0,43,body ache with fever
V02069,P1584,2025-01-03,,F,nausea,GI,Medium,37.1C,78.0,124-100,100.0,42,feeling sick after meals
V02070,P1584,2025-07-14,55.0,,weakness,Gen Med,Low,100.6F,78.0,138/75,98.0,83,pt reports weakness since 3 days
V02071,P1584,2025-05-07,55.0,F,N/V,Gastroenterology,Medium,99.3F,77.0,144/66,95.0,28,nausea with vomiting
V02072,P1585,2025-11-03,,F,shortness of breath,pulmonology,High,97.0F,100.0,124-76,91.0,20,sob while walking
V02073,P1586,2025-10-14,89.0,F,high temp,General Medicine,Medium,97.0F,87.0,109-95,95.0,27,body ache with fever
V02074,P1587,2025-04-21,36.0,M,abdo pain,General Medicine,Medium,,90.0,154 over 62,96.0,30,stomach ache since last night
V02075,P1587,2025-01-09,36.0,M,stomach pain,Gen Med,Medium,100.9F,84.0,120-83,98.0,23,stomach ache since last night
V02076,P1588,2025-01-17,55.0,F,Fatigue,Cardio,Low,39.2C,84.0,145/97,95.0,42,pt reports weakness since 3 days
V02077,P1588,2025-07-04,55.0,F,abd pain,Gastroenterology,Medium,40.5C,81.0,113/70,98.0,42,pain in lower abdomen
V02078,P1589,2025-07-27,36.0,female,throat ache,general medicine,Low,101.5F,69.0,131/75,98.0,78,pt reports throat ache
V02079,P1590,2025-09-08,,female,vertigo,Neurology,Medium,97.0F,92.0,108 over 84,99.0,29,lightheaded on standing
V02080,P1591,2025-02-27,59.0,F,abd pain,Gen Med,Medium,38.7C,88.0,149 over 68,96.0,36,pain in lower abdomen
V02081,P1592,2025-11-09,52.0,male,nausea,Gastro,Low,36.7C,77.0,121-64,98.0,94,nausea with vomiting
V02082,P1593,2025-09-14,,Male,Sore Throat,Gen Med,Low,36.5C,79.0,136-91,100.0,84,throat pain while swallowing
V02083,P1593,2025-09-21,8.0,Male,headache,general medicine,Medium,37.8C,93.0,149 over 100,99.0,58,severe headache since morning
V02084,P1594,2025-09-29,41.0,F,SOB,ER,High,39.6C,110.0,127/80,95.0,22,sob while walking
V02085,P1595,2025-10-25,76.0,male,lightheaded,neuro dept,Medium,101.8F,89.0,128 over 77,100.0,26,lightheaded on standing
V02086,P1596,2025-08-28,,M,fever,General Medicine,Medium,40.1C,99.0,136 over 61,95.0,22,pt reports fever and chills
V02087,P1597,2025-11-22,12.0,M,throat ache,Ear Nose Throat,Low,39.8C,65.0,110-94,100.0,78,sore throut since yesterday
V02088,P1598,2025-04-08,,female,chest pain,Emergency Dept,Critical,100.8F,125.0,121-72,88.0,11,chest pain since 2 hrs
V02089,P1599,2025-01-26,60.0,Female,SOB,Pulmonology,Critical,100.0F,129.0,119/71,87.0,12,difficulty breathing since last night
V02090,P1600,2025-06-29,29.0,Female,bak pain,general medicine,Medium,39.0C,83.0,112 over 77,95.0,24,pt reports lumbar pain
V02091,P1601,2025-09-23,7.0,Male,Nausea,Gen Med,Medium,,82.0,142-78,,22,pt reports N/V since last nite
V02092,P1602,2025-04-09,88.0,female,tiredness,Gen Med,Low,37.3C,69.0,118/69,100.0,92,fatigue and lethargy
V02093,P1603,2025-01-03,65.0,M,lumbar pain,A&E,Low,39.2C,74.0,145-85,95.0,84,pt reports lumbar pain
V02094,P1604,2025-11-12,72.0,male,Nausea,GI,Low,37.2C,78.0,128/74,95.0,56,nausea with vomiting
V02095,P1605,2025-01-30,83.0,F,shortness of breath,Emergency Dept,Critical,39.5C,126.0,143/72,87.0,9,difficulty breathing since last night
V02096,P1605,2025-03-20,83.0,F,HA,General Medicine,Low,39.7C,84.0,138/87,99.0,54,severe headache since morning
V02097,P1606,2025-01-21,78.0,female,N/V,Gastroenterology,Medium,37.0C,80.0,104-82,95.0,44,pt reports N/V since last nite
V02098,P1606,2025-07-10,78.0,female,lethargy,Cardio,Medium,99.1F,77.0,102 over 86,95.0,25,extreme tiredness
V02099,P1607,2025-04-03,55.0,M,CHEST PAIN,ER,Critical,98.6F,129.0,150-84,85.0,11,chest pain since 2 hrs
V02100,P1607,2025-07-23,,M,CHEST PAIN,cardiology,Critical,39.6C,124.0,102-66,84.0,5,chest pain since 2 hrs
V02101,P1607,2025-10-14,55.0,M,Fever,A&E,Low,40.4C,64.0,120/81,95.0,46,high fevr since yesterday
V02102,P1608,2025-10-25,42.0,,fevr,ER,Medium,39.9C,91.0,119/61,96.0,57,body ache with fever
V02103,P1609,2025-11-09,15.0,M,bak pain,Gen Med,Medium,38.1C,82.0,126/83,100.0,46,lower bak pain since 2 days
V02104,P1609,2025-11-13,,M,SOB,A&E,Critical,37.5C,122.0,124/71,90.0,15,sob while walking
V02105,P1609,2025-04-18,15.0,M,HA,General Medicine,Medium,38.8C,87.0,129 over 85,99.0,30,severe headache since morning
V02106,P1610,2025-02-03,3.0,M,Sore Throat,,Low,97.0F,68.0,124/76,97.0,59,sore throut since yesterday
V02107,P1611,2025-08-16,58.0,male,throat ache,ENT,Low,100.6F,64.0,118/100,97.0,63,sore throut since yesterday
V02108,P1612,2025-07-10,77.0,,persistent cough,Gen Med,Low,104.5F,64.0,104 over 77,97.0,115,cough with mild fever
V02109,P1613,2025-06-27,53.0,M,chestpain,CARDIO,High,37.4C,108.0,150/97,94.0,26,pt has chst pain frm morning
V02110,P1614,2025-04-09,4.0,M,breathlessness,pulmonology,Critical,38.3C,150.0,125/86,87.0,10,breathlessness since morning
V02111,P1615,2025-01-18,88.0,Male,Fatigue,cardiology,Medium,38.6C,94.0,128 over 78,95.0,60,extreme tiredness
V02112,P1615,2025-02-12,88.0,Male,breathlessness,Emergency Dept,Critical,103.1F,146.0,121-97,90.0,10,sob while walking
V02113,P1615,2025-09-03,88.0,Male,Sore Throat,Gen Med,Low,40.4C,69.0,101/98,97.0,43,sore throut since yesterday
V02114,P1616,2025-01-28,52.0,female,Fatigue,General Medicine,Medium,37.7C,90.0,110/69,100.0,60,extreme tiredness
V02115,P1617,2025-12-29,42.0,M,stomach pain,Gen Med,Medium,36.4C,77.0,107-90,97.0,58,pt reports abd pain
V02116,P1618,2025-11-26,64.0,female,HA,Neuro,Low,98.4F,,144 over 97,95.0,82,migraine like symptoms
V02117,P1618,2025-10-18,64.0,female,Fatigue,Gen Med,Medium,97.5F,87.0,128 over 65,100.0,34,fatigue and lethargy
V02118,P1619,2025-07-03,85.0,Female,Fever,Gen Med,Low,36.6C,70.0,127/79,97.0,118,high fevr since yesterday
V02119,P1619,2025-12-07,85.0,Female,dizziness,Gen Med,Low,38.6C,70.0,158-95,95.0,90,pt feels dizzy since mornng
V02120,P1620,2025-02-09,47.0,Female,throat ache,ent dept,Low,37.6C,60.0,154/82,99.0,60,throat pain while swallowing
V02121,P1620,2025-12-23,47.0,Female,dizzy,general medicine,Medium,37.4C,77.0,114 over 93,95.0,42,pt feels dizzy since mornng
V02122,P1621,2025-01-20,41.0,Male,chest pain,Emergency Dept,High,39.6C,98.0,112/74,91.0,29,chest pain since 2 hrs
V02123,P1622,2025-10-30,87.0,,abd pain,Gastroenterology,Medium,39.5C,91.0,112/85,99.0,600,pt reports abd pain
V02124,P1623,2025-06-08,8.0,F,high temp,general medicine,Medium,37.6C,90.0,151-66,96.0,30,pt reports fever and chills
V02125,P1623,2025-04-07,8.0,F,persistent cough,Pulmo,Low,98.2F,,126/69,99.0,44,persistent coughing
V02126,P1624,2025-10-16,39.0,Male,Cough,general medicine,Medium,38.6C,79.0,157-69,96.0,48,persistent coughing
V02127,P1625,2025-02-22,,M,cough,pulmonology,Low,39.4C,68.0,100 over 76,100.0,101,persistent coughing
V02128,P1626,2025-01-25,61.0,F,difficulty breathing,Pulmo,High,100.0F,107.0,148 over 70,92.0,28,sob while walking
V02129,P1627,2025-05-25,55.0,Male,fever,General Medicine,Low,36.6C,82.0,125/76,100.0,63,high fevr since yesterday
V02130,P1628,2025-11-26,60.0,F,persistent cough,Pulmonology,Low,38.0C,64.0,105/69,99.0,90,dry cough for 1 week
V02131,P1629,2025-06-06,32.0,Male,throat pain,ENT,Low,37.0C,65.0,103/95,96.0,45,throat pain while swallowing
V02132,P1630,2025-02-27,51.0,female,chest pain,cardiology,Critical,99.5F,,103/75,82.0,12,pain in chest while walking
V02133,P1631,2025-05-29,62.0,Female,dizziness,General Medicine,Low,40.3C,63.0,151-95,100.0,58,pt feels dizzy since mornng
V02134,P1632,2025-07-12,13.0,M,sore throat,General Medicine,Low,103.6F,60.0,103-75,97.0,84,pt reports throat ache
V02135,P1633,2025-03-22,59.0,Male,short of breath,Emergency,Critical,100.4F,136.0,108 over 100,85.0,7,breathlessness since morning
V02136,P1634,2025-02-10,,M,breathlessness,pulmonology,Critical,102.7F,134.0,117-90,88.0,6,sob while walking
V02137,P1634,2025-12-23,37.0,M,SOB,Emergency Dept,High,39.4C,113.0,141 over 63,95.0,29,breathlessness since morning
V02138,P1635,2025-12-15,,female,nausea/vomiting,Gen Med,Low,104.4F,78.0,115-68,100.0,111,feeling sick after meals
V02139,P1636,2025-05-11,65.0,male,CHEST PAIN,A&E,Critical,39.4C,125.0,134-97,91.0,12,pt has chst pain frm morning
V02140,P1637,2025-05-26,,F,N/V,Gen Med,Low,100.8F,65.0,118-69,100.0,78,nausea with vomiting
V02141,P1638,2025-01-27,84.0,male,feeling sick,gastro dept,Medium,37.9C,96.0,102-92,100.0,60,feeling sick after meals
V02142,P1639,2025-07-01,7.0,male,,Gastro,Medium,40.3C,91.0,115-99,100.0,45,stomach ache since last night
V02143,P1640,2025-09-22,35.0,M,Nausea,Gastroenterology,Medium,40.2C,83.0,134 over 73,97.0,43,nausea with vomiting
V02144,P1641,2025-07-25,24.0,M,lower back pain,General Medicine,Medium,36.2C,95.0,154 over 75,100.0,41,pt reports lumbar pain
V02145,P1642,2025-03-06,73.0,F,feeling sick,gastro dept,Medium,101.5F,77.0,141 over 67,98.0,40,feeling sick after meals
V02146,P1643,2025-07-16,15.0,Male,abdominal pain,Gen Med,Medium,38.3C,94.0,117/62,97.0,40,pt reports abd pain
V02147,P1643,2025-07-10,15.0,Male,persistent cough,general medicine,Medium,40.2C,100.0,120 over 61,100.0,47,persistent coughing
V02148,P1644,2025-12-26,25.0,F,cough,General Medicine,Medium,,92.0,131-65,100.0,20,persistent coughing
V02149,P1645,2025-12-15,81.0,male,shortness of breath,,High,38.3C,96.0,121/95,91.0,11,breathlessness since morning
V02150,P1646,2025-01-14,48.0,,,gastro dept,Medium,37.3C,92.0,139 over 72,97.0,60,pt reports N/V since last nite
V02151,P1647,2025-03-07,72.0,Male,Cough,General Medicine,Low,97.7F,84.0,121 over 100,,66,dry cough for 1 week
V02152,P1648,2025-10-14,88.0,Male,lumbar pain,A&E,Medium,38.9C,100.0,152/61,95.0,28,pt reports lumbar pain
V02153,P1648,2025-07-25,88.0,Male,fever,Gen Med,Medium,39.1C,86.0,137/80,,59,high fevr since yesterday
V02154,P1649,2025-07-23,34.0,M,Cough,pulmonology,Low,97.9F,63.0,154 over 69,97.0,118,persistent coughing
V02155,P1650,2025-11-27,89.0,Male,lumbar pain,ER,Low,39.7C,79.0,116/93,97.0,98,pt reports lumbar pain
V02156,P1650,2025-12-17,89.0,Male,hedache,Neurology,Medium,102.7F,96.0,157-72,95.0,55,migraine like symptoms
V02157,P1651,2025-08-16,,F,sore throat,Ear Nose Throat,Low,39.2C,62.0,138 over 92,96.0,96,pt reports throat ache
V02158,P1652,2025-01-29,90.0,F,sore throut,Ear Nose Throat,Low,39.9C,65.0,149-72,97.0,112,pt reports throat ache
V02159,P1653,2025-09-23,86.0,Female,hedache,Neurology,Low,39.7C,60.0,149/66,99.0,76,severe headache since morning
V02160,P1654,2025-04-29,32.0,male,N/V,gastro dept,Medium,97.5F,79.0,109 over 85,99.0,52,feeling sick after meals
V02161,P1655,2025-03-05,26.0,M,fever,general medicine,Low,38.4C,65.0,122-86,97.0,115,body ache with fever
V02162,P1655,2025-01-14,26.0,M,Fatigue,General Medicine,Low,37.2C,68.0,135/66,97.0,100,fatigue and lethargy
V02163,P1656,2025-06-05,33.0,male,N/V,general medicine,Medium,37.6C,98.0,125-72,96.0,47,pt reports N/V since last nite
V02164,P1657,2025-09-27,18.0,male,Nausea,,Medium,100.2F,82.0,144 over 77,100.0,29,pt reports N/V since last nite
V02165,P1657,2025-11-27,18.0,male,Dizziness,Neurology,Medium,97.3F,100.0,150/86,96.0,48,lightheaded on standing
V02166,P1658,2025-03-30,13.0,male,,Gen Med,Low,99.3F,66.0,139/75,99.0,63,pt reports throat ache
V02167,P1659,2025-09-21,64.0,male,Sore Throat,General Medicine,Low,40.4C,74.0,136 over 68,97.0,62,throat pain while swallowing
V02168,P1660,2025-02-20,29.0,Male,weakness,CARDIO,Medium,99.0F,77.0,118 over 90,99.0,30,extreme tiredness
V02169,P1661,2025-02-28,,M,dizziness,general medicine,Medium,38.4C,85.0,101-88,100.0,23,pt feels dizzy since mornng
V02170,P1662,2025-09-08,33.0,Male,abd pain,Gastroenterology,Medium,100.0F,100.0,134-72,99.0,47,pain in lower abdomen
V02171,P1662,2025-06-05,33.0,Male,head-ache,General Medicine,Medium,37.5C,90.0,129 over 61,100.0,57,migraine like symptoms
V02172,P1663,2025-01-31,86.0,female,fever,Gen Med,Low,38.8C,71.0,106-65,98.0,57,pt reports fever and chills
V02173,P1664,2025-03-15,75.0,Female,difficulty breathing,ER,High,99.1F,96.0,114-69,96.0,11,breathlessness since morning
V02174,P1665,2025-06-30,63.0,M,fever,Emergency,Low,37.1C,60.0,122 over 83,96.0,108,pt reports fever and chills
V02175,P1666,2025-01-02,14.0,Male,N/V,Gastro,Low,40.1C,80.0,123/71,98.0,88,feeling sick after meals
V02176,P1666,2025-09-12,14.0,Male,chst pain,CARDIO,High,40.5C,98.0,111-100,90.0,11,pain in chest while walking
V02177,P1667,2025-07-12,75.0,Female,breathlessness,ER,Critical,36.1C,117.0,158/73,87.0,1,sob while walking
V02178,P1668,2025-11-22,,,Cough,Pulmo,Medium,103.6F,77.0,158 over 70,100.0,52,cough with mild fever
V02179,P1668,2025-10-03,38.0,Male,abdominal pain,Gen Med,Medium,100.4F,93.0,129/97,98.0,53,pain in lower abdomen
V02180,P1669,2025-05-19,7.0,F,lower back pain,General Medicine,Low,100.4F,72.0,120-60,99.0,87,lower bak pain since 2 days
V02181,P1670,2025-01-14,34.0,Male,abdo pain,general medicine,Medium,38.8C,89.0,134/76,99.0,31,pain in lower abdomen
V02182,P1671,2025-07-27,60.0,F,nausea,,Low,97.3F,64.0,149/82,95.0,54,pt reports N/V since last nite
V02183,P1672,2025-02-26,44.0,F,high fever,Gen Med,Medium,40.1C,89.0,113-66,100.0,40,body ache with fever
V02184,P1673,2025-12-20,73.0,male,back pain,A&E,Medium,36.3C,79.0,103 over 91,96.0,56,back pain while sitting
V02185,P1674,2025-02-07,28.0,,persistent cough,Pulmo,Low,39.8C,77.0,147/67,96.0,100,dry cough for 1 week
V02186,P1675,2025-09-21,67.0,Female,N/V,General Medicine,Medium,36.8C,97.0,156 over 81,96.0,41,nausea with vomiting
V02187,P1676,2025-10-24,45.0,M,bak pain,Emergency,Medium,38.2C,92.0,121/76,100.0,35,pt reports lumbar pain
V02188,P1677,2025-03-26,32.0,female,high fever,general medicine,Medium,37.6C,81.0,156-79,100.0,49,high fevr since yesterday
V02189,P1678,2025-10-26,28.0,,stomach pain,Gastroenterology,Medium,38.0C,96.0,114-92,100.0,32,stomach ache since last night
V02190,P1678,2025-12-19,28.0,Male,HA,neuro dept,Low,37.9C,66.0,157 over 67,100.0,59,severe headache since morning
V02191,P1679,2025-08-15,54.0,female,Sore Throat,ENT,Low,39.0C,82.0,154 over 80,98.0,50,throat pain while swallowing
V02192,P1679,2025-10-20,54.0,female,SOB,ER,High,39.9C,113.0,144 over 65,92.0,13,sob while walking
V02193,P1680,2025-02-23,49.0,F,fevr,A&E,Medium,37.0C,88.0,157 over 94,99.0,55,pt reports fever and chills
V02194,P1681,2025-05-21,12.0,M,fevr,A&E,Medium,39.9C,80.0,107/73,100.0,51,high fevr since yesterday
V02195,P1681,2025-02-12,12.0,M,dizzy,Neuro,Low,38.1C,71.0,123-73,100.0,51,pt feels dizzy since mornng
V02196,P1682,2025-03-14,32.0,,Nausea,General Medicine,Low,37.8C,60.0,105-77,99.0,97,feeling sick after meals
V02197,P1682,2025-01-18,32.0,Female,hedache,,Low,104.0F,70.0,119 over 87,95.0,83,migraine like symptoms
V02198,P1683,2025-08-17,33.0,Female,chest pain,Emergency,High,97.5F,104.0,114/65,94.0,12,pt has chst pain frm morning
V02199,P1684,2025-09-24,27.0,M,N/V,gastro dept,Low,98.2F,64.0,138/80,96.0,97,feeling sick after meals
V02200,P1685,2025-12-26,76.0,F,abdominal pain,Gen Med,Medium,102.4F,92.0,148-60,97.0,31,pain in lower abdomen
V02201,P1686,2025-03-30,37.0,,fever,A&E,Low,39.3C,85.0,141/70,99.0,113,body ache with fever
V02202,P1686,2025-07-22,37.0,male,headache,general medicine,Medium,37.1C,77.0,105 over 61,,35,hedache for 3 days
V02203,P1687,2025-04-17,24.0,Male,head-ache,general medicine,Medium,37.0C,94.0,129 over 86,95.0,23,migraine like symptoms
V02204,P1688,2025-01-05,58.0,Male,lightheaded,general medicine,Low,40.3C,62.0,154 over 96,98.0,41,pt feels dizzy since mornng
V02205,P1689,2025-05-04,70.0,Male,,GI,Medium,39.3C,90.0,148 over 83,98.0,30,feeling sick after meals
V02206,P1689,2025-04-13,70.0,Male,sore throat,general medicine,Low,39.8C,75.0,107-76,97.0,102,sore throut since yesterday
V02207,P1690,2025-07-06,65.0,F,abd pain,Gastro,Medium,40.0C,96.0,115-76,99.0,27,stomach ache since last night
V02208,P1691,2025-03-26,68.0,,Nausea,gastro dept,Medium,100.9F,82.0,130/91,99.0,57,nausea with vomiting
V02209,P1692,2025-10-20,13.0,Female,dry cough,Pulmo,Medium,99.1F,85.0,145 over 60,99.0,60,persistent coughing
V02210,P1693,2025-10-09,57.0,Male,nausea,General Medicine,Low,39.9C,78.0,124/86,96.0,56,nausea with vomiting
V02211,P1693,2026-01-01,57.0,Male,Fever,general medicine,Medium,38.1C,98.0,109 over 77,96.0,48,body ache with fever
V02212,P1694,2025-04-18,61.0,female,weakness,general medicine,Low,100.2F,66.0,116/96,100.0,56,fatigue and lethargy
V02213,P1695,2025-06-15,27.0,Male,fever,general medicine,Medium,38.7C,99.0,122-98,95.0,51,high fevr since yesterday
V02214,P1696,2025-01-26,42.0,M,abdo pain,Gen Med,Medium,104.7F,82.0,115 over 75,100.0,45,pt reports abd pain
V02215,P1697,2025-07-05,35.0,Male,fever,Emergency,Medium,100.2F,93.0,119 over 74,100.0,33,body ache with fever
V02216,P1697,2025-10-09,35.0,Male,high fever,General Medicine,Low,37.2C,78.0,111 over 71,97.0,102,high fevr since yesterday
V02217,P1698,2025-04-23,64.0,M,throat ache,Gen Med,Low,39.3C,62.0,142-80,96.0,93,pt reports throat ache
V02218,P1699,2025-09-03,78.0,male,chestpain,Emergency,Critical,102.9F,118.0,134/70,84.0,13,chest pain since 2 hrs
V02219,P1700,2025-07-13,75.0,Male,chestpain,Cardio,Critical,104.4F,143.0,148 over 97,86.0,6,pain in chest while walking
V02220,P1701,2025-12-14,74.0,F,persistent cough,General Medicine,Medium,39.6C,84.0,105 over 97,98.0,34,dry cough for 1 week
V02221,P1702,2025-07-18,30.0,Male,lower back pain,Emergency Dept,Medium,37.1C,89.0,154 over 72,100.0,33,pt reports lumbar pain
V02222,P1703,2025-12-03,90.0,M,cough,Pulmonology,Medium,98.6F,94.0,152-81,98.0,43,dry cough for 1 week
V02223,P1704,2025-04-02,2.0,F,Fatigue,Cardiology,Medium,38.3C,75.0,150/65,99.0,41,pt reports weakness since 3 days
V02224,P1704,2025-03-07,2.0,F,tiredness,general medicine,Low,36.4C,62.0,131/81,97.0,69,fatigue and lethargy
V02225,P1705,2025-03-21,51.0,female,vertigo,Neuro,Low,97.2F,84.0,115 over 74,98.0,81,vertigo like symptoms
V02226,P1706,2025-10-30,,Female,CHEST PAIN,cardiology,High,38.8C,95.0,140/98,93.0,14,chest pain since 2 hrs
V02227,P1707,2025-02-14,27.0,F,back pain,,Medium,100.8F,96.0,100 over 77,97.0,20,lower bak pain since 2 days
V02228,P1708,2025-08-08,66.0,Male,CHEST PAIN,A&E,High,36.2C,116.0,115-70,,11,pt has chst pain frm morning
V02229,P1709,2025-09-06,11.0,M,bak pain,A&E,Medium,38.6C,78.0,109/65,100.0,59,back pain while sitting
V02230,P1710,2025-12-18,1.0,male,throat pain,ENT,Low,39.4C,64.0,147/71,98.0,73,pt reports throat ache
V02231,P1711,2025-06-17,41.0,Male,lightheaded,Neurology,Low,102.6F,72.0,151/71,97.0,46,vertigo like symptoms
V02232,P1712,2025-07-07,38.0,M,lethargy,Cardio,Low,102.2F,77.0,134-87,100.0,56,fatigue and lethargy
V02233,P1713,2025-09-26,,Male,,Gen Med,Medium,40.0C,,112-69,96.0,55,pt reports N/V since last nite
V02234,P1713,2025-02-07,53.0,Male,feeling sick,gastro dept,Low,39.7C,72.0,156-66,96.0,51,feeling sick after meals
V02235,P1714,2025-05-02,38.0,male,dizzy,neuro dept,Medium,98.1F,92.0,102/94,96.0,53,vertigo like symptoms
V02236,P1715,2025-02-13,37.0,Male,back pain,ER,Medium,103.3F,81.0,155-68,99.0,55,back pain while sitting
V02237,P1716,2025-06-30,43.0,male,coughing,general medicine,Low,36.3C,65.0,112/65,99.0,600,cough with mild fever
V02238,P1716,2025-08-29,43.0,male,abdominal pain,general medicine,Medium,97.2F,75.0,133/82,98.0,41,pain in lower abdomen
V02239,P1717,2025-04-03,19.0,Male,breathlessness,ER,Critical,100.2F,118.0,144 over 88,83.0,6,difficulty breathing since last night
V02240,P1718,2025-01-19,81.0,M,CHEST PAIN,Emergency,High,98.4F,96.0,120-99,96.0,30,pain in chest while walking
V02241,P1719,2025-06-09,44.0,Male,high fever,A&E,Low,37.9C,64.0,134/91,99.0,72,pt reports fever and chills
V02242,P1720,2025-12-15,41.0,Male,abdo pain,Gastroenterology,Medium,39.6C,87.0,152-94,96.0,54,pain in lower abdomen
V02243,P1721,2025-06-14,,Female,feeling sick,general medicine,Medium,37.1C,98.0,111 over 66,99.0,56,feeling sick after meals
V02244,P1722,2025-01-26,,female,,A&E,High,104.7F,99.0,117 over 77,90.0,22,breathlessness since morning
V02245,P1723,2025-01-22,82.0,M,lethargy,general medicine,Medium,37.4C,96.0,104-81,99.0,21,fatigue and lethargy
V02246,P1724,2025-02-07,,male,Head Ache,general medicine,Medium,101.8F,85.0,127/86,96.0,39,severe headache since morning
V02247,P1725,2025-10-02,38.0,male,chst pain,CARDIO,Critical,,130.0,102/79,85.0,6,chest pain since 2 hrs
V02248,P1726,2025-12-18,,Male,dizziness,Neuro,Low,40.5C,81.0,117-60,97.0,91,lightheaded on standing
V02249,P1727,2025-05-20,13.0,female,chestpain,cardiology,High,37.8C,117.0,138/95,94.0,29,pt has chst pain frm morning
V02250,P1727,2026-01-01,13.0,female,sore throut,Gen Med,Low,38.0C,63.0,100-94,96.0,88,sore throut since yesterday
V02251,P1728,2025-10-25,2.0,M,high fever,,Medium,103.8F,98.0,129/99,98.0,600,pt reports fever and chills
V02252,P1729,2025-11-28,60.0,male,lethargy,cardiology,Low,38.2C,80.0,159/97,100.0,114,extreme tiredness
V02253,P1730,2025-06-08,27.0,Female,,Pulmo,Medium,37.3C,84.0,145/85,95.0,42,persistent coughing
V02254,P1731,2025-03-24,46.0,female,shortness of breath,pulmonology,High,37.4C,116.0,123-89,93.0,27,breathlessness since morning
V02255,P1732,2025-03-26,28.0,M,stomach pain,general medicine,Medium,103.1F,95.0,159/84,96.0,56,pt reports abd pain
V02256,P1733,2025-01-13,37.0,Male,hedache,Neurology,Medium,101.7F,81.0,111/93,98.0,23,severe headache since morning
V02257,P1734,2025-01-15,22.0,M,Dizziness,,Low,99.9F,80.0,134-73,99.0,81,vertigo like symptoms
V02258,P1735,2025-04-25,,F,HA,General Medicine,Medium,99.7F,91.0,157-98,100.0,20,hedache for 3 days
V02259,P1736,2025-04-16,,Female,fatigue,Gen Med,Medium,36.6C,78.0,126 over 75,100.0,41,extreme tiredness
V02260,P1737,2025-01-01,51.0,F,vertigo,Gen Med,Medium,98.2F,90.0,153 over 84,99.0,38,lightheaded on standing
V02261,P1737,2025-11-21,51.0,F,Back Pain,ER,Low,101.8F,77.0,157/95,,87,pt reports lumbar pain
V02262,P1737,2025-08-28,51.0,F,CHEST PAIN,A&E,High,103.3F,106.0,154 over 81,93.0,23,pain in chest while walking
V02263,P1738,2025-09-30,2.0,female,CHEST PAIN,cardiology,High,39.0C,119.0,106 over 87,90.0,18,chest pain since 2 hrs
V02264,P1739,2025-02-10,87.0,female,dizzy,Neurology,Low,,83.0,118 over 71,100.0,97,lightheaded on standing
V02265,P1739,2025-12-26,87.0,female,stomach pain,general medicine,Medium,37.4C,82.0,111/77,98.0,53,stomach ache since last night
V02266,P1740,2025-10-13,9.0,female,Cough,pulmonology,Low,38.2C,75.0,113-86,99.0,65,dry cough for 1 week
V02267,P1741,2025-03-03,6.0,female,CHEST PAIN,CARDIO,Critical,40.3C,138.0,127-95,82.0,5,pt has chst pain frm morning
V02268,P1742,2025-02-23,24.0,Female,throat ache,ent dept,Low,37.8C,79.0,104/68,98.0,89,pt reports throat ache
V02269,P1743,2025-05-16,12.0,Female,shortness of breath,pulmonology,High,37.3C,114.0,107/81,94.0,17,sob while walking
V02270,P1744,2025-03-14,31.0,male,Chest Pain,Emergency,Critical,37.8C,118.0,124-62,89.0,0,chest pain since 2 hrs
V02271,P1745,2025-09-30,71.0,,Chest Pain,cardiology,High,39.7C,110.0,157 over 100,93.0,29,chest pain since 2 hrs
V02272,P1746,2025-02-13,48.0,female,breathlessness,A&E,Critical,36.8C,127.0,142-61,84.0,4,sob while walking
V02273,P1747,2025-10-11,60.0,Male,SOB,Emergency,High,104.5F,95.0,134-91,,22,difficulty breathing since last night
V02274,P1748,2025-01-25,46.0,Female,chestpain,A&E,Critical,36.9C,131.0,131-92,90.0,13,pain in chest while walking
V02275,P1748,2025-04-08,46.0,Female,sore throut,general medicine,Low,36.7C,82.0,124-88,,76,throat pain while swallowing
V02276,P1749,2025-12-23,26.0,Female,difficulty breathing,ER,Critical,,139.0,155-77,87.0,12,breathlessness since morning
V02277,P1750,2025-02-10,19.0,M,chestpain,CARDIO,High,98.4F,104.0,133 over 65,91.0,30,pain in chest while walking
V02278,P1750,2025-01-25,19.0,M,Cough,Gen Med,Medium,39.4C,85.0,122 over 85,100.0,59,dry cough for 1 week
V02279,P1751,2025-11-01,68.0,M,shortness of breath,pulmonology,Critical,37.3C,146.0,135-69,88.0,7,sob while walking
V02280,P1751,2025-04-18,68.0,M,HA,Neurology,Low,39.0C,72.0,112/77,98.0,115,migraine like symptoms
V02281,P1752,2025-02-27,59.0,male,tiredness,Cardiology,Medium,102.7F,76.0,119/61,100.0,53,pt reports weakness since 3 days
V02282,P1753,2025-04-29,70.0,female,feeling sick,,Low,36.6C,78.0,127/70,100.0,89,nausea with vomiting
V02283,P1754,2025-06-17,32.0,,fever,Gen Med,Low,101.8F,80.0,153/99,95.0,62,pt reports fever and chills
V02284,P1755,2025-07-19,11.0,male,Chest Pain,cardiology,Critical,99.0F,148.0,148 over 96,85.0,11,chest pain since 2 hrs
V02285,P1756,2025-04-04,9.0,F,breathlessness,A&E,Critical,104.5F,140.0,158 over 64,84.0,720,sob while walking
V02286,P1756,2025-01-27,9.0,F,throat ache,Gen Med,Low,101.7F,70.0,102/83,,42,sore throut since yesterday
V02287,P1756,2025-06-26,9.0,F,head-ache,neuro dept,Medium,99.5F,97.0,100/92,97.0,36,hedache for 3 days
V02288,P1757,2025-10-12,65.0,F,nausea,General Medicine,Low,36.7C,84.0,125 over 88,96.0,45,feeling sick after meals
V02289,P1757,2025-08-18,65.0,F,dry cough,Pulmonology,Low,37.9C,85.0,135-76,100.0,114,dry cough for 1 week
V02290,P1758,2025-09-07,26.0,M,weakness,General Medicine,Low,36.1C,65.0,105/77,97.0,105,pt reports weakness since 3 days
V02291,P1759,2025-02-28,65.0,F,lumbar pain,A&E,Low,104.4F,81.0,113 over 94,97.0,74,lower bak pain since 2 days
V02292,P1759,2025-06-15,65.0,F,nausea/vomiting,gastro dept,Low,36.2C,84.0,114-99,97.0,46,pt reports N/V since last nite
V02293,P1760,2025-06-06,57.0,male,Chest Pain,Cardio,Critical,39.8C,110.0,106 over 61,83.0,9,pt has chst pain frm morning
V02294,P1760,2025-07-28,57.0,male,abd pain,General Medicine,Medium,38.1C,80.0,120-60,96.0,39,pt reports abd pain
V02295,P1761,2025-03-01,62.0,F,dry cough,Pulmonology,Medium,38.2C,84.0,121 over 77,97.0,32,dry cough for 1 week
V02296,P1762,2025-07-26,83.0,Female,,Gen Med,Medium,102.9F,76.0,125/81,100.0,35,high fevr since yesterday
V02297,P1763,2025-02-17,4.0,M,throat ache,general medicine,Low,36.4C,72.0,146-72,100.0,46,pt reports throat ache
V02298,P1764,2025-10-07,30.0,,Fever,General Medicine,Low,39.8C,67.0,113/77,97.0,71,pt reports fever and chills
V02299,P1765,2025-01-14,1.0,Female,Fever,general medicine,Low,97.9F,69.0,129/88,96.0,88,pt reports fever and chills
V02300,P1765,2025-07-05,1.0,Female,back pain,ER,Low,38.7C,75.0,128 over 95,98.0,58,back pain while sitting
V02301,P1766,2025-05-20,70.0,Female,sore throat,ent dept,Low,38.3C,65.0,147 over 73,97.0,40,pt reports throat ache
V02302,P1767,2025-09-20,84.0,Male,coughing,general medicine,Medium,38.7C,76.0,118 over 86,95.0,52,persistent coughing
V02303,P1768,2025-11-07,23.0,female,Dizziness,General Medicine,Medium,36.3C,96.0,101/80,100.0,31,lightheaded on standing
V02304,P1769,2025-06-18,53.0,F,abdo pain,General Medicine,Medium,39.4C,85.0,140/94,96.0,44,pt reports abd pain
V02305,P1770,2025-04-03,89.0,M,chest pain,ER,Critical,102.0F,113.0,105-73,87.0,12,pt has chst pain frm morning
V02306,P1771,2025-06-17,,Female,,A&E,Low,103.3F,84.0,108-98,99.0,56,back pain while sitting
V02307,P1772,2025-09-02,71.0,,sore throat,general medicine,Low,103.1F,85.0,120-81,95.0,68,throat pain while swallowing
V02308,P1773,2025-06-08,4.0,F,Sore Throat,Gen Med,Low,38.5C,76.0,148 over 79,96.0,103,throat pain while swallowing
V02309,P1774,2025-11-21,22.0,M,head-ache,neuro dept,Low,40.2C,67.0,127/76,95.0,82,severe headache since morning
V02310,P1774,2025-10-04,22.0,M,,Gen Med,Medium,97.5F,80.0,154-96,95.0,28,body ache with fever
V02311,P1775,2025-02-13,,male,difficulty breathing,Pulmo,Critical,39.9C,149.0,114-87,92.0,8,breathlessness since morning
V02312,P1775,2025-02-12,32.0,male,throat ache,General Medicine,Low,103.8F,71.0,159 over 80,98.0,57,sore throut since yesterday
V02313,P1776,2025-04-11,77.0,F,persistent cough,Gen Med,Medium,103.6F,98.0,108/68,95.0,31,cough with mild fever
V02314,P1777,2025-10-12,57.0,F,high fever,ER,Medium,103.3F,90.0,147/64,96.0,720,pt reports fever and chills
V02315,P1778,2025-03-22,77.0,male,shortness of breath,Emergency,High,40.3C,104.0,108-76,93.0,12,sob while walking
V02316,P1778,2025-04-18,77.0,male,Back Pain,,Low,103.5F,77.0,100 over 65,99.0,115,back pain while sitting
V02317,P1779,2025-02-24,68.0,Male,Dizziness,Neurology,Low,99.3F,78.0,142-80,97.0,62,lightheaded on standing
V02318,P1780,2025-07-14,68.0,Female,lower back pain,ER,Medium,38.8C,78.0,126-70,100.0,49,pt reports lumbar pain
V02319,P1781,2025-09-30,4.0,Male,fatigue,Gen Med,Medium,37.7C,80.0,120 over 93,95.0,48,fatigue and lethargy
V02320,P1781,2025-06-03,4.0,Male,shortness of breath,Emergency Dept,High,36.6C,102.0,118-88,95.0,25,breathlessness since morning
V02321,P1782,2025-12-26,28.0,female,lower back pain,General Medicine,Low,37.7C,79.0,131 over 93,95.0,51,lower bak pain since 2 days
V02322,P1783,2025-04-11,3.0,Male,high fever,general medicine,Low,101.5F,81.0,134-97,96.0,500,high fevr since yesterday
V02323,P1784,2025-05-20,14.0,Male,weakness,general medicine,Low,36.9C,74.0,125-70,,116,pt reports weakness since 3 days
V02324,P1785,2025-09-11,32.0,female,persistent cough,Gen Med,Medium,40.5C,96.0,120-72,98.0,41,dry cough for 1 week
V02325,P1786,2025-12-27,2.0,female,lower back pain,General Medicine,Medium,100.0F,95.0,122/92,99.0,40,pt reports lumbar pain
V02326,P1787,2025-11-26,50.0,M,tiredness,cardiology,Low,37.5C,83.0,102-97,96.0,118,fatigue and lethargy
V02327,P1788,2025-03-02,6.0,female,stomach pain,Gastro,Medium,98.6F,83.0,148-69,100.0,57,stomach ache since last night
V02328,P1789,2025-03-31,64.0,male,abd pain,general medicine,Medium,38.9C,77.0,129 over 85,96.0,57,pt reports abd pain
V02329,P1790,2025-06-09,27.0,Male,hedache,general medicine,Medium,98.2F,99.0,146 over 82,98.0,57,severe headache since morning
V02330,P1791,2025-08-07,83.0,female,Dizziness,Neuro,Medium,36.0C,88.0,101/76,96.0,22,pt feels dizzy since mornng
V02331,P1792,2025-04-03,12.0,Female,Back Pain,Emergency Dept,Medium,98.1F,86.0,115 over 100,99.0,58,lower bak pain since 2 days
V02332,P1793,2025-09-22,20.0,,dizziness,neuro dept,Low,40.0C,60.0,149-65,99.0,94,pt feels dizzy since mornng
V02333,P1794,2025-03-30,8.0,Female,dry cough,General Medicine,Low,38.7C,64.0,118/88,95.0,75,dry cough for 1 week
V02334,P1795,2025-03-05,11.0,M,shortness of breath,ER,Critical,97.0F,144.0,116-74,82.0,13,sob while walking
V02335,P1796,2025-11-06,,Female,lethargy,cardiology,Medium,102.4F,93.0,136-82,100.0,21,fatigue and lethargy
V02336,P1797,2025-03-21,43.0,Female,,general medicine,Medium,36.9C,97.0,160-68,96.0,28,pain in lower abdomen
V02337,P1798,2025-02-16,74.0,Male,throat ache,general medicine,Low,37.5C,65.0,143 over 75,95.0,46,pt reports throat ache
V02338,P1798,2025-06-27,74.0,Male,Sore Throat,Ear Nose Throat,Low,104.5F,63.0,138 over 94,96.0,91,sore throut since yesterday
V02339,P1798,2025-12-29,74.0,Male,sore throat,ent dept,Low,39.0C,62.0,107/64,96.0,42,pt reports throat ache
V02340,P1799,2025-09-12,73.0,female,Chest Pain,,Critical,40.2C,121.0,124 over 83,87.0,4,pt has chst pain frm morning
V02341,P1800,2025-12-03,34.0,Female,coughing,General Medicine,Low,100.0F,70.0,132-78,99.0,84,cough with mild fever
V02342,P1800,2025-10-03,34.0,Female,fevr,Gen Med,Low,40.2C,62.0,135-63,100.0,600,high fevr since yesterday
V02343,P1801,2025-02-19,9.0,male,weakness,Cardiology,Medium,36.5C,91.0,132-76,99.0,32,extreme tiredness
V02344,P1802,2025-10-03,43.0,male,tiredness,General Medicine,Low,100.0F,66.0,127/71,96.0,102,extreme tiredness
V02345,P1803,2025-07-25,56.0,male,N/V,gastro dept,Low,36.3C,76.0,106 over 65,99.0,69,nausea with vomiting
V02346,P1804,2025-11-28,40.0,F,Chest Pain,Cardio,Critical,38.8C,127.0,146-91,86.0,14,pain in chest while walking
V02347,P1804,2025-08-15,40.0,F,Chest Pain,CARDIO,High,39.1C,120.0,153/62,92.0,16,pain in chest while walking
V02348,P1805,2025-09-26,52.0,F,high fever,A&E,Medium,40.2C,93.0,107/90,99.0,46,high fevr since yesterday
V02349,P1806,2026-01-01,80.0,Male,fevr,ER,Low,36.8C,79.0,101 over 100,,109,body ache with fever
V02350,P1807,2025-09-08,50.0,Male,chst pain,CARDIO,Critical,37.2C,140.0,135/71,91.0,14,pain in chest while walking
V02351,P1808,2025-02-14,83.0,Male,stomach pain,gastro dept,Medium,,82.0,110 over 89,98.0,41,pt reports abd pain
V02352,P1808,2025-05-27,83.0,Male,tiredness,General Medicine,Medium,104.7F,91.0,121 over 93,98.0,40,pt reports weakness since 3 days
V02353,P1809,2025-06-08,59.0,Male,fevr,A&E,Medium,37.4C,84.0,133 over 72,97.0,32,high fevr since yesterday
V02354,P1810,2025-06-07,,Male,nausea/vomiting,Gastro,Low,101.7F,71.0,110-93,96.0,74,feeling sick after meals
V02355,P1810,2025-09-23,88.0,Male,high fever,,Medium,37.2C,99.0,126 over 83,96.0,38,body ache with fever
V02356,P1811,2025-09-21,9.0,Male,,general medicine,Low,39.2C,64.0,138-84,98.0,91,vertigo like symptoms
V02357,P1812,2025-03-28,,M,lightheaded,General Medicine,Low,39.2C,60.0,106-80,95.0,79,pt feels dizzy since mornng
V02358,P1813,2025-02-03,34.0,male,Head Ache,Neuro,Medium,99.0F,91.0,101 over 76,96.0,44,migraine like symptoms
V02359,P1814,2025-09-15,73.0,M,nausea,Gastroenterology,Medium,100.6F,93.0,104/65,96.0,54,feeling sick after meals
V02360,P1815,2025-10-16,79.0,M,cough,Pulmo,Low,97.3F,80.0,104 over 68,97.0,54,dry cough for 1 week
V02361,P1816,2025-11-22,81.0,F,tiredness,CARDIO,Medium,38.0C,89.0,131/90,97.0,40,fatigue and lethargy
V02362,P1817,2025-06-12,71.0,female,N/V,General Medicine,Medium,40.3C,75.0,148-95,100.0,26,pt reports N/V since last nite
V02363,P1818,2025-01-18,41.0,female,short of breath,Emergency Dept,Critical,99.7F,127.0,135/69,84.0,8,sob while walking
V02364,P1819,2025-01-11,79.0,M,dry cough,,Medium,97.7F,88.0,133 over 95,96.0,53,persistent coughing
V02365,P1820,2025-02-26,2.0,F,lightheaded,Neurology,Medium,103.6F,77.0,123 over 94,96.0,31,pt feels dizzy since mornng
V02366,P1821,2025-01-05,9.0,,chest pain,cardiology,High,97.2F,111.0,148 over 69,95.0,29,pain in chest while walking
V02367,P1822,2025-01-10,,F,,Emergency Dept,Low,39.6C,67.0,144 over 87,97.0,108,pt reports fever and chills
V02368,P1823,2025-10-28,5.0,female,hedache,neuro dept,Low,36.1C,77.0,104/68,95.0,40,migraine like symptoms
V02369,P1823,2025-04-27,5.0,female,vertigo,general medicine,Medium,97.9F,96.0,110/68,96.0,44,pt feels dizzy since mornng
V02370,P1823,2025-11-28,5.0,female,headache,neuro dept,Low,99.0F,71.0,138/82,99.0,47,severe headache since morning
V02371,P1824,2025-02-03,,F,Back Pain,General Medicine,Medium,103.5F,85.0,114-96,97.0,48,lower bak pain since 2 days
V02372,P1825,2025-07-14,6.0,female,breathlessness,A&E,High,36.4C,100.0,124/66,94.0,15,difficulty breathing since last night
V02373,P1826,2025-07-13,58.0,M,Nausea,GI,Medium,102.9F,87.0,151/94,97.0,42,feeling sick after meals
V02374,P1827,2025-12-10,14.0,Female,cough,Gen Med,Medium,98.8F,96.0,150 over 95,95.0,41,cough with mild fever
V02375,P1828,2025-09-11,28.0,Female,hedache,General Medicine,Medium,101.5F,100.0,114 over 89,99.0,45,migraine like symptoms
V02376,P1829,2025-06-05,75.0,,nausea/vomiting,GI,Medium,99.5F,93.0,123/100,99.0,55,pt reports N/V since last nite
V02377,P1830,2025-07-19,45.0,F,CHEST PAIN,ER,Critical,37.2C,142.0,136 over 97,89.0,3,pain in chest while walking
V02378,P1831,2025-10-16,73.0,F,throat pain,Gen Med,Low,39.3C,81.0,117 over 73,100.0,80,sore throut since yesterday
V02379,P1832,2025-02-21,80.0,Female,dizzy,neuro dept,Medium,101.3F,83.0,119/99,96.0,42,vertigo like symptoms
V02380,P1833,2025-05-11,43.0,Female,Back Pain,ER,Medium,36.7C,78.0,113-72,97.0,22,back pain while sitting
V02381,P1833,2025-03-24,43.0,Female,abdo pain,General Medicine,Medium,38.2C,91.0,151 over 85,100.0,30,pt reports abd pain
V02382,P1834,2025-07-28,3.0,male,Fatigue,Cardio,Medium,100.8F,85.0,149/72,96.0,21,pt reports weakness since 3 days
V02383,P1835,2025-06-21,90.0,Female,persistent cough,Pulmo,Medium,36.2C,89.0,120-77,98.0,48,cough with mild fever
V02384,P1835,2025-06-13,,Female,chst pain,ER,High,102.2F,113.0,102-80,95.0,17,pain in chest while walking
V02385,P1836,2025-03-26,25.0,male,feeling sick,GI,Medium,36.8C,85.0,160-80,95.0,42,nausea with vomiting
V02386,P1836,2025-03-13,25.0,male,persistent cough,Pulmo,Medium,102.7F,,107 over 68,99.0,39,dry cough for 1 week
V02387,P1837,2025-03-01,45.0,female,CHEST PAIN,Emergency Dept,High,37.3C,96.0,143 over 78,90.0,16,pt has chst pain frm morning
V02388,P1837,2025-08-26,45.0,female,head-ache,Neurology,Low,37.3C,69.0,120/90,99.0,63,migraine like symptoms
V02389,P1838,2025-04-17,42.0,Male,abdominal pain,GI,Medium,36.8C,82.0,123-98,96.0,27,stomach ache since last night
V02390,P1838,2025-03-23,42.0,,abd pain,General Medicine,Medium,102.7F,75.0,144 over 84,96.0,38,pt reports abd pain
V02391,P1838,2025-05-17,42.0,Male,fever,Emergency Dept,Medium,102.0F,88.0,120/60,98.0,28,high fevr since yesterday
V02392,P1839,2025-05-30,,F,lethargy,cardiology,Low,37.0C,68.0,112 over 74,97.0,94,pt reports weakness since 3 days
V02393,P1840,2025-11-05,65.0,female,cough,pulmonology,Medium,103.1F,87.0,154 over 98,98.0,28,cough with mild fever
V02394,P1841,2025-08-16,36.0,male,,Gastro,Medium,37.2C,82.0,156/94,98.0,46,nausea with vomiting
V02395,P1841,2025-08-29,36.0,,Chest Pain,Emergency,Critical,36.7C,127.0,108/77,92.0,15,pt has chst pain frm morning
V02396,P1842,2025-02-04,66.0,female,,ER,Critical,37.4C,144.0,136 over 68,87.0,9,chest pain since 2 hrs
V02397,P1842,2025-12-16,66.0,female,chest pain,CARDIO,Critical,37.6C,122.0,119 over 65,87.0,11,chest pain since 2 hrs
V02398,P1843,2025-04-07,90.0,F,Sore Throat,Ear Nose Throat,Low,37.0C,72.0,121 over 60,95.0,105,throat pain while swallowing
V02399,P1843,2025-02-03,90.0,F,short of breath,Emergency Dept,Critical,38.3C,125.0,122 over 99,85.0,10,breathlessness since morning
V02400,P1844,2025-10-08,78.0,M,Nausea,Gen Med,Low,39.2C,,119-99,97.0,53,nausea with vomiting
V02401,P1845,2025-11-04,63.0,M,persistent cough,Pulmo,Low,102.2F,75.0,152/87,100.0,79,persistent coughing
V02402,P1846,2025-09-19,64.0,F,abdominal pain,General Medicine,Medium,39.1C,99.0,131-81,100.0,34,stomach ache since last night
V02403,P1847,2025-06-11,90.0,F,sore throat,ent dept,Low,38.4C,65.0,114 over 97,96.0,98,throat pain while swallowing
V02404,P1848,2025-07-28,39.0,,fever,Emergency,Low,102.2F,79.0,107-93,96.0,75,pt reports fever and chills
V02405,P1849,2025-07-03,,female,lumbar pain,,Low,37.4C,72.0,118-81,98.0,82,back pain while sitting
V02406,P1850,2025-06-28,62.0,M,N/V,GI,Low,99.3F,77.0,105 over 63,100.0,103,feeling sick after meals
V02407,P1850,2025-01-06,62.0,M,dizzy,,Medium,37.1C,91.0,145/95,95.0,38,vertigo like symptoms
V02408,P1851,2025-03-30,36.0,male,back pain,A&E,Medium,,100.0,134/80,98.0,39,back pain while sitting
V02409,P1852,2025-02-05,43.0,Male,chestpain,Cardiology,Critical,102.2F,143.0,125/65,89.0,5,chest pain since 2 hrs
V02410,P1853,2025-11-13,59.0,M,,Neurology,Medium,36.5C,94.0,110 over 96,97.0,25,hedache for 3 days
V02411,P1854,2025-02-22,79.0,Male,head-ache,general medicine,Low,100.9F,64.0,146-71,100.0,112,migraine like symptoms
V02412,P1855,2025-09-15,42.0,female,tiredness,Cardiology,Low,36.5C,70.0,130 over 61,98.0,45,fatigue and lethargy
V02413,P1856,2025-08-13,51.0,Female,feeling sick,General Medicine,Medium,36.3C,88.0,133-61,98.0,51,pt reports N/V since last nite
V02414,P1856,2025-07-26,51.0,Female,abd pain,Gastro,Medium,103.3F,75.0,125 over 93,100.0,27,pain in lower abdomen
V02415,P1856,2025-10-01,51.0,Female,sore throat,ent dept,Low,37.8C,71.0,105/69,100.0,52,sore throut since yesterday
V02416,P1857,2025-02-10,80.0,Female,fatigue,cardiology,Low,37.8C,72.0,117 over 77,98.0,95,fatigue and lethargy
V02417,P1857,2025-10-21,80.0,Female,Nausea,Gastro,Medium,101.3F,90.0,150 over 94,100.0,53,pt reports N/V since last nite
V02418,P1858,2025-05-09,20.0,Male,CHEST PAIN,A&E,Critical,39.0C,127.0,100/74,85.0,7,chest pain since 2 hrs
V02419,P1859,2025-07-20,76.0,female,breathlessness,Pulmo,Critical,39.2C,119.0,106/73,84.0,13,difficulty breathing since last night
V02420,P1860,2025-07-01,56.0,male,Cough,Pulmonology,Low,36.5C,66.0,103 over 72,100.0,46,dry cough for 1 week
V02421,P1861,2025-11-02,84.0,male,stomach pain,Gastro,Medium,36.5C,83.0,116-81,95.0,20,pt reports abd pain
V02422,P1862,2025-07-13,48.0,Male,Nausea,general medicine,Medium,38.5C,82.0,151 over 91,96.0,23,pt reports N/V since last nite
V02423,P1863,2025-07-07,26.0,Female,weakness,Gen Med,Medium,36.5C,89.0,111/63,97.0,34,pt reports weakness since 3 days
V02424,P1863,2025-07-03,26.0,Female,breathlessness,Pulmo,High,103.5F,115.0,140/76,92.0,26,difficulty breathing since last night
V02425,P1863,2025-08-10,,Female,chestpain,Cardio,High,38.9C,108.0,159/81,93.0,23,pt has chst pain frm morning
V02426,P1864,2025-12-27,24.0,female,throat pain,Ear Nose Throat,Low,39.3C,66.0,113 over 69,95.0,55,pt reports throat ache
V02427,P1865,2025-01-20,,female,vertigo,neuro dept,Medium,39.3C,92.0,132 over 74,100.0,41,lightheaded on standing
V02428,P1866,2025-03-23,20.0,Male,shortness of breath,ER,High,39.8C,113.0,114-95,96.0,22,breathlessness since morning
V02429,P1866,2025-07-13,20.0,Male,lower back pain,general medicine,Medium,36.4C,78.0,148-82,97.0,60,pt reports lumbar pain
V02430,P1867,2025-02-02,47.0,male,cough,Pulmonology,Low,100.0F,85.0,151 over 93,100.0,56,cough with mild fever
V02431,P1868,2025-07-25,11.0,F,fatigue,Gen Med,Medium,39.4C,78.0,105 over 94,100.0,45,pt reports weakness since 3 days
V02432,P1868,2025-08-25,11.0,F,,general medicine,Medium,102.7F,99.0,119 over 83,97.0,43,stomach ache since last night
V02433,P1869,2025-06-17,14.0,female,vertigo,general medicine,Medium,39.1C,75.0,146-90,97.0,51,vertigo like symptoms
V02434,P1870,2025-01-08,46.0,Male,hedache,Neurology,Medium,101.1F,100.0,106-81,100.0,39,hedache for 3 days
V02435,P1871,2025-05-13,82.0,Female,throat pain,,Low,36.6C,68.0,119-96,98.0,87,pt reports throat ache
V02436,P1872,2025-12-08,82.0,female,SOB,Pulmo,Critical,39.0C,142.0,159/90,85.0,13,sob while walking
V02437,P1873,2025-01-12,81.0,M,Sore Throat,general medicine,Low,100.8F,62.0,141 over 72,96.0,120,pt reports throat ache
V02438,P1874,2025-06-04,45.0,female,Fatigue,Cardio,Low,38.9C,82.0,144 over 81,96.0,90,fatigue and lethargy
V02439,P1874,2025-11-28,45.0,female,lumbar pain,General Medicine,Medium,36.8C,88.0,154/98,97.0,38,back pain while sitting
V02440,P1874,2025-05-12,45.0,female,nausea,gastro dept,Low,99.1F,,159 over 65,97.0,103,feeling sick after meals
V02441,P1875,2025-09-29,41.0,female,Chest Pain,Emergency,Critical,101.1F,148.0,144 over 98,92.0,1,pt has chst pain frm morning
V02442,P1875,2025-06-16,41.0,female,headache,neuro dept,Low,38.9C,82.0,153 over 84,98.0,64,severe headache since morning
V02443,P1875,2025-01-18,41.0,female,N/V,Gastroenterology,Medium,102.4F,82.0,109 over 73,,55,feeling sick after meals
V02444,P1876,2025-02-14,41.0,Female,tiredness,Cardio,Medium,100.2F,90.0,110 over 71,98.0,30,fatigue and lethargy
V02445,P1877,2025-02-23,66.0,Male,Fever,Gen Med,Medium,103.3F,84.0,150 over 66,96.0,47,high fevr since yesterday
V02446,P1878,2025-05-17,76.0,female,Sore Throat,Ear Nose Throat,Low,97.0F,77.0,123-60,95.0,62,pt reports throat ache
V02447,P1879,2025-05-23,20.0,Female,,Gen Med,Low,37.9C,63.0,135/81,98.0,68,hedache for 3 days
V02448,P1879,2025-05-29,20.0,Female,dizziness,Neurology,Medium,38.7C,86.0,131-98,100.0,20,pt feels dizzy since mornng
V02449,P1879,2025-09-01,20.0,Female,head-ache,neuro dept,Medium,96.8F,89.0,141 over 95,97.0,57,severe headache since morning
V02450,P1880,2025-01-04,29.0,male,Back Pain,Gen Med,Low,40.3C,66.0,111 over 60,97.0,112,back pain while sitting
V02451,P1881,2025-04-05,86.0,Female,Fatigue,CARDIO,Low,103.5F,72.0,153/66,95.0,70,extreme tiredness
V02452,P1882,2025-08-24,73.0,female,Back Pain,A&E,Low,104.7F,78.0,101-70,97.0,115,back pain while sitting
V02453,P1883,2025-01-15,29.0,female,lethargy,cardiology,Low,101.3F,76.0,144 over 89,100.0,82,fatigue and lethargy
V02454,P1884,2025-05-30,43.0,male,lethargy,Gen Med,Medium,40.3C,88.0,106 over 70,96.0,41,extreme tiredness
V02455,P1885,2025-06-16,74.0,male,chestpain,Cardiology,High,37.8C,100.0,153-93,93.0,25,pain in chest while walking
V02456,P1886,2025-02-04,51.0,female,difficulty breathing,pulmonology,Critical,,149.0,101 over 83,92.0,9,sob while walking
V02457,P1886,2025-03-12,51.0,female,Dizziness,General Medicine,Medium,104.4F,85.0,152 over 93,100.0,45,vertigo like symptoms
V02458,P1887,2025-03-23,1.0,Male,Fatigue,Gen Med,Medium,104.2F,88.0,128-77,96.0,30,fatigue and lethargy
V02459,P1888,2025-03-08,63.0,,,Gen Med,Low,97.9F,82.0,144-90,99.0,55,high fevr since yesterday
V02460,P1889,2025-10-21,,female,bak pain,Emergency,Low,36.7C,84.0,154 over 68,96.0,500,back pain while sitting
V02461,P1890,2025-09-09,9.0,Female,throat pain,general medicine,Low,40.0C,72.0,110-66,98.0,119,sore throut since yesterday
V02462,P1891,2025-12-14,33.0,Male,back pain,Emergency Dept,Low,102.6F,72.0,114/86,100.0,118,pt reports lumbar pain
V02463,P1892,2025-06-25,68.0,male,dry cough,general medicine,Low,101.3F,84.0,110 over 98,95.0,76,dry cough for 1 week
V02464,P1893,2025-10-04,20.0,M,tiredness,Gen Med,Medium,39.1C,94.0,117/75,98.0,38,fatigue and lethargy
V02465,P1894,2025-06-17,14.0,Male,short of breath,pulmonology,Critical,101.5F,146.0,136-75,84.0,3,sob while walking
V02466,P1894,2025-05-20,14.0,Male,Cough,General Medicine,Low,36.3C,74.0,123/72,98.0,54,dry cough for 1 week
V02467,P1895,2025-01-02,66.0,M,nausea,Gastro,Medium,38.7C,83.0,120-86,97.0,36,feeling sick after meals
V02468,P1896,2025-05-11,11.0,Male,N/V,general medicine,Low,39.4C,69.0,137 over 96,100.0,66,nausea with vomiting
V02469,P1896,2025-07-24,11.0,Male,dizzy,general medicine,Low,38.6C,70.0,148/65,97.0,54,lightheaded on standing
V02470,P1897,2025-09-20,12.0,Female,hedache,Gen Med,Low,100.9F,66.0,145/71,98.0,64,severe headache since morning
V02471,P1898,2025-03-25,63.0,female,CHEST PAIN,Emergency Dept,High,36.6C,100.0,102/81,96.0,22,pt has chst pain frm morning
V02472,P1899,2025-12-23,73.0,M,hedache,Gen Med,Low,104.9F,72.0,155 over 69,99.0,44,migraine like symptoms
V02473,P1899,2025-11-06,73.0,M,headache,neuro dept,Low,103.8F,74.0,132-60,95.0,40,hedache for 3 days
V02474,P1900,2025-06-15,15.0,M,,general medicine,Low,39.9C,84.0,138-75,96.0,99,throat pain while swallowing
V02475,P1901,2025-02-02,24.0,M,back pain,Gen Med,Low,104.0F,72.0,144 over 88,97.0,91,pt reports lumbar pain
V02476,P1902,2025-11-07,10.0,Female,throat pain,ent dept,Low,36.2C,85.0,152-100,96.0,76,sore throut since yesterday
V02477,P1902,2025-01-10,10.0,Female,throat ache,ent dept,Low,102.6F,75.0,146-73,95.0,86,pt reports throat ache
V02478,P1903,2025-07-21,67.0,Female,vertigo,Neuro,Medium,100.6F,91.0,123 over 84,97.0,40,lightheaded on standing
V02479,P1903,2025-03-22,67.0,Female,head-ache,Gen Med,Low,100.8F,84.0,114/79,98.0,103,migraine like symptoms
V02480,P1904,2025-05-29,70.0,Male,HA,Neuro,Low,100.2F,69.0,113-83,98.0,82,severe headache since morning
V02481,P1904,2025-06-17,70.0,Male,lower back pain,A&E,Medium,37.2C,86.0,138/61,98.0,32,pt reports lumbar pain
V02482,P1905,2025-11-07,63.0,female,throat pain,ent dept,Low,36.3C,84.0,111/67,100.0,94,sore throut since yesterday
V02483,P1906,2025-07-25,37.0,female,nausea/vomiting,General Medicine,Medium,99.0F,77.0,113-97,96.0,23,pt reports N/V since last nite
V02484,P1907,2025-10-30,56.0,,weakness,Gen Med,Low,100.6F,70.0,156/99,99.0,101,fatigue and lethargy
V02485,P1907,2025-11-13,56.0,M,dizzy,General Medicine,Low,103.1F,69.0,138 over 91,97.0,64,lightheaded on standing
V02486,P1908,2025-02-18,62.0,male,,Gastro,Medium,39.4C,84.0,140 over 73,97.0,44,pain in lower abdomen
V02487,P1909,2025-11-18,78.0,male,dizziness,Neuro,Low,36.6C,74.0,151-99,96.0,71,vertigo like symptoms
V02488,P1909,2025-02-07,78.0,male,sore throut,ent dept,Low,100.2F,75.0,143/78,99.0,78,sore throut since yesterday
V02489,P1910,2025-07-04,35.0,M,tiredness,,Low,97.7F,71.0,157-80,98.0,56,extreme tiredness
V02490,P1911,2025-01-23,62.0,F,abdo pain,General Medicine,Medium,102.6F,75.0,119-82,96.0,25,stomach ache since last night
V02491,P1912,2025-02-01,88.0,F,high fever,General Medicine,Medium,98.6F,100.0,104 over 84,95.0,60,high fevr since yesterday
V02492,P1913,2025-06-21,36.0,female,shortness of breath,pulmonology,High,37.0C,99.0,120 over 84,96.0,17,sob while walking
V02493,P1914,2025-07-26,11.0,M,weakness,general medicine,Medium,,78.0,120 over 82,97.0,53,pt reports weakness since 3 days
V02494,P1914,2025-11-05,11.0,M,difficulty breathing,,Critical,103.3F,132.0,157/85,87.0,10,difficulty breathing since last night
V02495,P1915,2025-05-18,,M,abdo pain,General Medicine,Medium,102.7F,86.0,155 over 69,99.0,37,stomach ache since last night
V02496,P1915,2025-09-17,53.0,M,hedache,neuro dept,Medium,36.7C,78.0,160-62,99.0,54,migraine like symptoms
V02497,P1916,2025-03-02,79.0,female,lightheaded,General Medicine,Medium,37.7C,75.0,145 over 97,98.0,41,lightheaded on standing
V02498,P1917,2025-11-16,62.0,M,hedache,Gen Med,Medium,103.1F,83.0,144/82,100.0,44,hedache for 3 days
V02499,P1917,2025-10-12,62.0,M,high fever,Gen Med,Low,39.1C,70.0,139 over 64,97.0,111,body ache with fever
V02500,P1918,2025-04-29,62.0,female,dry cough,Gen Med,Low,100.6F,78.0,147/60,99.0,115,persistent coughing
V02501,P1918,2025-10-30,,female,dry cough,Gen Med,Low,40.3C,79.0,151 over 76,95.0,77,dry cough for 1 week
V02502,P1919,2025-01-04,,female,sore throat,General Medicine,Low,36.3C,85.0,151/74,99.0,113,throat pain while swallowing
V02503,P1920,2025-10-19,83.0,Female,stomach pain,Gen Med,Medium,97.2F,96.0,131-69,96.0,51,pt reports abd pain
V02504,P1921,2025-10-15,61.0,female,Fever,Emergency,Low,37.4C,84.0,116-75,97.0,103,high fevr since yesterday
V02505,P1921,2025-04-23,61.0,female,headache,general medicine,Medium,36.1C,85.0,115-97,99.0,51,severe headache since morning
V02506,P1921,2025-10-08,61.0,female,lightheaded,General Medicine,Medium,38.1C,87.0,109/74,96.0,49,pt feels dizzy since mornng
V02507,P1922,2025-11-13,25.0,Male,breathlessness,Emergency Dept,High,100.2F,103.0,110/79,94.0,10,difficulty breathing since last night
V02508,P1923,2025-10-30,89.0,Female,SOB,Pulmo,High,37.8C,99.0,125-93,94.0,20,sob while walking
V02509,P1923,2025-11-12,89.0,Female,weakness,general medicine,Medium,36.5C,81.0,149/86,97.0,29,pt reports weakness since 3 days
V02510,P1924,2025-12-07,3.0,,fever,General Medicine,Medium,102.0F,95.0,100-69,97.0,26,pt reports fever and chills
V02511,P1925,2025-01-12,59.0,M,Nausea,gastro dept,Medium,38.9C,99.0,107 over 98,96.0,38,nausea with vomiting
V02512,P1926,2025-08-10,17.0,M,lower back pain,general medicine,Medium,38.3C,95.0,154/87,100.0,48,lower bak pain since 2 days
V02513,P1926,2025-08-28,17.0,M,short of breath,ER,Critical,39.3C,120.0,158-97,87.0,2,difficulty breathing since last night
V02514,P1927,2025-05-03,41.0,Male,lethargy,Cardio,Medium,37.7C,93.0,145/61,95.0,49,extreme tiredness
V02515,P1928,2025-10-08,8.0,F,Nausea,Gen Med,Low,102.2F,62.0,141/67,100.0,40,feeling sick after meals
V02516,P1929,2025-05-31,75.0,F,chestpain,Cardio,Critical,97.7F,145.0,102/89,90.0,1,chest pain since 2 hrs
V02517,P1930,2025-08-17,14.0,M,coughing,Gen Med,Low,36.4C,81.0,127-95,97.0,99,cough with mild fever
V02518,P1931,2025-05-30,16.0,female,throat pain,Ear Nose Throat,Low,98.1F,73.0,117 over 87,99.0,80,sore throut since yesterday
V02519,P1932,2025-02-16,,Female,hedache,General Medicine,Low,103.5F,76.0,156/94,100.0,88,migraine like symptoms
V02520,P1933,2025-03-03,52.0,F,Cough,Pulmonology,Medium,100.4F,82.0,151 over 72,98.0,44,dry cough for 1 week
V02521,P1934,2025-04-24,3.0,female,Fever,ER,Low,36.8C,85.0,122/75,95.0,119,high fevr since yesterday
V02522,P1935,2025-09-14,29.0,Female,Fever,general medicine,Low,104.5F,81.0,160 over 84,96.0,77,high fevr since yesterday
V02523,P1936,2025-05-23,,Male,,A&E,Medium,104.2F,83.0,133-99,100.0,34,back pain while sitting
V02524,P1937,2025-11-16,,F,Back Pain,General Medicine,Medium,37.6C,81.0,106/79,95.0,47,back pain while sitting
V02525,P1937,2025-06-12,82.0,F,nausea,Gastroenterology,Low,36.3C,74.0,143 over 86,99.0,49,pt reports N/V since last nite
V02526,P1937,2025-08-17,82.0,F,abd pain,Gastro,Medium,101.8F,96.0,158 over 96,97.0,26,pain in lower abdomen
V02527,P1938,2025-04-10,50.0,,,CARDIO,Critical,38.5C,123.0,106 over 89,92.0,5,chest pain since 2 hrs
V02528,P1939,2025-03-16,40.0,F,nausea,Gen Med,Medium,99.1F,94.0,139 over 61,95.0,45,feeling sick after meals
V02529,P1939,2025-08-15,40.0,F,dizziness,General Medicine,Medium,99.5F,82.0,142 over 72,98.0,25,lightheaded on standing
V02530,P1940,2025-10-09,90.0,Male,CHEST PAIN,cardiology,Critical,101.5F,131.0,115/82,82.0,1,chest pain since 2 hrs
V02531,P1941,2025-02-25,87.0,F,,General Medicine,Low,37.1C,76.0,119/79,96.0,108,high fevr since yesterday
V02532,P1942,2025-05-29,72.0,female,hedache,General Medicine,Medium,39.1C,86.0,129/94,95.0,33,hedache for 3 days
V02533,P1942,2025-11-29,72.0,female,,gastro dept,Medium,99.7F,91.0,144/100,99.0,23,pt reports abd pain
V02534,P1943,2025-02-11,64.0,M,coughing,General Medicine,Medium,36.8C,95.0,119-85,100.0,22,cough with mild fever
V02535,P1944,2025-01-31,36.0,M,Back Pain,general medicine,Low,103.1F,66.0,115/85,96.0,109,lower bak pain since 2 days
V02536,P1945,2025-04-15,31.0,female,lumbar pain,general medicine,Low,38.8C,69.0,104 over 89,98.0,100,back pain while sitting
V02537,P1946,2025-09-21,55.0,male,throat pain,Gen Med,Low,104.7F,69.0,115-65,,51,sore throut since yesterday
V02538,P1946,2025-12-09,55.0,male,head-ache,General Medicine,Medium,99.0F,79.0,136/88,98.0,21,severe headache since morning
V02539,P1946,2025-04-15,55.0,male,lightheaded,neuro dept,Medium,104.9F,83.0,157-73,100.0,48,vertigo like symptoms
V02540,P1947,2025-12-01,65.0,F,stomach pain,Gastro,Medium,37.2C,100.0,113-75,100.0,55,pain in lower abdomen
V02541,P1948,2025-01-24,15.0,F,coughing,Pulmo,Medium,97.3F,76.0,154 over 91,96.0,52,cough with mild fever
V02542,P1949,2025-03-22,69.0,F,persistent cough,Pulmonology,Medium,104.4F,95.0,100-66,95.0,28,persistent coughing
V02543,P1950,2025-12-25,77.0,F,CHEST PAIN,Cardiology,High,36.5C,120.0,115 over 100,91.0,15,pt has chst pain frm morning
V02544,P1951,2025-03-23,53.0,male,,general medicine,Low,99.0F,68.0,156/70,96.0,111,dry cough for 1 week
V02545,P1952,2025-08-05,72.0,Male,dizziness,Neuro,Medium,36.0C,98.0,118-93,95.0,37,pt feels dizzy since mornng
V02546,P1953,2025-01-07,44.0,,headache,neuro dept,Medium,37.3C,75.0,116-96,97.0,22,hedache for 3 days
V02547,P1953,2025-08-20,44.0,female,fatigue,CARDIO,Low,101.3F,68.0,140-65,98.0,110,extreme tiredness
V02548,P1953,2025-03-13,44.0,female,headache,Neurology,Low,,72.0,138 over 75,99.0,113,hedache for 3 days
V02549,P1954,2025-11-05,18.0,Male,stomach pain,Gen Med,Medium,36.1C,79.0,134-86,100.0,35,pain in lower abdomen
V02550,P1955,2025-04-18,6.0,Female,throat pain,General Medicine,Low,37.5C,61.0,106-60,100.0,91,pt reports throat ache
V02551,P1956,2025-04-19,40.0,F,difficulty breathing,Emergency,High,37.4C,119.0,152/68,91.0,28,breathlessness since morning
V02552,P1957,2025-07-14,40.0,Female,lightheaded,general medicine,Medium,37.6C,81.0,108 over 89,100.0,41,pt feels dizzy since mornng
V02553,P1958,2025-09-22,2.0,Male,cough,Pulmo,Medium,40.4C,76.0,135 over 96,100.0,720,cough with mild fever
V02554,P1959,2025-11-13,71.0,M,Head Ache,Neuro,Medium,40.1C,92.0,142/78,100.0,34,hedache for 3 days
V02555,P1960,2025-08-22,13.0,Male,difficulty breathing,Emergency Dept,Critical,103.5F,127.0,109-76,83.0,7,difficulty breathing since last night
V02556,P1961,2025-10-25,84.0,F,Fatigue,Cardio,Low,39.7C,63.0,113 over 68,97.0,55,fatigue and lethargy
V02557,P1961,2025-03-15,84.0,F,short of breath,Emergency Dept,Critical,37.1C,147.0,113/89,88.0,8,difficulty breathing since last night
V02558,P1962,2025-11-28,77.0,M,coughing,general medicine,Medium,37.5C,82.0,104 over 80,98.0,34,dry cough for 1 week
V02559,P1963,2025-06-14,9.0,Female,CHEST PAIN,Emergency,High,38.4C,108.0,141 over 100,93.0,11,chest pain since 2 hrs
V02560,P1964,2025-11-16,45.0,female,CHEST PAIN,A&E,Critical,102.2F,146.0,157-67,92.0,7,pt has chst pain frm morning
V02561,P1965,2025-12-25,,,chst pain,Cardio,Critical,100.4F,112.0,114 over 96,88.0,15,pain in chest while walking
V02562,P1966,2025-05-07,82.0,Female,bak pain,Emergency,Low,102.9F,78.0,133-73,95.0,75,lower bak pain since 2 days
V02563,P1966,2025-04-16,82.0,Female,chestpain,Emergency,High,39.1C,113.0,109/72,93.0,14,pt has chst pain frm morning
V02564,P1967,2025-11-24,86.0,male,Back Pain,general medicine,Medium,98.6F,86.0,152 over 68,97.0,51,lower bak pain since 2 days
V02565,P1968,2025-01-05,37.0,male,fatigue,general medicine,Low,36.2C,76.0,121-61,97.0,98,extreme tiredness
V02566,P1968,2025-05-08,37.0,male,persistent cough,General Medicine,Medium,40.1C,92.0,152-71,95.0,27,persistent coughing
V02567,P1968,2025-06-12,,male,Cough,Gen Med,Medium,103.6F,85.0,133 over 94,98.0,24,cough with mild fever
V02568,P1969,2025-01-15,79.0,male,Back Pain,Emergency,Low,103.6F,61.0,131-70,97.0,94,pt reports lumbar pain
V02569,P1970,2025-08-09,24.0,female,head-ache,General Medicine,Medium,99.7F,93.0,121 over 65,97.0,60,severe headache since morning
V02570,P1971,2025-06-26,27.0,female,tiredness,Gen Med,Low,39.3C,81.0,148/85,96.0,72,pt reports weakness since 3 days
V02571,P1972,2025-11-16,,female,lumbar pain,General Medicine,Medium,37.3C,100.0,118-60,98.0,26,back pain while sitting
V02572,P1973,2025-02-16,22.0,Female,sore throat,Gen Med,Low,38.1C,85.0,130 over 81,100.0,86,throat pain while swallowing
V02573,P1973,2025-11-09,22.0,Female,feeling sick,Gen Med,Medium,99.1F,85.0,126/69,98.0,51,pt reports N/V since last nite
V02574,P1974,2025-07-06,1.0,,dry cough,Pulmonology,Medium,39.8C,81.0,137 over 75,98.0,59,cough with mild fever
V02575,P1975,2025-07-16,74.0,Male,weakness,Gen Med,Low,36.6C,83.0,136-92,97.0,49,fatigue and lethargy
V02576,P1976,2025-11-27,,male,high temp,Emergency Dept,Low,103.8F,62.0,129 over 68,96.0,45,body ache with fever
V02577,P1977,2025-11-09,63.0,Female,Sore Throat,general medicine,Low,36.1C,61.0,111-90,96.0,82,pt reports throat ache
V02578,P1978,2025-04-23,59.0,male,bak pain,general medicine,Low,36.7C,60.0,153/76,96.0,103,pt reports lumbar pain
V02579,P1978,2025-03-15,59.0,male,fatigue,Cardio,Low,103.5F,60.0,137/96,100.0,53,pt reports weakness since 3 days
V02580,P1979,2025-08-06,52.0,F,throat pain,General Medicine,Low,104.4F,77.0,153-71,96.0,109,throat pain while swallowing
V02581,P1980,2025-10-18,82.0,male,N/V,general medicine,Low,100.6F,60.0,123 over 67,99.0,41,pt reports N/V since last nite
V02582,P1981,2025-03-02,62.0,F,,general medicine,Medium,39.3C,92.0,155-64,98.0,23,hedache for 3 days
V02583,P1982,2025-08-08,,,dry cough,Gen Med,Low,38.3C,70.0,126 over 95,98.0,115,dry cough for 1 week
V02584,P1983,2025-03-13,13.0,male,Chest Pain,Cardiology,High,100.8F,100.0,150 over 61,93.0,21,pt has chst pain frm morning
V02585,P1984,2025-08-08,,Female,shortness of breath,Pulmonology,Critical,39.8C,117.0,132 over 63,88.0,2,difficulty breathing since last night
V02586,P1985,2025-09-01,68.0,M,Back Pain,ER,Low,36.8C,83.0,139/67,97.0,107,back pain while sitting
V02587,P1986,2025-10-07,4.0,male,Fatigue,Cardiology,Medium,102.0F,76.0,138-75,95.0,40,fatigue and lethargy
V02588,P1987,2025-02-21,60.0,M,vertigo,,Low,39.5C,62.0,117-79,100.0,69,vertigo like symptoms
V02589,P1988,2025-02-04,32.0,Female,coughing,General Medicine,Low,97.2F,81.0,149 over 85,96.0,96,dry cough for 1 week
V02590,P1988,2025-07-30,32.0,Female,bak pain,Emergency,Low,36.9C,67.0,127/87,98.0,73,back pain while sitting
V02591,P1989,2025-03-26,64.0,M,SOB,Emergency Dept,Critical,36.4C,128.0,103 over 85,89.0,13,difficulty breathing since last night
V02592,P1990,2025-11-20,37.0,Female,chestpain,A&E,Critical,97.9F,141.0,153 over 72,87.0,12,pain in chest while walking
V02593,P1991,2025-01-27,80.0,Female,dizzy,Gen Med,Low,36.3C,81.0,156/85,98.0,112,pt feels dizzy since mornng
V02594,P1992,2025-06-26,75.0,Female,stomach pain,GI,Medium,99.0F,100.0,129 over 77,95.0,27,pt reports abd pain
V02595,P1992,2025-01-13,75.0,Female,shortness of breath,Pulmo,High,39.2C,109.0,159/79,90.0,10,breathlessness since morning
V02596,P1993,2025-06-13,8.0,female,vertigo,neuro dept,Medium,99.3F,96.0,132/94,,56,lightheaded on standing
V02597,P1993,2025-11-06,8.0,female,abd pain,Gen Med,Medium,102.7F,97.0,119/84,99.0,20,stomach ache since last night
V02598,P1993,2025-12-18,8.0,,chestpain,Cardiology,Critical,38.7C,113.0,111 over 88,90.0,5,pt has chst pain frm morning
V02599,P1994,2025-01-19,8.0,male,shortness of breath,Pulmo,Critical,37.6C,148.0,153-64,82.0,5,difficulty breathing since last night
V02600,P1995,2025-12-02,43.0,F,nausea/vomiting,Gastro,Low,40.5C,74.0,158-68,100.0,85,nausea with vomiting
V02601,P1996,2025-09-20,53.0,Female,high fever,general medicine,Low,36.6C,73.0,134 over 81,99.0,57,body ache with fever
V02602,P1997,2025-05-14,,Male,dry cough,Pulmonology,Medium,38.0C,81.0,140/68,99.0,46,persistent coughing
V02603,P1998,2025-05-29,60.0,M,Back Pain,general medicine,Low,37.9C,75.0,157-90,,98,back pain while sitting
V02604,P1999,2025-04-27,40.0,Female,nausea,general medicine,Medium,39.8C,90.0,101 over 71,95.0,53,nausea with vomiting
V02605,P1999,2025-07-06,,,Chest Pain,cardiology,Critical,40.0C,120.0,134-85,90.0,12,chest pain since 2 hrs
V02606,P2000,2025-08-23,33.0,Male,SOB,pulmonology,High,103.3F,116.0,113 over 72,92.0,26,sob while walking
V02607,P2001,2025-06-28,53.0,M,weakness,CARDIO,Low,102.2F,81.0,135-70,98.0,81,pt reports weakness since 3 days
V02608,P2002,2025-11-24,12.0,F,Fatigue,Gen Med,Medium,38.6C,96.0,110 over 81,96.0,27,extreme tiredness
V02609,P2003,2025-06-17,65.0,Male,fevr,Emergency,Medium,37.2C,100.0,115-90,99.0,57,pt reports fever and chills
V02610,P2004,2025-06-19,4.0,M,cough,General Medicine,Medium,38.0C,85.0,138/68,97.0,34,dry cough for 1 week
V02611,P2005,2025-03-11,,M,tiredness,Gen Med,Low,38.7C,73.0,107 over 82,97.0,93,fatigue and lethargy
V02612,P2006,2025-01-11,6.0,Female,dry cough,Pulmonology,Low,37.7C,72.0,145/82,99.0,42,cough with mild fever
V02613,P2007,2025-09-28,,Female,N/V,general medicine,Low,103.3F,73.0,107/94,98.0,112,pt reports N/V since last nite
V02614,P2008,2025-09-08,21.0,Male,abdominal pain,Gastroenterology,Medium,38.9C,85.0,110/74,97.0,45,stomach ache since last night
V02615,P2009,2025-07-27,5.0,male,chst pain,Cardiology,High,37.5C,107.0,134 over 90,91.0,19,chest pain since 2 hrs
V02616,P2010,2025-04-01,3.0,female,Dizziness,Neuro,Medium,97.7F,84.0,106/81,97.0,49,pt feels dizzy since mornng
V02617,P2010,2025-05-14,3.0,female,lightheaded,General Medicine,Medium,38.8C,97.0,110/64,96.0,58,pt feels dizzy since mornng
V02618,P2011,2025-04-01,39.0,male,Cough,Gen Med,Medium,37.9C,99.0,158-65,97.0,47,dry cough for 1 week
V02619,P2012,2025-08-22,17.0,female,stomach pain,Gen Med,Medium,,82.0,106/73,95.0,45,stomach ache since last night
V02620,P2012,2025-09-13,17.0,female,HA,general medicine,Low,38.4C,64.0,151-91,96.0,53,severe headache since morning
V02621,P2012,2025-03-28,17.0,female,chestpain,Cardiology,Critical,99.7F,140.0,103 over 65,86.0,5,chest pain since 2 hrs
V02622,P2013,2025-09-07,52.0,F,chst pain,Cardiology,High,101.3F,96.0,101-89,92.0,11,pt has chst pain frm morning
V02623,P2014,2025-09-23,5.0,male,persistent cough,Pulmonology,Low,99.3F,79.0,111-88,100.0,42,cough with mild fever
V02624,P2015,2025-09-19,7.0,male,SOB,Pulmonology,High,40.2C,100.0,156-82,90.0,28,difficulty breathing since last night
V02625,P2016,2025-02-26,38.0,female,chest pain,CARDIO,High,38.9C,102.0,157/99,90.0,14,chest pain since 2 hrs
V02626,P2017,2025-12-07,3.0,M,head-ache,neuro dept,Medium,103.5F,79.0,142/88,97.0,37,severe headache since morning
V02627,P2018,2025-04-06,21.0,M,,general medicine,Medium,101.1F,79.0,158/67,98.0,43,feeling sick after meals
V02628,P2019,2025-05-14,,M,HA,neuro dept,Medium,40.4C,86.0,114/86,95.0,30,hedache for 3 days
V02629,P2019,2025-10-25,90.0,M,cough,General Medicine,Low,36.5C,82.0,120-67,97.0,71,cough with mild fever
V02630,P2020,2025-03-02,53.0,Female,Fever,A&E,Low,36.3C,60.0,148/84,98.0,83,high fevr since yesterday
V02631,P2021,2025-07-22,59.0,male,throat pain,ENT,Low,102.2F,80.0,147/90,,119,pt reports throat ache
V02632,P2022,2025-03-26,41.0,female,HA,neuro dept,Medium,40.2C,94.0,131/63,100.0,33,migraine like symptoms
V02633,P2023,2025-11-23,,Female,bak pain,,Low,40.4C,65.0,125-75,98.0,42,lower bak pain since 2 days
V02634,P2024,2025-08-05,76.0,F,breathlessness,Emergency Dept,Critical,37.6C,131.0,123 over 70,84.0,15,sob while walking
V02635,P2024,2025-08-02,76.0,F,lumbar pain,General Medicine,Medium,36.5C,79.0,144-63,99.0,39,pt reports lumbar pain
V02636,P2025,2025-02-06,28.0,female,dizziness,Neuro,Medium,104.9F,84.0,133 over 74,95.0,22,vertigo like symptoms
V02637,P2025,2025-10-28,28.0,female,Fever,ER,Low,104.0F,76.0,111/91,96.0,71,body ache with fever
V02638,P2026,2025-06-09,7.0,M,short of breath,pulmonology,Critical,40.3C,144.0,138/91,83.0,7,breathlessness since morning
V02639,P2027,2025-01-04,63.0,male,lethargy,Gen Med,Low,101.8F,82.0,144 over 80,96.0,112,pt reports weakness since 3 days
V02640,P2028,2025-04-18,64.0,M,N/V,Gen Med,Medium,99.7F,80.0,127/78,95.0,45,nausea with vomiting
V02641,P2029,2025-08-20,35.0,Female,headache,general medicine,Medium,37.7C,90.0,128-84,95.0,23,migraine like symptoms
V02642,P2030,2025-12-16,20.0,F,dizziness,General Medicine,Medium,40.2C,80.0,150 over 93,95.0,36,pt feels dizzy since mornng
V02643,P2031,2025-12-03,74.0,F,SOB,ER,Critical,38.3C,139.0,100 over 78,82.0,9,difficulty breathing since last night
V02644,P2032,2025-10-15,42.0,Male,lower back pain,Gen Med,Medium,99.9F,92.0,160/86,100.0,32,lower bak pain since 2 days
V02645,P2033,2025-12-01,33.0,M,fevr,general medicine,Medium,38.6C,83.0,126-93,99.0,30,body ache with fever
V02646,P2033,2025-01-25,,M,high fever,Emergency,Medium,97.5F,82.0,149 over 81,,60,pt reports fever and chills
V02647,P2033,2025-08-09,33.0,M,Back Pain,,Medium,99.7F,79.0,146/97,95.0,49,back pain while sitting
V02648,P2034,2025-07-30,71.0,Female,fever,Emergency,Medium,38.9C,100.0,142/62,100.0,56,high fevr since yesterday
V02649,P2035,2025-08-02,90.0,M,shortness of breath,A&E,High,37.5C,114.0,140-83,93.0,24,breathlessness since morning
V02650,P2036,2025-02-13,19.0,,throat pain,general medicine,Low,36.3C,60.0,101-90,99.0,58,pt reports throat ache
V02651,P2037,2025-06-22,57.0,Female,abdo pain,Gen Med,Medium,101.8F,79.0,124 over 69,100.0,49,pt reports abd pain
V02652,P2038,2025-01-28,31.0,F,abdominal pain,General Medicine,Medium,39.9C,89.0,158-79,95.0,56,stomach ache since last night
V02653,P2038,2025-04-29,31.0,F,stomach pain,gastro dept,Medium,39.8C,83.0,113-89,95.0,52,stomach ache since last night
V02654,P2039,2025-10-26,43.0,female,short of breath,A&E,Critical,101.1F,127.0,119/89,87.0,13,breathlessness since morning
V02655,P2039,2025-01-07,43.0,female,sore throat,,Low,100.8F,75.0,141/74,99.0,101,pt reports throat ache
V02656,P2040,2025-11-08,83.0,,tiredness,general medicine,Medium,99.5F,77.0,145/68,95.0,22,extreme tiredness
V02657,P2041,2025-08-07,41.0,F,Nausea,Gastro,Medium,97.2F,,101 over 89,95.0,53,nausea with vomiting
V02658,P2042,2025-07-12,74.0,female,lightheaded,neuro dept,Low,101.7F,84.0,104 over 67,100.0,85,vertigo like symptoms
V02659,P2043,2025-11-30,28.0,male,Nausea,Gastro,Medium,39.6C,83.0,103/84,99.0,26,nausea with vomiting
V02660,P2043,2025-05-28,28.0,male,back pain,A&E,Low,99.7F,69.0,117/78,100.0,51,back pain while sitting
V02661,P2044,2025-01-26,16.0,female,abd pain,Gastroenterology,Medium,36.6C,77.0,129 over 65,98.0,28,pain in lower abdomen
V02662,P2045,2025-08-04,,M,breathlessness,Emergency Dept,Critical,37.4C,141.0,101-83,84.0,8,sob while walking
V02663,P2046,2025-07-01,88.0,M,breathlessness,,Critical,97.0F,140.0,100 over 69,84.0,9,sob while walking
V02664,P2046,2025-01-04,88.0,M,back pain,General Medicine,Medium,100.9F,87.0,143/94,97.0,35,lower bak pain since 2 days
V02665,P2046,2025-12-18,88.0,M,throat pain,General Medicine,Low,39.9C,82.0,153 over 71,97.0,95,pt reports throat ache
V02666,P2047,2025-08-18,75.0,M,Chest Pain,ER,Critical,104.5F,137.0,112 over 85,89.0,10,pain in chest while walking
V02667,P2048,2025-02-09,90.0,M,difficulty breathing,Emergency Dept,High,39.7C,98.0,158 over 98,91.0,16,difficulty breathing since last night
V02668,P2049,2025-08-07,64.0,M,abd pain,general medicine,Medium,36.7C,80.0,143/83,,26,pain in lower abdomen
V02669,P2050,2025-08-11,23.0,Male,abd pain,Gastro,Medium,104.4F,89.0,134 over 72,98.0,36,pain in lower abdomen
V02670,P2051,2025-12-13,4.0,M,Fever,Emergency Dept,Low,36.2C,72.0,152/64,95.0,81,body ache with fever
V02671,P2052,2025-04-19,10.0,male,sore throut,General Medicine,Low,38.9C,66.0,148 over 99,100.0,119,pt reports throat ache
V02672,P2053,2025-03-20,11.0,M,chst pain,Emergency Dept,High,36.4C,113.0,133 over 82,92.0,20,chest pain since 2 hrs
V02673,P2054,2025-06-15,76.0,M,abd pain,Gen Med,Medium,39.7C,89.0,141/91,98.0,56,pain in lower abdomen
V02674,P2055,2025-01-16,,M,lethargy,CARDIO,Medium,37.0C,89.0,134-90,99.0,23,fatigue and lethargy
V02675,P2055,2025-03-27,25.0,M,high fever,Gen Med,Medium,37.8C,93.0,142 over 99,96.0,54,pt reports fever and chills
V02676,P2056,2025-12-26,51.0,Female,dry cough,pulmonology,Low,103.5F,66.0,137-95,96.0,60,persistent coughing
V02677,P2057,2025-01-01,55.0,Female,chestpain,Cardiology,Critical,38.7C,130.0,135/60,92.0,9,chest pain since 2 hrs
V02678,P2057,2025-08-28,55.0,Female,,ER,Critical,37.2C,136.0,150 over 70,87.0,11,difficulty breathing since last night
V02679,P2058,2025-01-16,,Female,bak pain,general medicine,Low,101.5F,68.0,116-88,96.0,45,pt reports lumbar pain
V02680,P2059,2025-05-18,10.0,F,difficulty breathing,pulmonology,Critical,36.7C,116.0,148/72,84.0,15,sob while walking
V02681,P2059,2025-11-11,10.0,,fevr,General Medicine,Medium,39.9C,97.0,133-63,97.0,44,high fevr since yesterday
V02682,P2060,2025-04-29,55.0,Female,SOB,ER,High,103.6F,96.0,144-78,93.0,11,breathlessness since morning
V02683,P2061,2025-09-01,56.0,Male,head-ache,General Medicine,Medium,38.3C,,122/100,100.0,27,severe headache since morning
V02684,P2062,2025-08-24,88.0,Female,HA,Neuro,Medium,97.0F,83.0,124/71,100.0,27,hedache for 3 days
V02685,P2063,2025-10-28,37.0,Male,Head Ache,Neurology,Low,102.4F,83.0,157 over 93,95.0,84,hedache for 3 days
V02686,P2064,2025-08-26,8.0,F,fevr,general medicine,Low,37.7C,82.0,116-68,96.0,80,body ache with fever
V02687,P2065,2025-01-14,,female,,Gastroenterology,Medium,39.4C,78.0,107-62,100.0,33,nausea with vomiting
V02688,P2066,2025-07-15,47.0,Male,abd pain,GI,Medium,36.8C,96.0,137 over 73,95.0,31,pt reports abd pain
V02689,P2067,2025-12-01,71.0,female,HA,Gen Med,Low,37.7C,80.0,106/100,100.0,57,migraine like symptoms
V02690,P2068,2025-11-13,89.0,M,weakness,cardiology,Medium,104.2F,87.0,149 over 74,99.0,21,extreme tiredness
V02691,P2069,2025-07-15,52.0,M,SOB,pulmonology,Critical,37.4C,113.0,130-69,82.0,13,sob while walking
V02692,P2070,2025-04-01,69.0,male,breathlessness,Pulmo,High,,106.0,111 over 97,94.0,22,sob while walking
V02693,P2071,2025-01-03,10.0,M,breathlessness,Pulmonology,Critical,,149.0,144 over 95,90.0,12,breathlessness since morning
V02694,P2071,2025-11-27,10.0,M,chestpain,Cardio,High,100.2F,104.0,131 over 80,95.0,18,pain in chest while walking
V02695,P2072,2025-08-12,,Female,sore throut,,Low,101.5F,84.0,102 over 65,98.0,114,throat pain while swallowing
V02696,P2073,2025-12-30,57.0,male,abd pain,gastro dept,Medium,104.0F,85.0,148-73,98.0,52,pain in lower abdomen
V02697,P2073,2025-01-29,57.0,male,hedache,Gen Med,Low,37.3C,64.0,102 over 100,96.0,79,severe headache since morning
V02698,P2073,2025-11-29,57.0,male,throat ache,ent dept,Low,102.9F,73.0,145 over 99,95.0,88,sore throut since yesterday
V02699,P2074,2025-10-27,22.0,Female,fever,,Medium,102.7F,91.0,148 over 78,95.0,44,body ache with fever
V02700,P2075,2025-07-07,,female,abdominal pain,general medicine,Medium,39.9C,79.0,143 over 86,98.0,55,pt reports abd pain
V02701,P2076,2025-09-27,36.0,Female,N/V,GI,Low,98.2F,76.0,131 over 72,95.0,89,pt reports N/V since last nite
V02702,P2077,2025-09-13,73.0,Male,nausea/vomiting,general medicine,Low,40.4C,74.0,112-70,95.0,72,feeling sick after meals
V02703,P2078,2025-05-05,51.0,Male,SOB,pulmonology,High,40.4C,104.0,103 over 67,92.0,18,sob while walking
V02704,P2078,2025-07-25,51.0,Male,throat ache,General Medicine,Low,99.5F,76.0,125 over 70,100.0,83,pt reports throat ache
V02705,P2079,2025-01-01,61.0,male,hedache,general medicine,Low,97.3F,73.0,133/65,96.0,99,migraine like symptoms
V02706,P2080,2025-02-22,85.0,M,nausea,General Medicine,Low,36.1C,,144-80,100.0,112,nausea with vomiting
V02707,P2081,2025-09-17,29.0,,Cough,Pulmonology,Medium,99.9F,94.0,146 over 78,97.0,56,persistent coughing
V02708,P2081,2025-12-15,29.0,F,fever,Emergency Dept,Medium,,77.0,139/88,95.0,26,body ache with fever
V02709,P2082,2025-02-09,,Male,coughing,Pulmo,Medium,36.7C,94.0,140-92,98.0,42,cough with mild fever
V02710,P2083,2025-04-12,50.0,M,abdominal pain,gastro dept,Medium,97.3F,82.0,136-66,96.0,52,pt reports abd pain
V02711,P2084,2025-03-24,,female,nausea,General Medicine,Low,36.9C,62.0,159-62,98.0,61,pt reports N/V since last nite
V02712,P2085,2025-12-06,51.0,F,shortness of breath,Pulmonology,Critical,99.0F,120.0,111/87,86.0,10,difficulty breathing since last night
V02713,P2086,2025-07-13,59.0,F,dry cough,general medicine,Low,37.8C,66.0,155 over 87,95.0,52,dry cough for 1 week
V02714,P2087,2025-12-28,16.0,Female,vertigo,neuro dept,Low,103.3F,61.0,152-74,98.0,90,vertigo like symptoms
V02715,P2088,2025-06-20,43.0,F,back pain,general medicine,Low,39.8C,84.0,156-85,99.0,47,pt reports lumbar pain
V02716,P2089,2025-05-05,29.0,M,Head Ache,Gen Med,Low,39.5C,82.0,131/70,100.0,78,severe headache since morning
V02717,P2090,2025-09-10,4.0,Female,vertigo,General Medicine,Low,104.9F,79.0,150 over 91,99.0,99,pt feels dizzy since mornng
V02718,P2091,2025-12-22,74.0,female,persistent cough,Pulmo,Low,104.0F,66.0,141/84,100.0,73,dry cough for 1 week
V02719,P2091,2025-09-23,74.0,female,high fever,Gen Med,Medium,102.6F,91.0,132-79,99.0,42,high fevr since yesterday
V02720,P2091,2025-05-20,74.0,female,difficulty breathing,Emergency,High,39.4C,97.0,112 over 83,91.0,18,sob while walking
V02721,P2092,2025-05-15,62.0,Female,nausea/vomiting,General Medicine,Medium,103.8F,83.0,143-92,97.0,52,nausea with vomiting
V02722,P2092,2025-02-06,62.0,Female,Cough,,Medium,40.2C,75.0,115-85,100.0,50,dry cough for 1 week
V02723,P2093,2025-04-30,20.0,,Dizziness,general medicine,Low,39.7C,74.0,124 over 69,97.0,74,vertigo like symptoms
V02724,P2094,2025-03-26,81.0,male,Chest Pain,cardiology,Critical,38.0C,112.0,101/60,92.0,6,chest pain since 2 hrs
V02725,P2095,2025-10-17,45.0,F,nausea/vomiting,General Medicine,Low,40.0C,65.0,141-67,100.0,78,pt reports N/V since last nite
V02726,P2096,2025-11-16,61.0,female,sore throut,ent dept,Low,39.6C,67.0,149/78,95.0,88,pt reports throat ache
V02727,P2096,2025-03-16,,female,lumbar pain,ER,Medium,36.1C,77.0,134 over 89,97.0,26,lower bak pain since 2 days
V02728,P2097,2025-04-20,16.0,female,abdominal pain,Gen Med,Medium,97.2F,87.0,105/74,99.0,46,pain in lower abdomen
V02729,P2097,2025-01-22,16.0,female,CHEST PAIN,A&E,High,98.6F,118.0,126 over 70,94.0,11,pt has chst pain frm morning
V02730,P2097,2025-10-10,16.0,female,dry cough,general medicine,Low,39.2C,60.0,157 over 85,98.0,103,dry cough for 1 week
V02731,P2098,2025-04-15,71.0,male,bak pain,Gen Med,Medium,39.3C,81.0,154-91,96.0,39,back pain while sitting
V02732,P2099,2025-02-15,33.0,Female,short of breath,A&E,High,37.0C,112.0,153/98,95.0,27,sob while walking
V02733,P2100,2025-12-03,3.0,M,back pain,Gen Med,Medium,39.0C,93.0,140 over 85,96.0,30,pt reports lumbar pain
V02734,P2100,2025-12-02,3.0,M,fevr,Emergency,Medium,38.0C,81.0,154 over 66,96.0,31,body ache with fever
V02735,P2101,2025-10-03,60.0,F,chestpain,cardiology,Critical,39.0C,124.0,140-97,87.0,2,pain in chest while walking
V02736,P2102,2025-03-21,54.0,,tiredness,Cardiology,Medium,99.1F,82.0,141/69,95.0,30,extreme tiredness
V02737,P2103,2025-05-09,44.0,Female,sore throat,Gen Med,Low,40.0C,72.0,156/76,98.0,44,pt reports throat ache
V02738,P2104,2025-03-12,19.0,Male,head-ache,general medicine,Medium,36.7C,94.0,141/73,100.0,44,hedache for 3 days
V02739,P2105,2025-06-11,74.0,Female,Head Ache,,Medium,104.7F,79.0,142/70,100.0,20,severe headache since morning
V02740,P2106,2025-01-12,70.0,F,high temp,Emergency Dept,Low,38.0C,65.0,153-81,99.0,77,high fevr since yesterday
V02741,P2107,2025-01-07,64.0,F,Fatigue,General Medicine,Low,98.6F,67.0,126-94,100.0,100,pt reports weakness since 3 days
V02742,P2108,2025-03-13,68.0,female,throat pain,General Medicine,Low,101.5F,80.0,154/80,95.0,104,sore throut since yesterday
V02743,P2108,2025-11-11,68.0,female,sore throut,ENT,Low,38.6C,79.0,148/82,99.0,51,pt reports throat ache
V02744,P2109,2025-10-13,5.0,female,feeling sick,Gastro,Low,103.3F,73.0,148-61,97.0,107,pt reports N/V since last nite
V02745,P2110,2025-12-19,23.0,F,feeling sick,Gastroenterology,Medium,37.1C,82.0,155 over 81,95.0,33,pt reports N/V since last nite
V02746,P2110,2025-02-02,23.0,F,persistent cough,Gen Med,Low,39.5C,65.0,102-93,99.0,53,persistent coughing
V02747,P2111,2025-08-16,73.0,Female,lumbar pain,Emergency Dept,Low,39.8C,80.0,129/98,98.0,56,back pain while sitting
V02748,P2112,2025-11-06,72.0,M,N/V,general medicine,Medium,38.9C,77.0,112 over 79,97.0,32,feeling sick after meals
V02749,P2112,2025-07-26,72.0,M,high temp,Emergency Dept,Low,36.4C,75.0,126-67,98.0,59,pt reports fever and chills
V02750,P2113,2025-11-10,51.0,F,headache,,Medium,37.9C,91.0,138 over 81,95.0,25,migraine like symptoms
V02751,P2113,2025-07-30,51.0,F,CHEST PAIN,Emergency Dept,High,101.8F,103.0,147/60,94.0,11,chest pain since 2 hrs
V02752,P2114,2025-07-03,19.0,,nausea/vomiting,Gen Med,Medium,40.2C,,132 over 80,95.0,21,feeling sick after meals
V02753,P2115,2025-11-12,60.0,female,stomach pain,Gen Med,Medium,38.4C,85.0,142 over 68,99.0,41,pt reports abd pain
V02754,P2115,2025-07-31,60.0,female,fatigue,,Low,39.6C,83.0,130 over 94,95.0,92,extreme tiredness
V02755,P2115,2025-01-10,60.0,female,abdominal pain,Gastroenterology,Medium,103.3F,98.0,111/92,98.0,23,stomach ache since last night
V02756,P2116,2025-11-16,62.0,female,high temp,A&E,Low,39.7C,67.0,131-63,97.0,102,body ache with fever
V02757,P2117,2025-01-30,45.0,female,short of breath,Pulmo,Critical,38.6C,145.0,137-71,,6,sob while walking
V02758,P2118,2025-04-21,47.0,Female,sore throut,Gen Med,Low,39.5C,63.0,155/69,98.0,70,sore throut since yesterday
V02759,P2119,2025-06-29,4.0,Male,headache,Neurology,Medium,39.2C,88.0,132/61,99.0,60,severe headache since morning
V02760,P2120,2025-03-22,38.0,Male,shortness of breath,Emergency Dept,High,100.6F,104.0,144-87,93.0,23,difficulty breathing since last night
V02761,P2121,2025-05-09,72.0,Female,breathlessness,Pulmonology,High,36.7C,117.0,152-82,96.0,29,sob while walking
V02762,P2122,2025-08-30,6.0,Female,back pain,Emergency,Low,97.9F,83.0,151/97,100.0,76,lower bak pain since 2 days
V02763,P2122,2025-08-14,6.0,Female,dry cough,Gen Med,Low,36.0C,73.0,128/74,100.0,46,persistent coughing
V02764,P2123,2025-05-21,35.0,Male,coughing,Pulmo,Medium,39.8C,,142 over 88,97.0,43,dry cough for 1 week
V02765,P2124,2025-11-25,68.0,M,head-ache,Neurology,Low,38.0C,73.0,100/72,97.0,104,hedache for 3 days
V02766,P2125,2025-07-01,80.0,Male,abdominal pain,gastro dept,Medium,37.6C,87.0,132/63,100.0,29,pain in lower abdomen
V02767,P2125,2025-02-16,,Male,high fever,General Medicine,Medium,103.3F,75.0,104-76,95.0,58,high fevr since yesterday
V02768,P2126,2025-02-05,49.0,female,abdominal pain,GI,Medium,38.2C,85.0,121-90,95.0,21,pt reports abd pain
V02769,P2126,2025-02-12,49.0,female,Fever,general medicine,Medium,39.1C,82.0,149 over 76,100.0,21,high fevr since yesterday
V02770,P2127,2025-06-15,14.0,F,nausea/vomiting,gastro dept,Medium,36.4C,81.0,160-61,98.0,56,nausea with vomiting
V02771,P2128,2025-09-04,62.0,F,throat pain,Gen Med,Low,40.5C,68.0,138/79,98.0,117,pt reports throat ache
V02772,P2129,2025-01-21,34.0,Female,,ENT,Low,36.5C,82.0,155/86,97.0,107,pt reports throat ache
V02773,P2130,2025-09-22,41.0,Male,Back Pain,Emergency Dept,Low,39.2C,80.0,100 over 78,99.0,88,lower bak pain since 2 days
V02774,P2131,2025-03-28,26.0,Male,abd pain,General Medicine,Medium,97.9F,97.0,114 over 79,97.0,44,pain in lower abdomen
V02775,P2131,2025-05-16,26.0,Male,Dizziness,neuro dept,Low,101.5F,85.0,126 over 83,100.0,48,vertigo like symptoms
V02776,P2132,2025-04-17,52.0,Male,sore throut,Ear Nose Throat,Low,102.4F,83.0,114-86,100.0,45,pt reports throat ache
V02777,P2133,2025-02-10,,Male,hedache,general medicine,Medium,36.5C,81.0,105-91,97.0,28,severe headache since morning
V02778,P2133,2025-06-29,86.0,Male,nausea,Gastro,Low,37.5C,,158/65,96.0,79,feeling sick after meals
V02779,P2134,2025-01-09,22.0,Female,lumbar pain,Emergency,Medium,38.3C,77.0,115 over 68,96.0,57,back pain while sitting
V02780,P2134,2025-12-13,22.0,Female,persistent cough,Pulmo,Low,39.1C,67.0,152-62,100.0,83,dry cough for 1 week
V02781,P2135,2026-01-01,46.0,female,lightheaded,neuro dept,Medium,39.5C,91.0,144/77,95.0,42,pt feels dizzy since mornng
V02782,P2135,2025-12-25,46.0,female,dizzy,general medicine,Low,40.0C,69.0,146 over 98,100.0,40,vertigo like symptoms
V02783,P2136,2025-05-17,11.0,M,dizziness,neuro dept,Low,98.2F,76.0,100-70,100.0,117,pt feels dizzy since mornng
V02784,P2137,2025-09-13,2.0,F,head-ache,general medicine,Medium,99.9F,86.0,128 over 76,95.0,21,migraine like symptoms
V02785,P2138,2025-12-16,79.0,Male,throat ache,General Medicine,Low,99.5F,77.0,112-80,100.0,63,pt reports throat ache
V02786,P2139,2025-10-27,69.0,F,Chest Pain,Cardio,Critical,102.4F,124.0,133-67,82.0,5,pt has chst pain frm morning
V02787,P2140,2025-03-01,69.0,male,weakness,Cardiology,Low,39.8C,68.0,123-98,96.0,79,fatigue and lethargy
V02788,P2141,2025-06-08,80.0,male,back pain,Emergency,Low,36.4C,63.0,119-80,97.0,100,lower bak pain since 2 days
V02789,P2142,2025-06-13,43.0,M,chest pain,ER,Critical,97.2F,126.0,110-93,91.0,6,pt has chst pain frm morning
V02790,P2142,2025-10-26,43.0,M,abdominal pain,Gen Med,Medium,38.7C,76.0,159/91,95.0,32,stomach ache since last night
V02791,P2143,2025-03-07,8.0,Male,chestpain,A&E,Critical,38.5C,130.0,146 over 98,83.0,14,chest pain since 2 hrs
V02792,P2143,2025-04-12,8.0,Male,dizzy,Neuro,Medium,100.4F,83.0,159 over 72,97.0,40,pt feels dizzy since mornng
V02793,P2144,2025-08-13,30.0,,Head Ache,General Medicine,Medium,103.8F,78.0,125 over 92,99.0,52,severe headache since morning
V02794,P2144,2025-07-09,30.0,M,Sore Throat,ENT,Low,37.9C,80.0,152-71,98.0,114,throat pain while swallowing
V02795,P2145,2025-02-06,24.0,F,coughing,General Medicine,Medium,39.1C,92.0,108-86,100.0,46,dry cough for 1 week
V02796,P2146,2025-04-11,67.0,male,difficulty breathing,Pulmonology,High,98.1F,97.0,152 over 62,93.0,28,breathlessness since morning
V02797,P2147,2025-08-23,42.0,Male,abd pain,general medicine,Medium,37.8C,98.0,132-60,97.0,37,pain in lower abdomen
V02798,P2148,2025-07-28,32.0,Male,lightheaded,,Medium,39.3C,88.0,101/97,98.0,28,vertigo like symptoms
V02799,P2149,2025-05-27,,Female,dry cough,Gen Med,Low,36.2C,61.0,115 over 65,95.0,111,cough with mild fever
V02800,P2150,2025-06-10,3.0,F,Fever,A&E,Medium,39.2C,87.0,130/78,98.0,29,pt reports fever and chills
V02801,P2150,2025-01-02,3.0,F,lower back pain,Emergency,Low,40.4C,69.0,150 over 62,98.0,96,back pain while sitting
V02802,P2151,2025-11-03,53.0,M,breathlessness,Pulmo,High,36.3C,101.0,112-99,96.0,27,sob while walking
V02803,P2152,2025-02-14,78.0,Male,bak pain,Emergency Dept,Medium,39.1C,87.0,117 over 85,100.0,59,back pain while sitting
V02804,P2153,2025-09-21,69.0,female,Sore Throat,general medicine,Low,97.7F,83.0,139/68,96.0,114,pt reports throat ache
V02805,P2154,2025-04-27,25.0,male,lumbar pain,Emergency Dept,Low,38.4C,74.0,150/78,95.0,117,back pain while sitting
V02806,P2154,2025-05-05,25.0,male,chestpain,Cardiology,Critical,40.2C,149.0,141/78,86.0,6,pain in chest while walking
V02807,P2155,2025-01-12,63.0,Male,fatigue,general medicine,Low,103.8F,64.0,135/80,99.0,54,fatigue and lethargy
V02808,P2156,2025-08-15,85.0,male,head-ache,neuro dept,Medium,37.2C,91.0,100-84,97.0,32,severe headache since morning
V02809,P2156,2025-12-23,85.0,male,chestpain,cardiology,High,37.5C,107.0,134/80,94.0,18,pain in chest while walking
V02810,P2157,2025-10-18,14.0,F,lower back pain,General Medicine,Medium,103.3F,76.0,142 over 76,95.0,41,pt reports lumbar pain
V02811,P2157,2025-02-09,14.0,F,lethargy,CARDIO,Medium,102.2F,84.0,152/75,97.0,41,pt reports weakness since 3 days
V02812,P2158,2025-01-26,,male,Back Pain,ER,Low,102.4F,70.0,146/66,96.0,61,pt reports lumbar pain
V02813,P2159,2025-04-08,73.0,,difficulty breathing,pulmonology,High,36.1C,105.0,121 over 93,94.0,27,difficulty breathing since last night
V02814,P2160,2025-01-13,31.0,M,high temp,Gen Med,Medium,97.2F,75.0,146-74,96.0,25,body ache with fever
V02815,P2161,2025-04-13,41.0,F,throat ache,Ear Nose Throat,Low,102.9F,68.0,150 over 93,96.0,53,sore throut since yesterday
V02816,P2161,2025-05-05,41.0,F,sore throut,general medicine,Low,38.9C,76.0,149/89,96.0,93,throat pain while swallowing
V02817,P2162,2025-02-10,77.0,female,Sore Throat,ent dept,Low,36.1C,75.0,117/76,98.0,106,throat pain while swallowing
V02818,P2163,2025-08-21,63.0,M,Dizziness,Gen Med,Medium,40.5C,100.0,126 over 89,99.0,37,lightheaded on standing
V02819,P2163,2025-09-14,,M,sore throut,ent dept,Low,36.5C,78.0,119-84,96.0,45,sore throut since yesterday
V02820,P2164,2025-08-01,68.0,male,fever,ER,Medium,40.0C,79.0,155/65,98.0,31,pt reports fever and chills
V02821,P2165,2025-11-19,66.0,Female,Sore Throat,General Medicine,Low,37.8C,72.0,137/97,95.0,86,pt reports throat ache
V02822,P2166,2025-06-15,5.0,F,N/V,Gen Med,Medium,36.1C,90.0,148 over 83,100.0,39,feeling sick after meals
V02823,P2166,2025-04-23,5.0,F,cough,Gen Med,Medium,98.4F,97.0,159/62,99.0,59,dry cough for 1 week
V02824,P2166,2025-07-25,5.0,F,cough,Pulmo,Medium,36.1C,95.0,133-89,98.0,37,cough with mild fever
V02825,P2167,2025-12-05,28.0,male,SOB,pulmonology,High,38.5C,111.0,107-75,93.0,17,sob while walking
V02826,P2168,2025-09-09,5.0,male,cough,Pulmonology,Medium,36.3C,81.0,117-79,95.0,25,persistent coughing
V02827,P2169,2025-07-13,63.0,F,SOB,A&E,High,38.1C,102.0,138-64,94.0,30,sob while walking
V02828,P2170,2026-01-01,77.0,M,sore throat,ENT,Low,39.0C,82.0,129/85,98.0,58,throat pain while swallowing
V02829,P2171,2025-04-19,52.0,M,Dizziness,general medicine,Medium,36.1C,,143 over 94,95.0,50,lightheaded on standing
V02830,P2172,2025-01-27,32.0,female,lumbar pain,Gen Med,Medium,99.7F,88.0,149/94,98.0,39,lower bak pain since 2 days
V02831,P2173,2025-05-29,53.0,F,cough,pulmonology,Low,97.2F,81.0,108/78,99.0,75,cough with mild fever
V02832,P2174,2025-05-11,11.0,female,back pain,General Medicine,Low,37.1C,78.0,133/75,99.0,44,back pain while sitting
V02833,P2175,2025-07-22,70.0,female,difficulty breathing,Emergency Dept,Critical,103.1F,129.0,100-67,82.0,14,sob while walking
V02834,P2176,2025-10-08,48.0,male,feeling sick,Gen Med,Medium,103.8F,,153/89,98.0,48,nausea with vomiting
V02835,P2177,2025-12-13,10.0,Female,throat pain,general medicine,Low,104.0F,85.0,155 over 74,100.0,51,sore throut since yesterday
V02836,P2177,2025-07-10,10.0,Female,nausea,General Medicine,Medium,97.7F,75.0,155-69,95.0,49,feeling sick after meals
V02837,P2178,2025-01-22,,M,chestpain,A&E,High,37.9C,98.0,158-72,91.0,10,chest pain since 2 hrs
V02838,P2178,2025-12-09,41.0,M,throat pain,Ear Nose Throat,Low,,84.0,115-97,97.0,75,sore throut since yesterday
V02839,P2178,2025-03-16,41.0,M,nausea,Gen Med,Medium,40.3C,84.0,144/90,97.0,33,feeling sick after meals
V02840,P2179,2025-06-01,67.0,female,Fatigue,CARDIO,Medium,39.2C,76.0,138-100,100.0,21,extreme tiredness
V02841,P2180,2025-05-03,69.0,Male,,Cardiology,Medium,37.6C,82.0,105-86,100.0,47,pt reports weakness since 3 days
V02842,P2180,2025-06-07,69.0,Male,coughing,pulmonology,Medium,39.8C,80.0,115 over 91,98.0,22,cough with mild fever
V02843,P2181,2025-05-06,46.0,Male,SOB,,Critical,103.5F,119.0,134-89,89.0,0,difficulty breathing since last night
V02844,P2181,2025-09-14,46.0,Male,short of breath,ER,Critical,100.9F,143.0,101-76,88.0,5,difficulty breathing since last night
V02845,P2182,2025-08-31,56.0,Male,vertigo,general medicine,Low,,70.0,129 over 84,99.0,69,lightheaded on standing
V02846,P2183,2025-07-25,,F,lumbar pain,,Medium,101.8F,81.0,122/98,99.0,27,lower bak pain since 2 days
V02847,P2184,2025-01-05,74.0,Male,CHEST PAIN,A&E,High,40.0C,107.0,111 over 90,93.0,21,pain in chest while walking
V02848,P2185,2025-03-23,11.0,M,lower back pain,A&E,Medium,36.2C,98.0,128 over 85,98.0,58,lower bak pain since 2 days
V02849,P2186,2025-01-01,19.0,M,lumbar pain,ER,Medium,36.5C,97.0,146/87,99.0,23,pt reports lumbar pain
V02850,P2187,2025-06-13,83.0,male,lumbar pain,ER,Medium,103.1F,89.0,107/98,95.0,45,back pain while sitting
V02851,P2188,2025-08-07,81.0,M,Fatigue,general medicine,Medium,36.7C,,150/99,98.0,37,fatigue and lethargy
V02852,P2189,2025-10-15,41.0,male,chestpain,ER,High,39.3C,102.0,134/90,90.0,19,pain in chest while walking
V02853,P2190,2025-04-29,25.0,female,tiredness,Cardio,Medium,104.4F,89.0,147/75,100.0,33,pt reports weakness since 3 days
V02854,P2191,2025-04-13,85.0,M,coughing,general medicine,Low,98.6F,66.0,135-89,,51,dry cough for 1 week
V02855,P2192,2025-11-24,2.0,,weakness,Cardiology,Medium,39.5C,81.0,117/83,100.0,20,extreme tiredness
V02856,P2193,2025-08-06,60.0,Female,coughing,Pulmonology,Low,37.8C,81.0,137/69,99.0,49,persistent coughing
V02857,P2194,2025-03-04,28.0,female,lightheaded,general medicine,Low,39.6C,79.0,133-100,95.0,67,lightheaded on standing
V02858,P2195,2025-09-16,31.0,male,feeling sick,gastro dept,Low,36.0C,68.0,136 over 96,100.0,60,feeling sick after meals
V02859,P2196,2025-04-25,69.0,Male,CHEST PAIN,Cardio,Critical,97.7F,139.0,135/85,85.0,14,chest pain since 2 hrs
V02860,P2197,2025-02-21,23.0,M,Dizziness,General Medicine,Medium,38.8C,85.0,133/62,95.0,36,pt feels dizzy since mornng
V02861,P2198,2025-06-19,82.0,,lumbar pain,general medicine,Medium,100.2F,82.0,107/86,95.0,22,back pain while sitting
V02862,P2199,2025-03-31,88.0,F,chst pain,ER,High,39.6C,99.0,125-89,92.0,23,chest pain since 2 hrs
V02863,P2200,2025-05-09,74.0,male,weakness,General Medicine,Low,38.3C,61.0,144/84,99.0,116,fatigue and lethargy
V02864,P2201,2025-05-09,72.0,Male,lumbar pain,Gen Med,Medium,39.7C,89.0,153 over 64,95.0,51,pt reports lumbar pain
V02865,P2202,2025-12-25,29.0,female,abdominal pain,Gastroenterology,Medium,103.5F,95.0,104 over 71,100.0,25,stomach ache since last night
V02866,P2203,2025-11-26,28.0,male,stomach pain,Gen Med,Medium,98.4F,95.0,137 over 61,98.0,32,stomach ache since last night
V02867,P2204,2025-05-17,16.0,Male,headache,general medicine,Low,40.3C,82.0,141 over 75,100.0,108,severe headache since morning
V02868,P2205,2025-01-28,86.0,female,cough,general medicine,Medium,39.8C,84.0,129-92,96.0,55,dry cough for 1 week
V02869,P2206,2025-01-04,23.0,M,dry cough,General Medicine,Medium,40.4C,86.0,133 over 62,97.0,60,dry cough for 1 week
V02870,P2206,2025-03-06,,M,breathlessness,Pulmonology,Critical,39.0C,130.0,137-78,92.0,5,breathlessness since morning
V02871,P2207,2025-10-31,8.0,male,throat ache,ent dept,Low,39.9C,75.0,109 over 71,100.0,108,pt reports throat ache
V02872,P2207,2025-06-27,8.0,,abdominal pain,General Medicine,Medium,39.5C,87.0,158/66,99.0,26,pt reports abd pain
V02873,P2208,2025-10-25,31.0,male,Dizziness,Gen Med,Medium,38.8C,86.0,143/63,100.0,22,vertigo like symptoms
V02874,P2209,2025-05-27,57.0,M,high temp,A&E,Medium,100.8F,88.0,141/62,96.0,500,body ache with fever
V02875,P2210,2025-07-12,50.0,female,vertigo,General Medicine,Low,39.1C,67.0,111 over 94,96.0,71,pt feels dizzy since mornng
V02876,P2211,2025-03-18,83.0,Male,Fever,general medicine,Low,36.8C,,127/78,99.0,44,high fevr since yesterday
V02877,P2211,2025-05-05,83.0,Male,Nausea,General Medicine,Medium,99.5F,75.0,150 over 71,95.0,31,feeling sick after meals
V02878,P2212,2025-05-23,31.0,Female,short of breath,A&E,Critical,100.6F,131.0,159 over 82,91.0,2,breathlessness since morning
V02879,P2212,2025-09-27,31.0,Female,dizzy,Neuro,Medium,99.7F,98.0,127 over 62,100.0,34,vertigo like symptoms
V02880,P2213,2025-04-14,75.0,M,,Pulmo,Medium,99.5F,91.0,156 over 99,95.0,24,dry cough for 1 week
V02881,P2214,2025-03-23,53.0,female,weakness,General Medicine,Low,38.7C,60.0,157-95,100.0,69,fatigue and lethargy
V02882,P2215,2025-06-10,52.0,male,difficulty breathing,Emergency,Critical,102.9F,122.0,122 over 86,85.0,2,breathlessness since morning
V02883,P2216,2025-05-07,65.0,,Back Pain,A&E,Low,36.4C,63.0,110 over 60,100.0,47,back pain while sitting
V02884,P2217,2025-04-11,76.0,Male,headache,neuro dept,Low,40.0C,71.0,151 over 78,96.0,47,migraine like symptoms
V02885,P2217,2025-03-28,76.0,Male,abdo pain,gastro dept,Medium,101.8F,85.0,100 over 71,97.0,41,pt reports abd pain
V02886,P2218,2025-11-03,31.0,Male,hedache,Neurology,Medium,102.0F,91.0,110/91,95.0,41,severe headache since morning
V02887,P2218,2025-12-13,31.0,Male,Nausea,GI,Medium,36.0C,83.0,160/67,96.0,42,feeling sick after meals
V02888,P2218,2025-06-01,31.0,Male,abdominal pain,GI,Medium,38.6C,88.0,142-61,96.0,30,stomach ache since last night
V02889,P2219,2025-12-05,1.0,F,chest pain,,High,40.5C,110.0,117-66,96.0,28,pt has chst pain frm morning
V02890,P2220,2025-04-17,87.0,Male,dizzy,General Medicine,Medium,38.0C,86.0,140-94,100.0,40,lightheaded on standing
V02891,P2220,2025-02-05,87.0,Male,fevr,A&E,Low,97.3F,69.0,119/70,98.0,67,pt reports fever and chills
V02892,P2221,2025-04-11,65.0,M,Fatigue,Cardio,Low,38.9C,81.0,124-69,97.0,43,pt reports weakness since 3 days
V02893,P2222,2025-03-27,68.0,female,fevr,general medicine,Low,39.8C,62.0,149-93,97.0,116,high fevr since yesterday
V02894,P2223,2025-07-28,56.0,Male,hedache,General Medicine,Low,36.4C,61.0,148 over 60,97.0,116,migraine like symptoms
V02895,P2224,2025-04-15,73.0,,back pain,A&E,Medium,38.8C,99.0,118 over 91,99.0,54,lower bak pain since 2 days
V02896,P2225,2025-09-25,62.0,Male,headache,general medicine,Medium,37.0C,77.0,121/70,100.0,51,severe headache since morning
V02897,P2225,2025-03-17,,Male,chst pain,ER,High,104.7F,117.0,139/89,,14,chest pain since 2 hrs
V02898,P2226,2025-08-19,24.0,M,lower back pain,Gen Med,Medium,103.1F,93.0,135-75,99.0,35,lower bak pain since 2 days
V02899,P2227,2025-04-29,20.0,Male,abdominal pain,General Medicine,Medium,40.0C,88.0,103-67,96.0,38,pt reports abd pain
V02900,P2228,2025-04-01,24.0,Female,abdominal pain,Gastro,Medium,104.0F,95.0,124/60,99.0,33,pt reports abd pain
V02901,P2229,2025-08-12,10.0,Male,N/V,General Medicine,Medium,39.2C,97.0,154/93,99.0,54,nausea with vomiting
V02902,P2230,2025-01-03,60.0,M,abdo pain,,Medium,104.5F,97.0,120/80,95.0,51,stomach ache since last night
V02903,P2231,2025-08-27,71.0,Female,lightheaded,Neuro,Low,,70.0,103-67,,94,lightheaded on standing
V02904,P2232,2025-09-22,90.0,Female,chestpain,ER,Critical,40.5C,134.0,153/97,86.0,6,chest pain since 2 hrs
V02905,P2232,2025-12-26,90.0,Female,stomach pain,Gen Med,Medium,37.9C,79.0,121 over 94,100.0,59,pain in lower abdomen
V02906,P2233,2025-02-19,84.0,female,abdo pain,general medicine,Medium,39.7C,84.0,120-88,100.0,47,stomach ache since last night
V02907,P2234,2025-02-05,45.0,Female,fever,Emergency Dept,Low,37.7C,77.0,158/79,95.0,59,body ache with fever
V02908,P2235,2025-11-24,49.0,Female,Nausea,general medicine,Low,37.8C,65.0,106-69,95.0,55,pt reports N/V since last nite
V02909,P2236,2025-02-06,6.0,Female,N/V,GI,Low,40.0C,65.0,127 over 67,95.0,79,feeling sick after meals
V02910,P2237,2025-07-29,57.0,male,abdo pain,general medicine,Medium,36.0C,78.0,142-72,100.0,59,stomach ache since last night
V02911,P2238,2025-04-28,,Male,lower back pain,Gen Med,Low,37.2C,82.0,137-80,95.0,81,pt reports lumbar pain
V02912,P2238,2025-05-14,17.0,Male,Fatigue,Gen Med,Medium,102.0F,76.0,134/86,99.0,45,pt reports weakness since 3 days
V02913,P2239,2025-10-10,44.0,female,sore throat,General Medicine,Low,97.9F,76.0,117/91,95.0,73,sore throut since yesterday
V02914,P2240,2025-04-25,5.0,M,tiredness,general medicine,Medium,39.1C,91.0,147/91,99.0,50,pt reports weakness since 3 days
V02915,P2241,2025-04-20,26.0,F,nausea/vomiting,Gen Med,Medium,102.4F,88.0,110/68,96.0,21,pt reports N/V since last nite
V02916,P2242,2025-06-13,73.0,M,Back Pain,general medicine,Low,37.6C,63.0,149-93,99.0,100,lower bak pain since 2 days
V02917,P2243,2025-08-25,90.0,male,abd pain,Gen Med,Medium,103.8F,76.0,100 over 74,100.0,43,stomach ache since last night
V02918,P2244,2025-06-05,18.0,F,weakness,CARDIO,Medium,97.7F,81.0,144-92,95.0,51,pt reports weakness since 3 days
V02919,P2245,2025-08-03,40.0,F,N/V,Gastro,Low,40.1C,72.0,119/92,97.0,85,pt reports N/V since last nite
V02920,P2246,2025-04-07,56.0,female,fatigue,general medicine,Low,38.5C,65.0,145/66,99.0,82,fatigue and lethargy
V02921,P2247,2025-02-15,43.0,,lethargy,cardiology,Low,37.8C,80.0,105 over 74,100.0,69,pt reports weakness since 3 days
V02922,P2248,2025-10-06,36.0,female,abd pain,,Medium,38.1C,87.0,134/84,98.0,50,stomach ache since last night
V02923,P2249,2025-08-26,,M,chestpain,Emergency Dept,High,98.8F,110.0,106 over 77,94.0,19,chest pain since 2 hrs
V02924,P2250,2025-01-07,54.0,female,abdo pain,Gen Med,Medium,100.8F,76.0,116-83,97.0,23,pain in lower abdomen
V02925,P2251,2025-06-01,60.0,M,coughing,Pulmonology,Low,37.9C,75.0,131-61,98.0,94,persistent coughing
V02926,P2252,2025-06-29,59.0,male,high fever,Emergency Dept,Medium,39.8C,100.0,111-60,96.0,36,body ache with fever
V02927,P2253,2025-04-05,34.0,F,lower back pain,General Medicine,Medium,,75.0,107/66,96.0,58,lower bak pain since 2 days
V02928,P2254,2025-03-17,43.0,M,fatigue,Cardio,Low,39.9C,77.0,150 over 81,98.0,113,fatigue and lethargy
V02929,P2254,2025-05-01,43.0,M,tiredness,Gen Med,Low,36.1C,62.0,143-63,98.0,120,extreme tiredness
V02930,P2255,2025-06-13,57.0,Female,lumbar pain,general medicine,Medium,37.2C,76.0,141-64,96.0,24,lower bak pain since 2 days
V02931,P2256,2025-04-15,,male,stomach pain,Gastro,Medium,36.1C,79.0,140/83,99.0,58,stomach ache since last night
V02932,P2257,2025-04-04,17.0,F,Head Ache,neuro dept,Low,39.1C,74.0,118-94,95.0,51,hedache for 3 days
V02933,P2257,2025-05-15,17.0,F,Cough,Pulmo,Low,36.5C,77.0,118 over 99,97.0,93,cough with mild fever
V02934,P2257,2025-08-23,17.0,F,lightheaded,Neurology,Low,37.7C,80.0,111-69,97.0,115,pt feels dizzy since mornng
V02935,P2258,2025-07-16,69.0,female,chest pain,Emergency,Critical,96.8F,136.0,138-71,84.0,6,pt has chst pain frm morning
V02936,P2258,2025-07-20,69.0,female,feeling sick,Gastroenterology,Medium,38.4C,77.0,111-79,95.0,54,feeling sick after meals
V02937,P2259,2025-03-14,29.0,male,high temp,A&E,Low,101.1F,85.0,119-89,100.0,95,body ache with fever
V02938,P2259,2025-03-13,29.0,male,throat ache,Ear Nose Throat,Low,38.6C,84.0,133 over 63,97.0,53,sore throut since yesterday
V02939,P2260,2025-01-06,83.0,F,chest pain,Emergency,Critical,36.6C,150.0,143/63,83.0,3,pt has chst pain frm morning
V02940,P2261,2025-08-11,61.0,F,dizziness,Neurology,Low,37.8C,76.0,124/93,100.0,52,lightheaded on standing
V02941,P2262,2025-07-09,87.0,Male,chest pain,Emergency,Critical,36.0C,132.0,118 over 62,82.0,7,pain in chest while walking
V02942,P2263,2025-10-19,38.0,F,bak pain,General Medicine,Low,39.1C,62.0,123/71,97.0,86,lower bak pain since 2 days
V02943,P2264,2025-04-02,44.0,F,sore throat,ENT,Low,40.2C,75.0,101 over 85,97.0,108,throat pain while swallowing
V02944,P2265,2025-01-06,1.0,M,high temp,general medicine,Medium,38.6C,85.0,104-88,95.0,25,pt reports fever and chills
V02945,P2266,2025-07-30,89.0,F,coughing,Pulmonology,Low,38.3C,74.0,109 over 92,99.0,81,persistent coughing
V02946,P2266,2025-11-03,89.0,F,abdo pain,Gastro,Medium,98.2F,92.0,153 over 75,100.0,46,pain in lower abdomen
V02947,P2267,2025-08-30,55.0,Male,headache,general medicine,Medium,97.0F,,134/92,96.0,28,hedache for 3 days
V02948,P2268,2025-07-26,46.0,Male,fever,Emergency,Low,37.7C,78.0,118/87,99.0,85,pt reports fever and chills
V02949,P2269,2025-02-24,54.0,male,lightheaded,Neuro,Low,99.0F,75.0,139-95,100.0,92,vertigo like symptoms
V02950,P2270,2025-01-21,46.0,Female,lower back pain,Gen Med,Medium,36.7C,94.0,140-85,97.0,49,back pain while sitting
V02951,P2271,2025-02-09,,Female,cough,Pulmonology,Low,38.6C,77.0,127-97,96.0,78,persistent coughing
V02952,P2272,2025-07-23,68.0,M,Head Ache,Neurology,Medium,37.9C,98.0,119-95,95.0,43,severe headache since morning
V02953,P2272,2025-08-31,68.0,M,back pain,general medicine,Low,38.1C,78.0,101-83,100.0,88,pt reports lumbar pain
V02954,P2272,2025-02-02,68.0,M,headache,General Medicine,Low,101.3F,65.0,139/82,100.0,92,migraine like symptoms
V02955,P2273,2025-01-08,42.0,Male,fevr,A&E,Low,39.3C,83.0,105/81,95.0,108,body ache with fever
V02956,P2273,2025-07-11,42.0,Male,fevr,A&E,Medium,40.2C,81.0,142-97,97.0,40,body ache with fever
V02957,P2274,2025-11-12,2.0,female,stomach pain,GI,Medium,39.5C,99.0,138 over 73,99.0,52,pt reports abd pain
V02958,P2275,2025-01-24,,Male,head-ache,Neuro,Medium,99.7F,82.0,129 over 67,100.0,45,hedache for 3 days
V02959,P2275,2025-12-14,59.0,Male,high temp,A&E,Medium,100.4F,95.0,130/65,95.0,51,body ache with fever
V02960,P2275,2025-01-09,59.0,Male,Fever,A&E,Low,39.9C,75.0,136/69,99.0,76,pt reports fever and chills
V02961,P2276,2025-04-12,13.0,Female,Fatigue,Gen Med,Medium,37.8C,94.0,108/100,98.0,47,fatigue and lethargy
V02962,P2276,2025-12-06,13.0,Female,vertigo,General Medicine,Low,38.0C,82.0,100-75,100.0,102,lightheaded on standing
V02963,P2277,2025-08-23,69.0,male,throat pain,General Medicine,Low,99.9F,61.0,160/87,99.0,57,pt reports throat ache
V02964,P2277,2025-04-12,69.0,male,fevr,ER,Medium,36.1C,,102 over 81,99.0,37,high fevr since yesterday
V02965,P2278,2025-03-28,26.0,Female,Back Pain,Gen Med,Low,39.8C,82.0,115-63,99.0,63,lower bak pain since 2 days
V02966,P2279,2025-04-21,72.0,M,difficulty breathing,pulmonology,Critical,38.3C,128.0,137/90,83.0,6,difficulty breathing since last night
V02967,P2280,2025-02-28,86.0,male,dizziness,general medicine,Medium,38.8C,93.0,110/75,95.0,30,vertigo like symptoms
V02968,P2281,2025-04-27,32.0,female,throat pain,ent dept,Low,38.8C,80.0,137-77,98.0,46,sore throut since yesterday
V02969,P2282,2025-11-11,35.0,female,lightheaded,General Medicine,Medium,102.6F,100.0,126-75,96.0,29,vertigo like symptoms
V02970,P2283,2025-08-17,42.0,M,Fever,Emergency Dept,Low,39.0C,72.0,135/93,98.0,71,high fevr since yesterday
V02971,P2284,2025-01-26,21.0,Male,weakness,general medicine,Medium,37.0C,88.0,102 over 100,99.0,49,fatigue and lethargy
V02972,P2284,2025-03-13,,Male,Head Ache,Neuro,Low,36.4C,76.0,149-93,,68,migraine like symptoms
V02973,P2285,2025-08-02,48.0,F,Fever,General Medicine,Low,99.0F,80.0,154 over 90,97.0,67,body ache with fever
V02974,P2285,2025-03-31,,F,stomach pain,Gastro,Medium,40.4C,91.0,144-85,96.0,37,stomach ache since last night
V02975,P2286,2025-12-28,57.0,female,hedache,General Medicine,Medium,39.9C,95.0,134/87,95.0,28,hedache for 3 days
V02976,P2286,2025-06-08,57.0,female,coughing,Gen Med,Medium,37.5C,91.0,105-96,,37,cough with mild fever
V02977,P2287,2025-05-31,47.0,Female,persistent cough,Pulmonology,Medium,37.2C,95.0,154 over 68,99.0,39,dry cough for 1 week
V02978,P2287,2025-10-13,47.0,Female,throat pain,ent dept,Low,104.7F,82.0,142/84,100.0,109,pt reports throat ache
V02979,P2288,2025-07-23,30.0,female,Sore Throat,General Medicine,Low,37.5C,85.0,120 over 99,100.0,83,pt reports throat ache
V02980,P2288,2025-06-04,30.0,female,abdominal pain,Gen Med,Medium,38.5C,89.0,133-72,97.0,22,stomach ache since last night
V02981,P2288,2025-04-23,30.0,female,nausea/vomiting,Gastroenterology,Low,36.9C,69.0,113 over 83,99.0,65,feeling sick after meals
V02982,P2289,2025-12-13,86.0,male,dry cough,Pulmonology,Low,36.2C,73.0,137-74,,110,dry cough for 1 week
V02983,P2290,2025-05-15,6.0,F,Sore Throat,ENT,Low,38.8C,60.0,101-82,96.0,61,pt reports throat ache
V02984,P2291,2025-12-11,41.0,male,weakness,General Medicine,Low,37.9C,84.0,128/70,97.0,66,pt reports weakness since 3 days
V02985,P2292,2025-04-13,,female,high temp,A&E,Low,100.6F,68.0,143-87,98.0,49,body ache with fever
V02986,P2293,2025-02-07,10.0,Male,short of breath,Pulmonology,Critical,37.9C,121.0,116/93,87.0,15,sob while walking
V02987,P2294,2025-06-30,73.0,female,abd pain,GI,Medium,104.9F,82.0,112-71,97.0,39,pt reports abd pain
V02988,P2295,2025-04-11,48.0,Female,short of breath,ER,High,38.6C,105.0,109 over 70,95.0,22,sob while walking
V02989,P2296,2025-05-05,12.0,Female,abd pain,Gastroenterology,Medium,102.9F,75.0,125/86,97.0,24,pain in lower abdomen
V02990,P2297,2025-11-27,78.0,F,cough,Gen Med,Medium,39.0C,,118-95,95.0,20,cough with mild fever
V02991,P2297,2025-08-23,78.0,F,chst pain,Cardio,Critical,104.0F,116.0,127/94,82.0,12,pain in chest while walking
V02992,P2298,2025-05-31,84.0,Male,difficulty breathing,pulmonology,High,36.6C,116.0,134-95,96.0,30,sob while walking
V02993,P2298,2025-03-22,84.0,Male,high temp,A&E,Medium,100.8F,84.0,160 over 62,98.0,26,high fevr since yesterday
V02994,P2299,2025-12-20,24.0,Male,N/V,General Medicine,Medium,98.1F,94.0,143/73,98.0,32,feeling sick after meals
V02995,P2300,2025-01-31,37.0,male,difficulty breathing,pulmonology,High,101.5F,118.0,157 over 74,94.0,15,difficulty breathing since last night
V02996,P2301,2025-04-08,,M,persistent cough,Pulmonology,Medium,97.5F,77.0,120/77,96.0,37,cough with mild fever
V02997,P2302,2025-10-23,84.0,,Dizziness,general medicine,Medium,104.2F,86.0,134 over 73,96.0,36,pt feels dizzy since mornng
V02998,P2303,2025-12-31,85.0,Female,Fatigue,General Medicine,Medium,39.1C,94.0,121 over 70,95.0,58,extreme tiredness
V02999,P2304,2025-07-07,19.0,Female,shortness of breath,pulmonology,Critical,37.1C,110.0,119/100,82.0,7,breathlessness since morning
V03000,P2305,2025-06-20,27.0,Male,CHEST PAIN,Emergency,Critical,36.4C,132.0,126 over 85,83.0,1,pt has chst pain frm morning
V03001,P2306,2025-05-20,40.0,female,cough,pulmonology,Low,37.2C,79.0,101-98,,66,cough with mild fever
V03002,P2307,2025-03-02,58.0,F,,Gen Med,Low,39.6C,63.0,109 over 88,96.0,113,cough with mild fever
V03003,P2308,2025-08-14,58.0,male,difficulty breathing,Pulmo,High,101.5F,115.0,136/66,91.0,10,breathlessness since morning
V03004,P2308,2025-02-13,,male,lower back pain,general medicine,Low,37.7C,72.0,106 over 63,96.0,40,lower bak pain since 2 days
V03005,P2309,2025-04-05,87.0,male,Fever,ER,Medium,40.2C,76.0,122-78,96.0,31,high fevr since yesterday
V03006,P2310,2025-05-31,87.0,F,difficulty breathing,ER,High,98.2F,111.0,152 over 97,90.0,11,sob while walking
V03007,P2311,2025-05-23,85.0,female,chst pain,A&E,High,39.2C,102.0,110 over 94,91.0,25,pain in chest while walking
V03008,P2312,2025-07-29,26.0,Female,sore throat,ent dept,Low,39.7C,61.0,157/68,97.0,119,sore throut since yesterday
V03009,P2313,2025-04-10,56.0,,high temp,General Medicine,Medium,39.2C,86.0,127 over 75,100.0,33,body ache with fever
V03010,P2314,2025-05-11,70.0,Female,abdo pain,Gen Med,Medium,39.3C,88.0,153-75,97.0,46,stomach ache since last night
V03011,P2314,2025-11-02,70.0,Female,,A&E,Low,36.2C,85.0,121 over 78,95.0,111,lower bak pain since 2 days
V03012,P2315,2025-11-08,25.0,F,stomach pain,gastro dept,Medium,97.5F,88.0,152/63,100.0,24,pain in lower abdomen
V03013,P2316,2025-07-06,52.0,Female,Fatigue,CARDIO,Medium,101.3F,93.0,127/77,100.0,46,pt reports weakness since 3 days
V03014,P2317,2025-01-25,,female,breathlessness,A&E,Critical,98.1F,147.0,131/92,88.0,6,difficulty breathing since last night
V03015,P2317,2025-05-20,34.0,female,cough,pulmonology,Medium,37.3C,83.0,114-62,100.0,27,persistent coughing
V03016,P2318,2025-01-17,68.0,,nausea/vomiting,General Medicine,Medium,104.7F,92.0,143 over 89,95.0,53,nausea with vomiting
V03017,P2319,2025-04-12,,,Nausea,,Low,97.2F,84.0,140/90,99.0,112,pt reports N/V since last nite
V03018,P2320,2025-08-08,56.0,M,dizziness,Gen Med,Medium,97.5F,92.0,103/66,96.0,23,pt feels dizzy since mornng
V03019,P2321,2025-02-04,27.0,female,nausea/vomiting,Gastroenterology,Low,101.5F,80.0,121 over 83,96.0,45,feeling sick after meals
V03020,P2322,2025-11-04,77.0,Male,lumbar pain,General Medicine,Low,36.3C,61.0,114-74,96.0,60,back pain while sitting
V03021,P2323,2025-08-13,55.0,Male,Head Ache,general medicine,Medium,39.8C,96.0,146-95,99.0,29,severe headache since morning
V03022,P2324,2025-09-08,88.0,female,throat ache,ent dept,Low,37.1C,66.0,120 over 70,100.0,50,throat pain while swallowing
V03023,P2325,2025-03-18,20.0,female,Dizziness,Neurology,Medium,39.9C,78.0,139 over 99,98.0,56,lightheaded on standing
V03024,P2326,2025-01-02,68.0,F,lightheaded,General Medicine,Low,104.4F,71.0,134 over 62,96.0,76,lightheaded on standing
V03025,P2327,2025-07-28,,M,tiredness,cardiology,Low,36.7C,63.0,115/65,97.0,43,extreme tiredness
V03026,P2328,2025-01-01,89.0,,persistent cough,Pulmonology,Medium,38.7C,87.0,146/100,99.0,23,persistent coughing
V03027,P2329,2025-04-03,33.0,male,stomach pain,Gen Med,Medium,39.9C,93.0,135 over 89,98.0,28,pain in lower abdomen
V03028,P2330,2025-12-26,86.0,Female,Sore Throat,Ear Nose Throat,Low,36.7C,70.0,124-68,99.0,73,throat pain while swallowing
V03029,P2331,2025-06-26,11.0,female,Sore Throat,ENT,Low,98.6F,68.0,129-68,95.0,66,throat pain while swallowing
V03030,P2332,2025-11-10,83.0,Female,HA,Neurology,Medium,104.0F,77.0,121 over 79,100.0,29,hedache for 3 days
V03031,P2333,2025-12-19,,male,nausea,general medicine,Low,39.8C,84.0,131/94,96.0,70,feeling sick after meals
V03032,P2333,2025-12-20,81.0,male,nausea/vomiting,Gen Med,Low,37.0C,77.0,106/69,98.0,115,pt reports N/V since last nite
V03033,P2334,2025-02-01,42.0,male,tiredness,CARDIO,Medium,40.4C,90.0,113/69,100.0,24,fatigue and lethargy
V03034,P2335,2025-12-26,6.0,F,fatigue,cardiology,Medium,97.7F,90.0,145-65,100.0,42,fatigue and lethargy
V03035,P2336,2025-07-30,48.0,female,head-ache,General Medicine,Low,100.0F,78.0,139/86,100.0,59,severe headache since morning
V03036,P2337,2025-04-25,78.0,male,chestpain,Cardiology,High,36.5C,97.0,156/94,91.0,11,pt has chst pain frm morning
V03037,P2338,2025-09-23,14.0,,abd pain,gastro dept,Medium,36.9C,94.0,121/98,98.0,35,pt reports abd pain
V03038,P2338,2025-07-30,14.0,Male,chst pain,Cardiology,High,100.6F,108.0,159/67,94.0,15,pain in chest while walking
V03039,P2339,2025-03-13,76.0,Male,fatigue,General Medicine,Low,100.0F,77.0,151/77,98.0,82,pt reports weakness since 3 days
V03040,P2340,2025-05-01,82.0,Male,dizzy,Neuro,Low,100.4F,73.0,100/83,99.0,54,lightheaded on standing
V03041,P2340,2025-08-19,82.0,Male,fever,Emergency,Medium,103.1F,75.0,150/62,96.0,47,high fevr since yesterday
V03042,P2340,2025-02-06,82.0,Male,Head Ache,Gen Med,Medium,36.4C,97.0,154 over 91,97.0,57,hedache for 3 days
V03043,P2341,2025-01-09,22.0,female,fevr,Emergency,Medium,98.2F,75.0,116/72,97.0,37,high fevr since yesterday
V03044,P2342,2025-07-02,37.0,Female,Back Pain,,Medium,38.3C,75.0,143-91,99.0,31,lower bak pain since 2 days
V03045,P2343,2025-05-22,10.0,F,chst pain,CARDIO,High,98.6F,118.0,145-87,96.0,10,pain in chest while walking
V03046,P2344,2025-10-01,79.0,F,high fever,Emergency Dept,Low,37.8C,65.0,127 over 95,96.0,99,high fevr since yesterday
V03047,P2345,2025-03-14,4.0,female,persistent cough,General Medicine,Low,40.3C,,152-88,98.0,81,dry cough for 1 week
V03048,P2345,2025-01-27,4.0,female,Chest Pain,cardiology,Critical,39.3C,149.0,120/64,83.0,8,chest pain since 2 hrs
V03049,P2346,2025-03-25,76.0,male,,Gen Med,Medium,96.8F,80.0,132-80,98.0,56,lightheaded on standing
V03050,P2347,2025-03-30,3.0,male,abdominal pain,gastro dept,Medium,102.9F,80.0,128 over 66,98.0,59,pt reports abd pain
V03051,P2347,2025-04-23,3.0,male,high fever,Emergency,Medium,100.9F,82.0,147-63,97.0,30,body ache with fever
V03052,P2347,2025-04-30,3.0,male,shortness of breath,A&E,High,97.0F,98.0,144-74,90.0,13,breathlessness since morning
V03053,P2348,2025-08-09,21.0,Male,dizzy,general medicine,Medium,39.7C,82.0,108/60,96.0,23,pt feels dizzy since mornng
V03054,P2349,2025-06-28,84.0,Male,high fever,general medicine,Low,39.6C,79.0,105/85,100.0,100,pt reports fever and chills
V03055,P2349,2025-08-25,84.0,Male,lumbar pain,A&E,Medium,39.0C,83.0,137/90,99.0,31,lower bak pain since 2 days
V03056,P2350,2025-09-14,39.0,F,fever,general medicine,Medium,102.7F,87.0,141 over 81,98.0,46,pt reports fever and chills
V03057,P2351,2025-06-26,,Male,dizzy,Neuro,Low,100.4F,77.0,129/82,100.0,85,pt feels dizzy since mornng
V03058,P2352,2025-03-01,8.0,F,lightheaded,Gen Med,Medium,99.0F,90.0,115 over 78,97.0,51,vertigo like symptoms
V03059,P2352,2025-02-12,8.0,F,Chest Pain,Cardio,Critical,39.7C,135.0,116-80,88.0,6,chest pain since 2 hrs
V03060,P2353,2025-09-01,90.0,female,dizzy,general medicine,Medium,103.5F,98.0,130-82,95.0,22,lightheaded on standing
V03061,P2354,2025-08-21,17.0,M,lethargy,Gen Med,Medium,36.9C,96.0,115-90,97.0,24,extreme tiredness
V03062,P2354,2025-05-05,17.0,M,abdo pain,gastro dept,Medium,98.4F,78.0,155/81,100.0,32,pt reports abd pain
V03063,P2355,2025-02-22,67.0,F,Chest Pain,A&E,Critical,101.8F,110.0,111 over 81,92.0,15,pain in chest while walking
V03064,P2355,2025-04-29,67.0,F,Chest Pain,Emergency,Critical,37.8C,127.0,144/70,88.0,12,chest pain since 2 hrs
V03065,P2356,2025-05-08,69.0,female,nausea,general medicine,Medium,37.9C,77.0,153 over 78,100.0,20,pt reports N/V since last nite
V03066,P2357,2025-06-13,51.0,F,vertigo,,Medium,104.7F,93.0,102 over 69,96.0,43,lightheaded on standing
V03067,P2358,2025-10-23,19.0,female,abd pain,GI,Medium,100.8F,84.0,108 over 96,98.0,23,pt reports abd pain
V03068,P2359,2025-04-13,73.0,M,chestpain,ER,Critical,99.0F,135.0,101-90,84.0,10,pain in chest while walking
V03069,P2360,2025-03-30,42.0,female,lower back pain,Emergency Dept,Low,37.1C,64.0,126 over 63,97.0,97,pt reports lumbar pain
V03070,P2360,2025-02-21,42.0,female,stomach pain,GI,Medium,39.3C,85.0,104/91,99.0,31,stomach ache since last night
V03071,P2360,2025-01-15,42.0,female,throat pain,Ear Nose Throat,Low,38.7C,61.0,140/77,97.0,73,throat pain while swallowing
V03072,P2361,2025-07-22,64.0,Male,high temp,Emergency Dept,Medium,38.1C,95.0,133-62,98.0,48,body ache with fever
V03073,P2362,2025-11-16,12.0,female,chst pain,Cardiology,High,97.7F,112.0,108/86,95.0,28,chest pain since 2 hrs
V03074,P2362,2025-03-18,12.0,female,lower back pain,General Medicine,Medium,104.9F,90.0,114 over 74,97.0,36,pt reports lumbar pain
V03075,P2363,2025-01-09,26.0,F,bak pain,Emergency,Medium,99.9F,79.0,122/91,96.0,42,pt reports lumbar pain
V03076,P2364,2025-10-14,15.0,Male,abdo pain,,Medium,101.8F,91.0,137/94,99.0,48,stomach ache since last night
V03077,P2365,2025-01-19,76.0,female,sore throut,General Medicine,Low,39.8C,65.0,125/74,98.0,54,throat pain while swallowing
V03078,P2365,2025-01-31,76.0,female,difficulty breathing,Emergency,High,36.7C,,109-64,92.0,11,difficulty breathing since last night
V03079,P2366,2025-08-22,,female,dry cough,general medicine,Medium,36.5C,83.0,118-91,98.0,59,persistent coughing
V03080,P2367,2025-12-02,42.0,male,coughing,general medicine,Medium,38.8C,84.0,110 over 83,97.0,21,dry cough for 1 week
V03081,P2368,2025-10-23,77.0,Female,dizziness,Neuro,Low,37.0C,77.0,128/86,99.0,105,lightheaded on standing
V03082,P2369,2025-02-20,,female,hedache,General Medicine,Medium,38.1C,86.0,102/75,96.0,55,severe headache since morning
V03083,P2370,2025-06-06,20.0,Female,head-ache,General Medicine,Medium,40.0C,76.0,130 over 65,100.0,43,migraine like symptoms
V03084,P2371,2025-04-25,21.0,F,persistent cough,general medicine,Low,38.4C,70.0,120 over 81,96.0,62,cough with mild fever
V03085,P2371,2025-11-06,21.0,F,chest pain,cardiology,Critical,38.2C,112.0,130 over 98,82.0,10,pain in chest while walking
V03086,P2372,2025-08-06,46.0,Female,chestpain,cardiology,Critical,39.6C,142.0,124-82,83.0,12,pt has chst pain frm morning
V03087,P2373,2025-09-26,7.0,F,difficulty breathing,Emergency Dept,High,99.7F,103.0,120 over 81,90.0,21,difficulty breathing since last night
V03088,P2374,2025-08-11,88.0,Male,lightheaded,neuro dept,Low,99.1F,60.0,124/77,99.0,103,lightheaded on standing
V03089,P2375,2025-06-23,10.0,Female,lumbar pain,,Low,39.8C,85.0,111/88,97.0,116,pt reports lumbar pain
V03090,P2376,2025-05-01,53.0,male,sore throut,ent dept,Low,103.1F,85.0,149-100,100.0,76,pt reports throat ache
V03091,P2377,2025-03-08,7.0,male,fatigue,General Medicine,Low,37.8C,67.0,150-83,99.0,96,extreme tiredness
V03092,P2377,2025-03-08,7.0,male,fatigue,General Medicine,Low,39.7C,68.0,130 over 91,98.0,56,extreme tiredness
V03093,P2378,2025-08-17,7.0,M,Fatigue,cardiology,Medium,101.3F,90.0,134-66,95.0,43,extreme tiredness
V03094,P2379,2025-03-07,65.0,female,lumbar pain,,Low,38.4C,80.0,155/62,100.0,118,pt reports lumbar pain
V03095,P2380,2025-02-05,38.0,female,Fever,ER,Low,101.8F,68.0,154/67,99.0,64,pt reports fever and chills
V03096,P2381,2025-09-12,,female,chest pain,CARDIO,High,38.3C,100.0,157-94,93.0,15,chest pain since 2 hrs
V03097,P2382,2025-02-24,53.0,M,fevr,ER,Medium,104.5F,78.0,120 over 77,96.0,48,high fevr since yesterday
V03098,P2382,2025-07-14,53.0,M,stomach pain,General Medicine,Medium,36.4C,83.0,155-75,99.0,36,pain in lower abdomen
V03099,P2383,2025-11-06,84.0,M,head-ache,neuro dept,Low,36.4C,63.0,150 over 91,95.0,62,migraine like symptoms
V03100,P2384,2025-04-19,83.0,F,weakness,general medicine,Medium,39.2C,87.0,150-93,96.0,39,extreme tiredness
V03101,P2385,2025-04-10,,F,,Gen Med,Low,37.9C,63.0,146-87,95.0,64,pt reports weakness since 3 days
V03102,P2385,2025-05-07,28.0,F,Fever,Emergency,Medium,99.5F,88.0,158-97,96.0,48,pt reports fever and chills
V03103,P2386,2025-10-04,70.0,female,SOB,ER,Critical,103.8F,113.0,159-94,90.0,13,difficulty breathing since last night
V03104,P2387,2025-05-18,69.0,Female,N/V,,Low,37.3C,68.0,111/75,95.0,70,feeling sick after meals
V03105,P2388,2025-04-09,53.0,Female,HA,neuro dept,Low,38.6C,83.0,145/76,97.0,64,migraine like symptoms
V03106,P2389,2025-09-10,87.0,,cough,Pulmonology,Medium,101.5F,91.0,125-95,98.0,30,cough with mild fever
V03107,P2390,2025-12-13,28.0,female,abdominal pain,general medicine,Medium,102.9F,80.0,110/94,98.0,52,pain in lower abdomen
V03108,P2391,2025-02-20,21.0,Female,N/V,General Medicine,Medium,37.7C,98.0,112 over 95,96.0,53,pt reports N/V since last nite
V03109,P2392,2025-05-22,88.0,male,persistent cough,General Medicine,Medium,39.1C,84.0,154 over 94,96.0,26,cough with mild fever
V03110,P2393,2025-09-29,88.0,F,stomach pain,GI,Medium,104.2F,86.0,158 over 90,99.0,50,pt reports abd pain
V03111,P2394,2025-05-11,57.0,M,abdominal pain,Gen Med,Medium,100.0F,91.0,103/81,98.0,21,pt reports abd pain
V03112,P2395,2025-09-25,14.0,Male,Sore Throat,ent dept,Low,37.5C,80.0,148-87,100.0,106,sore throut since yesterday
V03113,P2395,2025-10-03,14.0,Male,abd pain,Gen Med,Medium,39.6C,82.0,124/91,98.0,54,stomach ache since last night
V03114,P2396,2025-12-11,29.0,M,hedache,,Low,99.1F,83.0,139/83,97.0,110,hedache for 3 days
V03115,P2397,2025-01-17,60.0,Male,high temp,Gen Med,Low,36.3C,72.0,119/85,100.0,40,pt reports fever and chills
V03116,P2398,2025-07-09,39.0,male,weakness,Cardio,Medium,39.2C,100.0,117-99,100.0,25,pt reports weakness since 3 days
V03117,P2399,2025-07-15,29.0,M,abdominal pain,,Medium,98.4F,75.0,105-82,99.0,50,pain in lower abdomen
V03118,P2400,2025-10-14,54.0,Female,fevr,A&E,Low,39.1C,82.0,101 over 93,100.0,60,pt reports fever and chills
V03119,P2400,2025-11-07,54.0,Female,Fever,Gen Med,Low,101.7F,,128/79,100.0,52,high fevr since yesterday
V03120,P2400,2025-08-03,54.0,Female,dizzy,General Medicine,Low,37.4C,69.0,100-78,96.0,106,pt feels dizzy since mornng
V03121,P2401,2025-11-06,5.0,M,nausea/vomiting,gastro dept,Low,36.5C,78.0,160 over 95,95.0,85,nausea with vomiting
V03122,P2402,2025-12-26,18.0,M,abdo pain,General Medicine,Medium,38.4C,85.0,108-96,95.0,57,stomach ache since last night
V03123,P2403,2025-10-01,74.0,Female,difficulty breathing,A&E,High,97.2F,110.0,123/70,90.0,19,breathlessness since morning
V03124,P2404,2025-12-24,72.0,M,Cough,Pulmo,Medium,36.6C,84.0,144 over 98,99.0,47,dry cough for 1 week
V03125,P2405,2025-03-27,57.0,Female,HA,Neuro,Medium,40.4C,78.0,154-92,96.0,59,migraine like symptoms
V03126,P2405,2025-12-07,57.0,Female,breathlessness,A&E,High,36.5C,100.0,104/94,92.0,19,difficulty breathing since last night
V03127,P2405,2025-03-28,,Female,nausea/vomiting,Gastroenterology,Low,38.8C,66.0,112 over 87,100.0,102,feeling sick after meals
V03128,P2406,2025-02-03,10.0,male,Fatigue,Gen Med,Medium,101.8F,81.0,127 over 98,99.0,57,extreme tiredness
V03129,P2407,2025-11-21,33.0,F,chest pain,Cardiology,Critical,104.2F,125.0,113-69,90.0,10,pt has chst pain frm morning
V03130,P2407,2025-09-03,,F,Head Ache,Neurology,Low,38.0C,62.0,138/91,,96,hedache for 3 days
V03131,P2408,2025-11-10,81.0,female,Fatigue,Gen Med,Low,37.6C,74.0,151/73,99.0,75,pt reports weakness since 3 days
V03132,P2409,2025-06-19,75.0,female,headache,neuro dept,Low,37.4C,70.0,126/82,95.0,111,severe headache since morning
V03133,P2410,2025-05-02,23.0,F,lower back pain,,Medium,103.5F,86.0,136/68,98.0,31,back pain while sitting
V03134,P2410,2025-01-12,23.0,F,fatigue,General Medicine,Medium,104.4F,79.0,109 over 80,99.0,49,fatigue and lethargy
V03135,P2411,2025-02-17,43.0,F,dizzy,Gen Med,Low,40.5C,66.0,143-85,95.0,48,pt feels dizzy since mornng
V03136,P2411,2025-03-30,43.0,F,abdominal pain,general medicine,Medium,38.8C,87.0,104/82,100.0,26,stomach ache since last night
V03137,P2412,2025-07-25,18.0,male,nausea/vomiting,Gen Med,Medium,98.4F,90.0,126 over 69,96.0,59,feeling sick after meals
V03138,P2413,2025-08-06,45.0,F,lumbar pain,A&E,Low,39.7C,85.0,104 over 80,97.0,48,pt reports lumbar pain
V03139,P2414,2025-05-30,,male,lethargy,General Medicine,Medium,102.7F,78.0,133 over 74,98.0,25,pt reports weakness since 3 days
V03140,P2415,2025-05-01,26.0,female,Fever,general medicine,Low,100.2F,79.0,110/97,96.0,102,pt reports fever and chills
V03141,P2416,2025-02-15,17.0,F,stomach pain,Gastro,Medium,39.4C,95.0,127-61,95.0,28,pt reports abd pain
V03142,P2417,2025-02-26,84.0,male,cough,Gen Med,Medium,37.1C,77.0,104-68,96.0,57,cough with mild fever
V03143,P2418,2025-08-05,42.0,F,nausea/vomiting,General Medicine,Medium,39.4C,99.0,151/69,96.0,59,nausea with vomiting
V03144,P2419,2025-06-06,56.0,M,nausea,general medicine,Low,37.1C,68.0,120-80,95.0,78,feeling sick after meals
V03145,P2420,2025-03-03,,male,weakness,Gen Med,Medium,104.0F,94.0,133 over 68,97.0,25,extreme tiredness
V03146,P2421,2025-02-18,54.0,Female,Cough,Gen Med,Low,37.2C,72.0,108 over 77,97.0,65,dry cough for 1 week
V03147,P2422,2025-03-12,72.0,M,breathlessness,Pulmo,High,99.5F,99.0,137-72,91.0,13,breathlessness since morning
V03148,P2423,2025-03-24,25.0,male,tiredness,,Low,37.6C,,125-97,96.0,55,extreme tiredness
V03149,P2424,2025-06-02,32.0,,dizzy,General Medicine,Low,38.5C,83.0,124-94,100.0,65,pt feels dizzy since mornng
V03150,P2425,2025-08-25,39.0,F,high temp,Emergency Dept,Medium,99.9F,82.0,104 over 64,97.0,50,body ache with fever
V03151,P2425,2025-03-16,39.0,F,fatigue,General Medicine,Medium,36.8C,81.0,141/85,99.0,40,pt reports weakness since 3 days
V03152,P2426,2025-06-19,89.0,Male,high temp,General Medicine,Medium,,83.0,124-95,95.0,45,body ache with fever
V03153,P2427,2025-08-27,67.0,male,vertigo,neuro dept,Low,101.3F,64.0,105-68,96.0,119,vertigo like symptoms
V03154,P2427,2025-05-16,67.0,male,lethargy,Gen Med,Low,37.7C,85.0,133/69,99.0,46,pt reports weakness since 3 days
V03155,P2428,2025-04-16,78.0,F,Head Ache,neuro dept,Medium,37.1C,88.0,102 over 94,97.0,49,hedache for 3 days
V03156,P2429,2025-10-17,34.0,Female,Chest Pain,,High,98.1F,116.0,107 over 81,90.0,26,chest pain since 2 hrs
V03157,P2429,2025-03-26,34.0,Female,abdominal pain,general medicine,Medium,104.7F,81.0,118/66,96.0,33,pt reports abd pain
V03158,P2430,2025-01-22,49.0,F,stomach pain,gastro dept,Medium,97.5F,84.0,145-91,100.0,21,stomach ache since last night
V03159,P2431,2025-10-28,,male,HA,Neurology,Medium,37.2C,86.0,126 over 85,95.0,35,migraine like symptoms
V03160,P2432,2025-08-01,56.0,female,stomach pain,Gen Med,Medium,104.4F,98.0,108-87,98.0,41,stomach ache since last night
V03161,P2432,2025-07-13,56.0,,lumbar pain,general medicine,Medium,104.7F,97.0,124/92,96.0,39,lower bak pain since 2 days
V03162,P2433,2025-05-20,46.0,Female,headache,Gen Med,Medium,98.8F,82.0,112/94,97.0,28,hedache for 3 days
V03163,P2433,2025-02-13,46.0,Female,dry cough,general medicine,Medium,39.9C,86.0,131/72,96.0,49,persistent coughing
V03164,P2434,2025-07-01,,male,headache,Neurology,Medium,103.5F,77.0,109 over 83,99.0,59,migraine like symptoms
V03165,P2435,2025-01-06,81.0,M,lumbar pain,A&E,Low,39.4C,64.0,139/69,99.0,68,pt reports lumbar pain
V03166,P2436,2025-01-23,17.0,Male,shortness of breath,Emergency Dept,Critical,37.1C,132.0,120/95,91.0,2,breathlessness since morning
V03167,P2437,2025-08-05,58.0,F,SOB,ER,Critical,103.3F,149.0,106-83,91.0,13,difficulty breathing since last night
V03168,P2437,2025-01-16,58.0,F,dry cough,Pulmo,Medium,37.0C,76.0,132 over 93,100.0,22,cough with mild fever
V03169,P2437,2025-07-18,58.0,F,sore throut,Gen Med,Low,37.6C,70.0,124 over 65,98.0,120,pt reports throat ache
V03170,P2438,2025-10-19,20.0,F,stomach pain,gastro dept,Medium,102.9F,86.0,123 over 85,99.0,22,stomach ache since last night
V03171,P2439,2025-12-27,85.0,female,throat ache,Gen Med,Low,103.6F,76.0,115/71,100.0,41,throat pain while swallowing
V03172,P2440,2025-07-19,42.0,female,headache,,Low,104.5F,79.0,114/93,97.0,40,migraine like symptoms
V03173,P2441,2025-05-26,15.0,Male,cough,general medicine,Low,99.7F,61.0,115 over 98,95.0,88,dry cough for 1 week
V03174,P2442,2025-07-09,36.0,female,feeling sick,general medicine,Medium,39.3C,80.0,152 over 95,,50,feeling sick after meals
V03175,P2443,2025-12-18,27.0,female,feeling sick,GI,Low,38.9C,70.0,118/87,97.0,73,pt reports N/V since last nite
V03176,P2443,2025-03-30,,,stomach pain,,Medium,36.7C,94.0,155 over 72,96.0,53,stomach ache since last night
V03177,P2444,2025-11-07,6.0,Male,chest pain,ER,High,100.9F,114.0,101 over 67,93.0,20,pt has chst pain frm morning
V03178,P2445,2025-01-02,71.0,Male,headache,Neurology,Medium,103.8F,84.0,133-98,95.0,55,migraine like symptoms
V03179,P2445,2025-12-23,71.0,Male,dizzy,Neuro,Low,103.6F,72.0,111/71,100.0,42,pt feels dizzy since mornng
V03180,P2446,2025-02-25,28.0,male,lethargy,cardiology,Medium,97.0F,87.0,123 over 66,98.0,36,fatigue and lethargy
V03181,P2446,2025-02-13,28.0,male,stomach pain,Gastroenterology,Medium,102.4F,96.0,145/68,99.0,24,pain in lower abdomen
V03182,P2447,2025-01-17,52.0,Female,CHEST PAIN,,Critical,37.1C,139.0,103/73,92.0,2,chest pain since 2 hrs
V03183,P2447,2025-03-23,52.0,Female,chest pain,Cardio,High,,97.0,149 over 90,92.0,26,pain in chest while walking
V03184,P2448,2025-11-04,40.0,F,sore throat,Ear Nose Throat,Low,38.4C,77.0,125-95,99.0,42,throat pain while swallowing
V03185,P2449,2025-03-09,33.0,Female,lower back pain,Emergency,Medium,37.7C,95.0,103 over 63,100.0,25,pt reports lumbar pain
V03186,P2449,2025-06-27,,Female,lower back pain,general medicine,Low,103.5F,76.0,127-84,95.0,104,pt reports lumbar pain
V03187,P2450,2025-03-29,10.0,Male,HA,Neuro,Medium,97.5F,85.0,119/91,98.0,20,severe headache since morning
V03188,P2451,2025-09-22,41.0,M,Fever,Gen Med,Medium,101.1F,91.0,108 over 78,99.0,52,body ache with fever
V03189,P2452,2025-01-22,20.0,male,throat pain,General Medicine,Low,102.6F,68.0,140 over 70,100.0,101,pt reports throat ache
V03190,P2453,2025-09-26,89.0,female,dizziness,neuro dept,Medium,36.9C,99.0,116 over 73,96.0,56,pt feels dizzy since mornng
V03191,P2454,2025-06-29,,F,fatigue,CARDIO,Medium,38.4C,95.0,150 over 76,96.0,20,extreme tiredness
V03192,P2455,2025-10-23,14.0,male,Back Pain,ER,Medium,38.6C,93.0,116/69,97.0,31,back pain while sitting
V03193,P2456,2025-05-08,57.0,Female,high fever,general medicine,Low,39.8C,85.0,143-81,97.0,89,pt reports fever and chills
V03194,P2457,2025-03-25,37.0,Male,HA,general medicine,Low,99.1F,84.0,130 over 97,95.0,55,hedache for 3 days
V03195,P2458,2025-01-23,57.0,Male,nausea/vomiting,Gastroenterology,Medium,38.5C,81.0,152/73,95.0,20,feeling sick after meals
V03196,P2459,2025-10-26,40.0,Male,persistent cough,general medicine,Low,37.6C,83.0,145 over 85,98.0,79,persistent coughing
V03197,P2460,2025-11-15,8.0,F,nausea,gastro dept,Medium,104.4F,81.0,113 over 71,96.0,21,feeling sick after meals
V03198,P2461,2025-04-10,79.0,M,CHEST PAIN,Emergency,Critical,100.2F,114.0,134-77,87.0,14,chest pain since 2 hrs
V03199,P2462,2025-04-24,59.0,Female,abd pain,general medicine,Medium,100.2F,88.0,110/95,97.0,50,stomach ache since last night
V03200,P2463,2025-11-16,20.0,F,high temp,ER,Low,37.8C,80.0,151/60,99.0,81,body ache with fever
V03201,P2464,2025-07-28,16.0,Female,Dizziness,Neuro,Medium,37.4C,94.0,107/100,98.0,53,lightheaded on standing
V03202,P2465,2025-11-19,4.0,male,stomach pain,Gastroenterology,Medium,102.7F,97.0,157/71,95.0,59,stomach ache since last night
V03203,P2466,2025-10-26,10.0,F,HA,General Medicine,Low,97.5F,64.0,133 over 64,100.0,119,migraine like symptoms
V03204,P2467,2025-10-02,1.0,M,hedache,neuro dept,Medium,37.0C,81.0,108 over 68,100.0,35,hedache for 3 days
V03205,P2468,2025-02-04,51.0,Male,hedache,Neuro,Medium,38.9C,92.0,122 over 77,96.0,33,severe headache since morning
V03206,P2469,2025-02-24,23.0,male,high temp,A&E,Low,37.0C,83.0,122 over 87,100.0,64,body ache with fever
V03207,P2469,2025-03-21,23.0,male,Back Pain,general medicine,Low,36.4C,68.0,115/95,98.0,87,pt reports lumbar pain
V03208,P2470,2025-10-29,5.0,Male,lightheaded,neuro dept,Low,36.9C,80.0,127/65,98.0,45,pt feels dizzy since mornng
V03209,P2471,2025-03-28,38.0,female,CHEST PAIN,cardiology,High,102.4F,112.0,122 over 87,96.0,13,pain in chest while walking
V03210,P2472,2025-07-11,67.0,male,Dizziness,Neuro,Medium,103.8F,85.0,144 over 84,100.0,39,lightheaded on standing
V03211,P2473,2025-04-12,,Female,abd pain,Gastroenterology,Medium,37.2C,75.0,112-84,97.0,22,pt reports abd pain
V03212,P2474,2025-03-26,69.0,Female,chst pain,CARDIO,High,37.4C,105.0,154-73,96.0,14,pain in chest while walking
V03213,P2474,2025-09-25,,Female,fatigue,general medicine,Low,36.7C,63.0,122-82,97.0,61,pt reports weakness since 3 days
V03214,P2475,2025-08-10,13.0,M,stomach pain,general medicine,Medium,37.9C,86.0,105-78,97.0,48,stomach ache since last night
V03215,P2476,2025-07-24,29.0,female,fatigue,Gen Med,Low,37.7C,62.0,106 over 80,100.0,55,extreme tiredness
V03216,P2477,2025-09-19,81.0,,HA,Neuro,Low,101.1F,65.0,157 over 82,95.0,43,migraine like symptoms
V03217,P2478,2025-08-31,14.0,male,fatigue,Gen Med,Low,100.0F,77.0,105/91,100.0,83,extreme tiredness
V03218,P2479,2025-03-17,,M,abdominal pain,general medicine,Medium,101.8F,91.0,145-65,99.0,45,pain in lower abdomen
V03219,P2480,2025-08-07,10.0,male,Chest Pain,ER,High,100.9F,100.0,140 over 84,91.0,13,pain in chest while walking
V03220,P2481,2025-04-29,82.0,Female,chst pain,Emergency,Critical,37.9C,114.0,123-94,90.0,0,pain in chest while walking
V03221,P2481,2025-06-03,82.0,Female,Dizziness,general medicine,Low,103.6F,84.0,154/95,97.0,100,pt feels dizzy since mornng
V03222,P2481,2025-10-20,82.0,Female,high fever,General Medicine,Low,97.9F,68.0,151/62,97.0,81,pt reports fever and chills
V03223,P2482,2025-01-09,,M,Dizziness,Neuro,Low,98.4F,74.0,111/89,95.0,71,lightheaded on standing
V03224,P2483,2025-02-25,25.0,male,abdominal pain,Gastro,Medium,37.1C,98.0,134 over 81,97.0,57,pt reports abd pain
V03225,P2484,2025-03-29,25.0,M,bak pain,A&E,Low,38.4C,63.0,107 over 90,99.0,89,lower bak pain since 2 days
V03226,P2484,2025-08-31,25.0,M,lower back pain,Emergency,Medium,38.9C,100.0,102-65,95.0,44,pt reports lumbar pain
V03227,P2485,2025-10-09,31.0,M,lightheaded,,Low,37.9C,70.0,129/85,99.0,59,lightheaded on standing
V03228,P2485,2025-07-21,31.0,M,coughing,Pulmonology,Low,101.7F,85.0,142/69,96.0,93,cough with mild fever
V03229,P2486,2025-12-13,48.0,Female,chst pain,cardiology,High,98.2F,107.0,140-67,90.0,24,chest pain since 2 hrs
V03230,P2487,2025-08-02,40.0,,persistent cough,,Medium,38.0C,99.0,109/92,100.0,59,persistent coughing
V03231,P2488,2025-12-09,13.0,female,Chest Pain,Cardiology,Critical,102.6F,141.0,137-63,85.0,13,pain in chest while walking
V03232,P2488,2025-05-26,13.0,,HA,general medicine,Medium,39.4C,95.0,150/94,95.0,41,migraine like symptoms
V03233,P2488,2025-11-24,13.0,female,dry cough,pulmonology,Low,39.7C,84.0,123-73,95.0,50,dry cough for 1 week
V03234,P2489,2025-04-23,76.0,F,,general medicine,Medium,38.9C,86.0,126 over 84,95.0,44,dry cough for 1 week
V03235,P2490,2025-10-16,12.0,Female,difficulty breathing,A&E,Critical,103.6F,146.0,123-75,83.0,0,breathlessness since morning
V03236,P2490,2025-01-15,12.0,Female,abd pain,General Medicine,Medium,38.9C,97.0,140-68,97.0,57,pain in lower abdomen
V03237,P2491,2025-03-17,,male,cough,,Medium,98.8F,99.0,155/89,95.0,37,dry cough for 1 week
V03238,P2491,2025-10-25,68.0,male,coughing,Gen Med,Medium,36.8C,87.0,155/87,100.0,25,dry cough for 1 week
V03239,P2492,2025-08-07,41.0,Female,abd pain,GI,Medium,36.6C,80.0,108 over 97,96.0,29,pain in lower abdomen
V03240,P2493,2025-09-13,,female,Sore Throat,General Medicine,Low,97.7F,65.0,134/62,98.0,71,sore throut since yesterday
V03241,P2494,2025-10-25,50.0,male,coughing,pulmonology,Medium,100.4F,83.0,157 over 93,99.0,50,cough with mild fever
V03242,P2495,2025-04-27,11.0,male,Chest Pain,Emergency Dept,Critical,39.3C,145.0,109 over 81,89.0,9,pain in chest while walking
V03243,P2496,2025-10-16,7.0,female,chst pain,A&E,High,39.0C,117.0,112-64,93.0,12,chest pain since 2 hrs
V03244,P2496,2025-08-31,7.0,female,chestpain,cardiology,High,37.5C,110.0,153 over 82,93.0,10,pain in chest while walking
V03245,P2497,2025-01-02,9.0,Male,head-ache,Neuro,Medium,38.9C,89.0,120 over 67,100.0,48,severe headache since morning
V03246,P2498,2025-06-04,45.0,Male,persistent cough,Pulmo,Medium,39.1C,80.0,148-69,97.0,38,cough with mild fever
V03247,P2498,2025-11-11,45.0,Male,fever,ER,Low,36.8C,65.0,138 over 67,99.0,45,body ache with fever
V03248,P2499,2025-01-12,62.0,M,Fatigue,Gen Med,Medium,39.5C,76.0,120/92,98.0,55,pt reports weakness since 3 days
V03249,P2499,2025-08-02,62.0,M,HA,Gen Med,Medium,98.8F,85.0,146/71,98.0,23,severe headache since morning
V03250,P2500,2025-04-13,71.0,Female,CHEST PAIN,Emergency,High,39.6C,98.0,147-86,93.0,23,pain in chest while walking
V02397,P1842,2025-12-16,66.0,female,chest pain,CARDIO,Critical,37.6C,122.0,119 over 65,87.0,11,chest pain since 2 hrs
V01736,P1330,2025-10-22,48.0,F,CHEST PAIN,ER,High,100.8F,116.0,120-92,92.0,15,pain in chest while walking
V02006,P1535,2025-04-21,38.0,female,dizziness,Neurology,Medium,38.1C,77.0,158/65,96.0,54,pt feels dizzy since mornng
V00322,P0242,2025-08-12,1.0,Male,lumbar pain,general medicine,Low,36.1C,73.0,133-99,99.0,99,pt reports lumbar pain
V02929,P2254,2025-05-01,,M,tiredness,Gen Med,Low,36.1C,62.0,143-63,98.0,120,extreme tiredness
V01081,P0833,2025-02-23,,female,abdominal pain,General Medicine,Medium,100.0F,92.0,157 over 74,98.0,55,stomach ache since last night
V03200,P2463,2025-11-16,20.0,F,high temp,ER,Low,37.8C,80.0,151/60,99.0,81,body ache with fever
V02779,P2134,2025-01-09,22.0,Female,lumbar pain,Emergency,Medium,38.3C,,115 over 68,96.0,57,back pain while sitting
V01316,P1012,2025-06-13,28.0,F,Head Ache,General Medicine,Low,39.9C,69.0,139/76,95.0,108,severe headache since morning
V01004,P0773,2025-08-11,76.0,F,difficulty breathing,Pulmo,Critical,100.6F,120.0,104 over 65,92.0,5,sob while walking
V00230,P0175,2025-01-22,73.0,male,fever,Gen Med,Medium,102.4F,92.0,121 over 64,97.0,35,pt reports fever and chills
V02996,P2301,2025-04-08,34.0,M,persistent cough,Pulmonology,Medium,97.5F,77.0,120/77,96.0,37,cough with mild fever
V02639,P2027,2025-01-04,63.0,male,lethargy,Gen Med,Low,101.8F,82.0,144 over 80,96.0,112,pt reports weakness since 3 days
V01710,P1311,2025-01-16,33.0,Female,back pain,Emergency Dept,Low,39.3C,82.0,117 over 77,99.0,99,lower bak pain since 2 days
V00315,P0236,2025-06-30,76.0,M,tiredness,Cardiology,Low,103.5F,75.0,121/75,100.0,80,pt reports weakness since 3 days
V02390,P1838,2025-03-23,42.0,Male,abd pain,General Medicine,Medium,102.7F,75.0,144 over 84,96.0,38,pt reports abd pain
V02504,P1921,2025-10-15,61.0,female,Fever,Emergency,Low,37.4C,84.0,116-75,97.0,103,high fevr since yesterday
V02630,P2020,2025-03-02,53.0,Female,Fever,,Low,36.3C,60.0,148/84,98.0,83,high fevr since yesterday
V00486,P0375,2025-02-14,9.0,M,dry cough,Pulmo,Medium,103.5F,95.0,119/98,95.0,27,dry cough for 1 week
V01546,P1188,2025-03-02,84.0,Female,fevr,Emergency,Medium,37.4C,98.0,146/96,98.0,20,body ache with fever
V01731,P1326,2025-02-22,1.0,M,abdominal pain,GI,Medium,97.0F,89.0,127/71,97.0,43,pain in lower abdomen
V01382,P1061,2025-07-23,10.0,female,fevr,general medicine,Medium,101.5F,95.0,121-92,99.0,26,pt reports fever and chills
V00762,P0581,2025-03-14,59.0,Female,nausea/vomiting,general medicine,Low,36.2C,62.0,143 over 90,95.0,69,pt reports N/V since last nite
V00332,P0250,2025-06-27,36.0,female,dizziness,Neurology,Low,40.3C,79.0,138-96,96.0,64,lightheaded on standing
V01798,P1378,2025-08-15,35.0,Female,nausea,General Medicine,Low,39.8C,81.0,125 over 68,98.0,56,nausea with vomiting
V00464,P0356,2025-03-26,48.0,male,Cough,Pulmonology,Low,39.3C,83.0,100-76,100.0,41,persistent coughing
V01065,P0819,2025-12-03,23.0,F,tiredness,Gen Med,Medium,39.9C,100.0,154/98,100.0,40,extreme tiredness
V02677,P2057,2025-01-01,55.0,Female,chestpain,Cardiology,Critical,38.7C,130.0,135/60,92.0,9,chest pain since 2 hrs
V00480,P0370,2025-11-11,2.0,F,throat ache,ENT,Low,97.3F,78.0,123-65,100.0,118,throat pain while swallowing
V01058,P0813,2025-01-17,41.0,F,Nausea,General Medicine,Medium,38.3C,84.0,101 over 88,100.0,51,feeling sick after meals
V03058,P2352,2025-03-01,8.0,F,lightheaded,Gen Med,Medium,99.0F,90.0,115 over 78,97.0,51,vertigo like symptoms
V02576,P1976,2025-11-27,70.0,male,high temp,Emergency Dept,Low,103.8F,62.0,129 over 68,96.0,45,body ache with fever
V02577,P1977,2025-11-09,63.0,Female,Sore Throat,general medicine,Low,36.1C,61.0,111-90,96.0,82,pt reports throat ache
V00031,P0025,2025-01-15,87.0,female,nausea/vomiting,general medicine,Medium,39.8C,96.0,101/62,100.0,28,nausea with vomiting
V00135,P0102,2025-12-26,3.0,male,vertigo,General Medicine,Low,39.1C,76.0,102 over 82,97.0,110,pt feels dizzy since mornng
V00185,P0140,2025-01-12,36.0,Male,persistent cough,Pulmo,Medium,102.0F,85.0,108 over 74,99.0,47,cough with mild fever
V00071,P0054,2025-07-10,62.0,F,breathlessness,Pulmonology,Critical,103.1F,121.0,151/76,88.0,11,difficulty breathing since last night
V01107,P0855,2025-09-10,,F,high temp,Emergency Dept,Medium,102.0F,76.0,125 over 67,97.0,37,body ache with fever
V00140,P0107,2025-08-10,32.0,male,Dizziness,Gen Med,Low,103.3F,72.0,157 over 81,100.0,80,vertigo like symptoms
V01408,P1083,2025-02-20,24.0,male,head-ache,General Medicine,Medium,38.8C,82.0,113-91,99.0,46,severe headache since morning
V03244,P2496,2025-08-31,7.0,female,chestpain,cardiology,High,37.5C,110.0,153 over 82,93.0,10,pain in chest while walking
V00280,P0212,2025-11-14,71.0,Male,stomach pain,Gastroenterology,Medium,37.5C,92.0,145-70,97.0,35,pain in lower abdomen
V00611,P0465,2025-03-11,48.0,female,throat ache,Ear Nose Throat,Low,38.9C,64.0,121/90,99.0,58,sore throut since yesterday
V00290,P0219,2025-08-24,28.0,F,Fatigue,Cardio,Medium,36.3C,94.0,121/87,100.0,40,pt reports weakness since 3 days
V00904,P0698,2025-05-29,3.0,female,back pain,General Medicine,Low,38.5C,72.0,120 over 84,98.0,97,back pain while sitting
V00333,P0251,2025-09-06,12.0,Male,back pain,general medicine,Low,102.7F,67.0,107 over 63,96.0,61,pt reports lumbar pain
V01507,P1158,2025-02-14,28.0,Female,headache,Neuro,Medium,100.8F,97.0,107-77,95.0,44,severe headache since morning
V02740,P2106,2025-01-12,70.0,F,high temp,Emergency Dept,Low,38.0C,65.0,153-81,99.0,77,high fevr since yesterday
V02058,P1575,2025-10-25,2.0,M,dry cough,pulmonology,Medium,36.2C,84.0,153/64,96.0,23,cough with mild fever
V01657,P1271,2025-06-25,29.0,male,dizziness,general medicine,Medium,103.3F,78.0,103 over 82,95.0,59,lightheaded on standing
V02728,P2097,2025-04-20,16.0,female,abdominal pain,Gen Med,Medium,,87.0,105/74,99.0,46,pain in lower abdomen
V02180,P1669,2025-05-19,7.0,F,lower back pain,General Medicine,Low,100.4F,72.0,120-60,99.0,87,lower bak pain since 2 days
V00184,P0140,2025-05-31,36.0,,lumbar pain,A&E,Low,100.8F,60.0,117 over 89,96.0,55,back pain while sitting
V01779,P1363,2025-05-29,67.0,M,abdo pain,Gastro,Medium,36.5C,96.0,127-99,,21,pt reports abd pain
V00255,P0195,2025-01-23,3.0,F,shortness of breath,Emergency Dept,Critical,100.8F,134.0,150 over 96,91.0,15,sob while walking
V00153,P0117,2025-06-05,40.0,M,abd pain,general medicine,Medium,99.1F,91.0,143 over 97,98.0,26,pt reports abd pain
V00496,P0383,2025-08-09,6.0,F,fever,Emergency Dept,Low,39.4C,84.0,112-85,99.0,42,high fevr since yesterday
V02222,P1703,2025-12-03,90.0,M,,Pulmonology,Medium,98.6F,94.0,152-81,98.0,43,dry cough for 1 week
V00193,P0146,2025-11-05,83.0,Female,dry cough,Pulmonology,Low,40.4C,76.0,157 over 79,95.0,76,cough with mild fever
V02529,P1939,2025-08-15,40.0,F,dizziness,General Medicine,Medium,99.5F,82.0,142 over 72,98.0,25,lightheaded on standing
V00843,P0651,2025-07-31,20.0,Male,Chest Pain,A&E,High,97.7F,104.0,104-75,91.0,13,pt has chst pain frm morning
V03120,P2400,2025-08-03,54.0,Female,dizzy,General Medicine,Low,37.4C,69.0,100-78,96.0,106,pt feels dizzy since mornng
V03025,P2327,2025-07-28,57.0,M,tiredness,cardiology,Low,36.7C,63.0,115/65,97.0,43,extreme tiredness
V00264,P0200,2025-03-17,11.0,Female,fatigue,cardiology,Medium,98.4F,79.0,124 over 66,98.0,50,pt reports weakness since 3 days
V00679,P0519,2025-04-02,,M,vertigo,neuro dept,Medium,39.1C,79.0,142 over 60,98.0,56,pt feels dizzy since mornng
